mmsi,timestamp,lat,lon
100000001,2026-09-06 00:00:00,18.924908023769472,72.73767857660248
100000002,2026-09-06 00:00:00,18.88120372808849,72.53899863008405
100000003,2026-09-06 00:00:00,18.970223002348643,72.67701814444901
100000004,2026-09-06 00:00:00,19.016488528160085,72.55308477766957
100000005,2026-09-06 00:00:00,18.91084844859191,72.63118910790806
100000006,2026-09-06 00:00:00,18.972370578944478,72.53487346516302
100000007,2026-09-06 00:00:00,18.94121399684341,72.69629399034825
100000008,2026-09-06 00:00:00,18.96848291377241,72.51161260318
100000009,2026-09-06 00:00:00,18.86301031859706,72.73722138431333
100000010,2026-09-06 00:00:00,18.910922753834676,72.5244180285016
999999999,2026-09-06 00:00:00,18.85,72.65
100000001,2026-09-06 00:05:00,18.92629998742034,72.73827052750767
100000002,2026-09-06 00:05:00,18.8785522297615,72.5411956869587
100000003,2026-09-06 00:05:00,18.967346509314417,72.67983760356198
100000004,2026-09-06 00:05:00,19.014579477963327,72.55118520472868
100000005,2026-09-06 00:05:00,18.91044011870376,72.62993648274924
100000006,2026-09-06 00:05:00,18.97112344683569,72.53407163622278
100000007,2026-09-06 00:05:00,18.93941203953636,72.69637939697873
100000008,2026-09-06 00:05:00,18.969128182883818,72.50963574792212
100000009,2026-09-06 00:05:00,18.865804110795505,72.73907176840203
100000010,2026-09-06 00:05:00,18.91202815199375,72.52405894346404
999999999,2026-09-06 00:05:00,18.852083333333336,72.65208333333334
100000001,2026-09-06 00:10:00,18.92769195107121,72.73886247841284
100000002,2026-09-06 00:10:00,18.87590073143451,72.54339274383335
100000003,2026-09-06 00:10:00,18.964470016280192,72.68265706267495
100000004,2026-09-06 00:10:00,19.01267042776657,72.54928563178781
100000005,2026-09-06 00:10:00,18.910031788815616,72.62868385759043
100000006,2026-09-06 00:10:00,18.9698763147269,72.53326980728254
100000007,2026-09-06 00:10:00,18.93761008222931,72.69646480360922
100000008,2026-09-06 00:10:00,18.969773451995227,72.50765889266424
100000009,2026-09-06 00:10:00,18.868597902993955,72.74092215249073
100000010,2026-09-06 00:10:00,18.91313355015282,72.52369985842647
999999999,2026-09-06 00:10:00,18.854166666666668,72.65416666666667
100000001,2026-09-06 00:15:00,18.929083914722078,72.73945442931803
100000002,2026-09-06 00:15:00,18.87324923310752,72.545589800708
100000003,2026-09-06 00:15:00,18.961593523245966,72.68547652178792
100000004,2026-09-06 00:15:00,19.010761377569814,72.54738605884693
100000005,2026-09-06 00:15:00,18.909623458927467,72.62743123243162
100000006,2026-09-06 00:15:00,18.968629182618113,72.5324679783423
100000007,2026-09-06 00:15:00,18.93580812492226,72.69655021023969
100000008,2026-09-06 00:15:00,18.970418721106636,72.50568203740637
100000009,2026-09-06 00:15:00,18.8713916951924,72.74277253657942
100000010,2026-09-06 00:15:00,18.914238948311894,72.52334077338891
999999999,2026-09-06 00:15:00,18.856250000000003,72.65625
100000001,2026-09-06 00:20:00,18.930475878372945,72.7400463802232
100000002,2026-09-06 00:20:00,18.870597734780528,72.54778685758265
100000003,2026-09-06 00:20:00,18.95871703021174,72.68829598090089
100000004,2026-09-06 00:20:00,19.008852327373056,72.54548648590605
100000005,2026-09-06 00:20:00,18.90921512903932,72.6261786072728
100000006,2026-09-06 00:20:00,18.967382050509322,72.53166614940207
100000007,2026-09-06 00:20:00,18.93400616761521,72.69663561687018
100000008,2026-09-06 00:20:00,18.971063990218042,72.5037051821485
100000009,2026-09-06 00:20:00,18.87418548739085,72.74462292066812
100000010,2026-09-06 00:20:00,18.915344346470967,72.52298168835135
999999999,2026-09-06 00:20:00,18.858333333333334,72.65833333333333
100000001,2026-09-06 00:25:00,18.931867842023813,72.7406383311284
100000002,2026-09-06 00:25:00,18.867946236453538,72.5499839144573
100000003,2026-09-06 00:25:00,18.95584053717752,72.69111544001387
100000004,2026-09-06 00:25:00,19.006943277176298,72.54358691296517
100000005,2026-09-06 00:25:00,18.908806799151172,72.624925982114
100000006,2026-09-06 00:25:00,18.966134918400535,72.53086432046183
100000007,2026-09-06 00:25:00,18.93220421030816,72.69672102350066
100000008,2026-09-06 00:25:00,18.97170925932945,72.50172832689061
100000009,2026-09-06 00:25:00,18.876979279589296,72.74647330475682
100000010,2026-09-06 00:25:00,18.91644974463004,72.52262260331379
999999999,2026-09-06 00:25:00,18.86041666666667,72.66041666666668
100000001,2026-09-06 00:30:00,18.933259805674684,72.74123028203357
100000002,2026-09-06 00:30:00,18.865294738126547,72.55218097133195
100000003,2026-09-06 00:30:00,18.952964044143293,72.69393489912684
100000004,2026-09-06 00:30:00,19.00503422697954,72.5416873400243
100000005,2026-09-06 00:30:00,18.908398469263027,72.62367335695518
100000006,2026-09-06 00:30:00,18.964887786291747,72.53006249152159
100000007,2026-09-06 00:30:00,18.93040225300111,72.69680643013115
100000008,2026-09-06 00:30:00,18.97235452844086,72.49975147163273
100000009,2026-09-06 00:30:00,18.879773071787742,72.74832368884552
100000010,2026-09-06 00:30:00,18.917555142789112,72.52226351827622
999999999,2026-09-06 00:30:00,18.8625,72.66250000000001
100000001,2026-09-06 00:35:00,18.93465176932555,72.74182223293876
100000002,2026-09-06 00:35:00,18.862643239799553,72.5543780282066
100000003,2026-09-06 00:35:00,18.950087551109068,72.69675435823982
100000004,2026-09-06 00:35:00,19.003125176782785,72.53978776708341
100000005,2026-09-06 00:35:00,18.907990139374878,72.62242073179637
100000006,2026-09-06 00:35:00,18.963640654182957,72.52926066258135
100000007,2026-09-06 00:35:00,18.92860029569406,72.69689183676162
100000008,2026-09-06 00:35:00,18.97299979755227,72.49777461637487
100000009,2026-09-06 00:35:00,18.88256686398619,72.75017407293421
100000010,2026-09-06 00:35:00,18.918660540948185,72.52190443323866
999999999,2026-09-06 00:35:00,18.864583333333336,72.66458333333334
100000001,2026-09-06 00:40:00,18.93604373297642,72.74241418384393
100000002,2026-09-06 00:40:00,18.859991741472562,72.55657508508125
100000003,2026-09-06 00:40:00,18.947211058074842,72.69957381735279
100000004,2026-09-06 00:40:00,19.001216126586026,72.53788819414254
100000005,2026-09-06 00:40:00,18.907581809486732,72.62116810663757
100000006,2026-09-06 00:40:00,18.96239352207417,72.52845883364111
100000007,2026-09-06 00:40:00,18.92679833838701,72.69697724339211
100000008,2026-09-06 00:40:00,18.97364506666368,72.49579776111699
100000009,2026-09-06 00:40:00,18.885360656184638,72.75202445702293
100000010,2026-09-06 00:40:00,18.919765939107258,72.5215453482011
999999999,2026-09-06 00:40:00,18.866666666666667,72.66666666666667
100000001,2026-09-06 00:45:00,18.937435696627286,72.74300613474912
100000002,2026-09-06 00:45:00,18.857340243145572,72.5587721419559
100000003,2026-09-06 00:45:00,18.944334565040617,72.70239327646576
100000004,2026-09-06 00:45:00,18.999307076389268,72.53598862120165
100000005,2026-09-06 00:45:00,18.907173479598583,72.61991548147876
100000006,2026-09-06 00:45:00,18.96114638996538,72.52765700470087
100000007,2026-09-06 00:45:00,18.92499638107996,72.69706265002259
100000008,2026-09-06 00:45:00,18.974290335775088,72.49382090585911
100000009,2026-09-06 00:45:00,18.888154448383084,72.75387484111162
100000010,2026-09-06 00:45:00,18.920871337266334,72.52118626316354
999999999,2026-09-06 00:45:00,18.868750000000002,72.66875
100000001,2026-09-06 00:50:00,18.938827660278157,72.7435980856543
100000002,2026-09-06 00:50:00,18.85468874481858,72.56096919883055
100000003,2026-09-06 00:50:00,18.94145807200639,72.70521273557873
100000004,2026-09-06 00:50:00,18.99739802619251,72.53408904826077
100000005,2026-09-06 00:50:00,18.906765149710438,72.61866285631994
100000006,2026-09-06 00:50:00,18.95989925785659,72.52685517576064
100000007,2026-09-06 00:50:00,18.92319442377291,72.69714805665306
100000008,2026-09-06 00:50:00,18.974935604886493,72.49184405060123
100000009,2026-09-06 00:50:00,18.890948240581533,72.75572522520032
100000010,2026-09-06 00:50:00,18.921976735425407,72.52082717812597
999999999,2026-09-06 00:50:00,18.870833333333334,72.67083333333333
100000001,2026-09-06 00:55:00,18.940219623929025,72.74419003655949
100000002,2026-09-06 00:55:00,18.85203724649159,72.5631662557052
100000003,2026-09-06 00:55:00,18.938581578972165,72.7080321946917
100000004,2026-09-06 00:55:00,18.995488975995755,72.5321894753199
100000005,2026-09-06 00:55:00,18.90635681982229,72.61741023116113
100000006,2026-09-06 00:55:00,18.958652125747804,72.5260533468204
100000007,2026-09-06 00:55:00,18.92139246646586,72.69723346328355
100000008,2026-09-06 00:55:00,18.975580873997902,72.48986719534336
100000009,2026-09-06 00:55:00,18.89374203277998,72.75757560928902
100000010,2026-09-06 00:55:00,18.92308213358448,72.52046809308841
999999999,2026-09-06 00:55:00,18.87291666666667,72.67291666666667
100000001,2026-09-06 01:00:00,18.941611587579892,72.74478198746466
100000002,2026-09-06 01:00:00,18.8493857481646,72.56536331257985
100000003,2026-09-06 01:00:00,18.93570508593794,72.71085165380467
100000004,2026-09-06 01:00:00,18.993579925798997,72.53028990237901
100000005,2026-09-06 01:00:00,18.905948489934143,72.61615760600232
100000006,2026-09-06 01:00:00,18.957404993639013,72.52525151788016
100000007,2026-09-06 01:00:00,18.919590509158812,72.69731886991403
100000008,2026-09-06 01:00:00,18.97622614310931,72.48789034008549
100000009,2026-09-06 01:00:00,18.89653582497843,72.75942599337772
100000010,2026-09-06 01:00:00,18.924187531743552,72.52010900805085
999999999,2026-09-06 01:00:00,18.875,72.67500000000001
100000001,2026-09-06 01:05:00,18.943003551230763,72.74537393836985
100000002,2026-09-06 01:05:00,18.84673424983761,72.5675603694545
100000003,2026-09-06 01:05:00,18.932828592903714,72.71367111291764
100000004,2026-09-06 01:05:00,18.99167087560224,72.52839032943814
100000005,2026-09-06 01:05:00,18.905540160045994,72.6149049808435
100000006,2026-09-06 01:05:00,18.956157861530226,72.52444968893992
100000007,2026-09-06 01:05:00,18.91778855185176,72.69740427654452
100000008,2026-09-06 01:05:00,18.97687141222072,72.4859134848276
100000009,2026-09-06 01:05:00,18.899329617176875,72.76127637746642
100000010,2026-09-06 01:05:00,18.925292929902625,72.5197499230133
999999999,2026-09-06 01:05:00,18.877083333333335,72.67708333333334
100000001,2026-09-06 01:10:00,18.94439551488163,72.74596588927503
100000002,2026-09-06 01:10:00,18.84408275151062,72.56975742632915
100000003,2026-09-06 01:10:00,18.92995209986949,72.71649057203062
100000004,2026-09-06 01:10:00,18.98976182540548,72.52649075649725
100000005,2026-09-06 01:10:00,18.90513183015785,72.61365235568469
100000006,2026-09-06 01:10:00,18.954910729421435,72.52364785999968
100000007,2026-09-06 01:10:00,18.915986594544712,72.697489683175
100000008,2026-09-06 01:10:00,18.97751668133213,72.48393662956973
100000009,2026-09-06 01:10:00,18.90212340937532,72.76312676155511
100000010,2026-09-06 01:10:00,18.926398328061698,72.51939083797572
999999999,2026-09-06 01:10:00,18.879166666666666,72.67916666666667
100000001,2026-09-06 01:15:00,18.9457874785325,72.74655784018022
100000002,2026-09-06 01:15:00,18.84143125318363,72.5719544832038
100000003,2026-09-06 01:15:00,18.927075606835267,72.71931003114359
100000004,2026-09-06 01:15:00,18.987852775208726,72.52459118355638
100000005,2026-09-06 01:15:00,18.9047235002697,72.61239973052588
100000006,2026-09-06 01:15:00,18.953663597312648,72.52284603105944
100000007,2026-09-06 01:15:00,18.91418463723766,72.69757508980548
100000008,2026-09-06 01:15:00,18.97816195044354,72.48195977431186
100000009,2026-09-06 01:15:00,18.90491720157377,72.76497714564381
100000010,2026-09-06 01:15:00,18.92750372622077,72.51903175293816
999999999,2026-09-06 01:15:00,18.88125,72.68125
100000001,2026-09-06 01:20:00,18.947179442183366,72.74714979108539
100000002,2026-09-06 01:20:00,18.83877975485664,72.57415154007845
100000003,2026-09-06 01:20:00,18.92419911380104,72.72212949025656
100000004,2026-09-06 01:20:00,18.985943725011968,72.5226916106155
100000005,2026-09-06 01:20:00,18.904315170381555,72.61114710536707
100000006,2026-09-06 01:20:00,18.952416465203857,72.5220442021192
100000007,2026-09-06 01:20:00,18.912382679930612,72.69766049643596
100000008,2026-09-06 01:20:00,18.978807219554948,72.47998291905398
100000009,2026-09-06 01:20:00,18.907710993772216,72.76682752973251
100000010,2026-09-06 01:20:00,18.928609124379843,72.5186726679006
999999999,2026-09-06 01:20:00,18.883333333333333,72.68333333333334
100000001,2026-09-06 01:25:00,18.948571405834237,72.74774174199058
100000002,2026-09-06 01:25:00,18.836128256529648,72.5763485969531
100000003,2026-09-06 01:25:00,18.921322620766816,72.72494894936953
100000004,2026-09-06 01:25:00,18.98403467481521,72.52079203767462
100000005,2026-09-06 01:25:00,18.903906840493406,72.60989448020825
100000006,2026-09-06 01:25:00,18.95116933309507,72.52124237317898
100000007,2026-09-06 01:25:00,18.91058072262356,72.69774590306643
100000008,2026-09-06 01:25:00,18.979452488666354,72.4780060637961
100000009,2026-09-06 01:25:00,18.910504785970662,72.76867791382121
100000010,2026-09-06 01:25:00,18.929714522538916,72.51831358286304
999999999,2026-09-06 01:25:00,18.885416666666668,72.68541666666667
100000001,2026-09-06 01:30:00,18.949963369485104,72.74833369289576
100000002,2026-09-06 01:30:00,18.833476758202657,72.57854565382775
100000003,2026-09-06 01:30:00,18.91844612773259,72.7277684084825
100000004,2026-09-06 01:30:00,18.98212562461845,72.51889246473374
100000005,2026-09-06 01:30:00,18.90349851060526,72.60864185504944
100000006,2026-09-06 01:30:00,18.949922200986283,72.52044054423874
100000007,2026-09-06 01:30:00,18.908778765316512,72.69783130969692
100000008,2026-09-06 01:30:00,18.980097757777763,72.47602920853822
100000009,2026-09-06 01:30:00,18.913298578169112,72.7705282979099
100000010,2026-09-06 01:30:00,18.93081992069799,72.51795449782547
999999999,2026-09-06 01:30:00,18.8875,72.6875
100000001,2026-09-06 01:35:00,18.95135533313597,72.74892564380094
100000002,2026-09-06 01:35:00,18.830825259875663,72.5807427107024
100000003,2026-09-06 01:35:00,18.915569634698365,72.73058786759547
100000004,2026-09-06 01:35:00,18.980216574421696,72.51699289179285
100000005,2026-09-06 01:35:00,18.90309018071711,72.60738922989063
100000006,2026-09-06 01:35:00,18.948675068877492,72.5196387152985
100000007,2026-09-06 01:35:00,18.90697680800946,72.6979167163274
100000008,2026-09-06 01:35:00,18.980743026889172,72.47405235328034
100000009,2026-09-06 01:35:00,18.916092370367558,72.7723786819986
100000010,2026-09-06 01:35:00,18.93192531885706,72.51759541278791
999999999,2026-09-06 01:35:00,18.889583333333334,72.68958333333333
100000001,2026-09-06 01:40:00,18.95274729678684,72.74951759470612
100000002,2026-09-06 01:40:00,18.828173761548673,72.58293976757705
100000003,2026-09-06 01:40:00,18.91269314166414,72.73340732670844
100000004,2026-09-06 01:40:00,18.978307524224938,72.51509331885198
100000005,2026-09-06 01:40:00,18.902681850828962,72.60613660473182
100000006,2026-09-06 01:40:00,18.947427936768705,72.51883688635826
100000007,2026-09-06 01:40:00,18.905174850702412,72.69800212295789
100000008,2026-09-06 01:40:00,18.98138829600058,72.47207549802248
100000009,2026-09-06 01:40:00,18.918886162566007,72.7742290660873
100000010,2026-09-06 01:40:00,18.933030717016134,72.51723632775035
999999999,2026-09-06 01:40:00,18.891666666666666,72.69166666666666
100000001,2026-09-06 01:45:00,18.95413926043771,72.75010954561131
100000002,2026-09-06 01:45:00,18.825522263221682,72.5851368244517
100000003,2026-09-06 01:45:00,18.909816648629914,72.73622678582142
100000004,2026-09-06 01:45:00,18.97639847402818,72.5131937459111
100000005,2026-09-06 01:45:00,18.902273520940817,72.604883979573
100000006,2026-09-06 01:45:00,18.946180804659914,72.51803505741802
100000007,2026-09-06 01:45:00,18.903372893395364,72.69808752958836
100000008,2026-09-06 01:45:00,18.98203356511199,72.4700986427646
100000009,2026-09-06 01:45:00,18.921679954764453,72.776079450176
100000010,2026-09-06 01:45:00,18.934136115175207,72.5168772427128
999999999,2026-09-06 01:45:00,18.89375,72.69375000000001
100000001,2026-09-06 01:50:00,18.955531224088578,72.75070149651648
100000002,2026-09-06 01:50:00,18.82287076489469,72.58733388132634
100000003,2026-09-06 01:50:00,18.906940155595688,72.73904624493439
100000004,2026-09-06 01:50:00,18.97448942383142,72.51129417297022
100000005,2026-09-06 01:50:00,18.901865191052668,72.6036313544142
100000006,2026-09-06 01:50:00,18.944933672551127,72.51723322847778
100000007,2026-09-06 01:50:00,18.901570936088312,72.69817293621885
100000008,2026-09-06 01:50:00,18.9826788342234,72.46812178750672
100000009,2026-09-06 01:50:00,18.9244737469629,72.7779298342647
100000010,2026-09-06 01:50:00,18.93524151333428,72.51651815767522
999999999,2026-09-06 01:50:00,18.895833333333332,72.69583333333334
100000001,2026-09-06 01:55:00,18.956923187739445,72.75129344742167
100000002,2026-09-06 01:55:00,18.8202192665677,72.589530938201
100000003,2026-09-06 01:55:00,18.904063662561462,72.74186570404736
100000004,2026-09-06 01:55:00,18.972580373634663,72.50939460002934
100000005,2026-09-06 01:55:00,18.901456861164522,72.60237872925539
100000006,2026-09-06 01:55:00,18.94368654044234,72.51643139953755
100000007,2026-09-06 01:55:00,18.899768978781264,72.69825834284933
100000008,2026-09-06 01:55:00,18.98332410333481,72.46614493224884
100000009,2026-09-06 01:55:00,18.92726753916135,72.7797802183534
100000010,2026-09-06 01:55:00,18.936346911493352,72.51615907263766
999999999,2026-09-06 01:55:00,18.897916666666667,72.69791666666667
100000001,2026-09-06 02:00:00,18.958315151390316,72.75188539832685
100000002,2026-09-06 02:00:00,18.81756776824071,72.59172799507564
100000003,2026-09-06 02:00:00,18.901187169527237,72.74468516316034
100000004,2026-09-06 02:00:00,18.97067132343791,72.50749502708847
100000005,2026-09-06 02:00:00,18.901048531276373,72.60112610409658
100000006,2026-09-06 02:00:00,18.94243940833355,72.51562957059731
100000007,2026-09-06 02:00:00,18.897967021474212,72.69834374947982
100000008,2026-09-06 02:00:00,18.983969372446214,72.46416807699097
100000009,2026-09-06 02:00:00,18.930061331359795,72.7816306024421
100000010,2026-09-06 02:00:00,18.937452309652425,72.5157999876001
999999999,2026-09-06 02:00:00,18.9,72.7
100000001,2026-09-06 02:05:00,18.959707115041184,72.75247734923204
100000002,2026-09-06 02:05:00,18.81491626991372,72.5939250519503
100000003,2026-09-06 02:05:00,18.898310676493015,72.74750462227331
100000004,2026-09-06 02:05:00,18.96876227324115,72.50559545414758
100000005,2026-09-06 02:05:00,18.900640201388228,72.59987347893777
100000006,2026-09-06 02:05:00,18.94119227622476,72.51482774165707
100000007,2026-09-06 02:05:00,18.896165064167164,72.6984291561103
100000008,2026-09-06 02:05:00,18.984614641557624,72.4621912217331
100000009,2026-09-06 02:05:00,18.932855123558245,72.7834809865308
100000010,2026-09-06 02:05:00,18.938557707811498,72.51544090256255
999999999,2026-09-06 02:05:00,18.902083333333334,72.70208333333333
100000001,2026-09-06 02:10:00,18.96109907869205,72.75306930013721
100000002,2026-09-06 02:10:00,18.81226477158673,72.59612210882494
100000003,2026-09-06 02:10:00,18.89543418345879,72.75032408138628
100000004,2026-09-06 02:10:00,18.966853223044392,72.50369588120671
100000005,2026-09-06 02:10:00,18.90023187150008,72.59862085377895
100000006,2026-09-06 02:10:00,18.93994514411597,72.51402591271683
100000007,2026-09-06 02:10:00,18.894363106860112,72.69851456274077
100000008,2026-09-06 02:10:00,18.985259910669033,72.46021436647521
100000009,2026-09-06 02:10:00,18.93564891575669,72.7853313706195
100000010,2026-09-06 02:10:00,18.939663105970574,72.51508181752497
999999999,2026-09-06 02:10:00,18.90416666666667,72.70416666666667
100000001,2026-09-06 02:15:00,18.96249104234292,72.7536612510424
100000002,2026-09-06 02:15:00,18.80961327325974,72.59831916569959
100000003,2026-09-06 02:15:00,18.892557690424564,72.75314354049925
100000004,2026-09-06 02:15:00,18.964944172847634,72.50179630826582
100000005,2026-09-06 02:15:00,18.899823541611934,72.59736822862014
100000006,2026-09-06 02:15:00,18.938698012007183,72.51322408377659
100000007,2026-09-06 02:15:00,18.892561149553064,72.69859996937126
100000008,2026-09-06 02:15:00,18.985905179780442,72.45823751121733
100000009,2026-09-06 02:15:00,18.938442707955137,72.7871817547082
100000010,2026-09-06 02:15:00,18.940768504129647,72.51472273248741
999999999,2026-09-06 02:15:00,18.90625,72.70625
100000001,2026-09-06 02:20:00,18.96388300599379,72.75425320194758
100000002,2026-09-06 02:20:00,18.80696177493275,72.60051622257424
100000003,2026-09-06 02:20:00,18.88968119739034,72.75596299961222
100000004,2026-09-06 02:20:00,18.96303512265088,72.49989673532494
100000005,2026-09-06 02:20:00,18.899415211723785,72.59611560346133
100000006,2026-09-06 02:20:00,18.937450879898396,72.51242225483635
100000007,2026-09-06 02:20:00,18.890759192246012,72.69868537600173
100000008,2026-09-06 02:20:00,18.98655044889185,72.45626065595947
100000009,2026-09-06 02:20:00,18.941236500153586,72.7890321387969
100000010,2026-09-06 02:20:00,18.94187390228872,72.51436364744985
999999999,2026-09-06 02:20:00,18.908333333333335,72.70833333333334
100000001,2026-09-06 02:25:00,18.965274969644657,72.75484515285277
100000002,2026-09-06 02:25:00,18.804310276605758,72.60271327944889
100000003,2026-09-06 02:25:00,18.886804704356113,72.7587824587252
100000004,2026-09-06 02:25:00,18.96112607245412,72.49799716238407
100000005,2026-09-06 02:25:00,18.89900688183564,72.59486297830252
100000006,2026-09-06 02:25:00,18.936203747789605,72.51162042589613
100000007,2026-09-06 02:25:00,18.888957234938964,72.69877078263222
100000008,2026-09-06 02:25:00,18.98719571800326,72.45428380070159
100000009,2026-09-06 02:25:00,18.944030292352032,72.7908825228856
100000010,2026-09-06 02:25:00,18.942979300447792,72.5140045624123
999999999,2026-09-06 02:25:00,18.910416666666666,72.71041666666667
100000001,2026-09-06 02:30:00,18.966666933295524,72.75543710375794
100000002,2026-09-06 02:30:00,18.801658778278767,72.60491033632354
100000003,2026-09-06 02:30:00,18.883928211321887,72.76160191783816
100000004,2026-09-06 02:30:00,18.959217022257363,72.49609758944318
100000005,2026-09-06 02:30:00,18.89859855194749,72.5936103531437
100000006,2026-09-06 02:30:00,18.934956615680818,72.51081859695589
100000007,2026-09-06 02:30:00,18.887155277631912,72.6988561892627
100000008,2026-09-06 02:30:00,18.987840987114666,72.45230694544371
100000009,2026-09-06 02:30:00,18.946824084550478,72.7927329069743
100000010,2026-09-06 02:30:00,18.944084698606865,72.51364547737472
999999999,2026-09-06 02:30:00,18.9125,72.7125
100000001,2026-09-06 02:35:00,18.968058896946392,72.75602905466313
100000002,2026-09-06 02:35:00,18.799007279951777,72.60710739319819
100000003,2026-09-06 02:35:00,18.88105171828766,72.76442137695113
100000004,2026-09-06 02:35:00,18.957307972060605,72.49419801650231
100000005,2026-09-06 02:35:00,18.898190222059345,72.59235772798489
100000006,2026-09-06 02:35:00,18.933709483572027,72.51001676801565
100000007,2026-09-06 02:35:00,18.885353320324864,72.69894159589319
100000008,2026-09-06 02:35:00,18.988486256226075,72.45033009018583
100000009,2026-09-06 02:35:00,18.949617876748928,72.79458329106299
100000010,2026-09-06 02:35:00,18.945190096765938,72.51328639233716
999999999,2026-09-06 02:35:00,18.914583333333333,72.71458333333334
100000001,2026-09-06 02:40:00,18.969450860597263,72.7566210055683
100000002,2026-09-06 02:40:00,18.796355781624783,72.60930445007284
100000003,2026-09-06 02:40:00,18.878175225253436,72.7672408360641
100000004,2026-09-06 02:40:00,18.95539892186385,72.49229844356142
100000005,2026-09-06 02:40:00,18.897781892171196,72.59110510282608
100000006,2026-09-06 02:40:00,18.93246235146324,72.5092149390754
100000007,2026-09-06 02:40:00,18.883551363017816,72.69902700252366
100000008,2026-09-06 02:40:00,18.989131525337484,72.44835323492796
100000009,2026-09-06 02:40:00,18.952411668947374,72.79643367515169
100000010,2026-09-06 02:40:00,18.94629549492501,72.5129273072996
999999999,2026-09-06 02:40:00,18.916666666666668,72.71666666666667
100000001,2026-09-06 02:45:00,18.97084282424813,72.7572129564735
100000002,2026-09-06 02:45:00,18.793704283297792,72.61150150694749
100000003,2026-09-06 02:45:00,18.87529873221921,72.77006029517709
100000004,2026-09-06 02:45:00,18.95348987166709,72.49039887062055
100000005,2026-09-06 02:45:00,18.89737356228305,72.58985247766726
100000006,2026-09-06 02:45:00,18.931215219354453,72.50841311013517
100000007,2026-09-06 02:45:00,18.881749405710764,72.69911240915415
100000008,2026-09-06 02:45:00,18.989776794448893,72.44637637967008
100000009,2026-09-06 02:45:00,18.955205461145823,72.79828405924039
100000010,2026-09-06 02:45:00,18.947400893084083,72.51256822226205
999999999,2026-09-06 02:45:00,18.91875,72.71875
100000001,2026-09-06 02:50:00,18.972234787898998,72.75780490737867
100000002,2026-09-06 02:50:00,18.791052784970802,72.61369856382214
100000003,2026-09-06 02:50:00,18.872422239184985,72.77287975429006
100000004,2026-09-06 02:50:00,18.951580821470333,72.48849929767967
100000005,2026-09-06 02:50:00,18.8969652323949,72.58859985250845
100000006,2026-09-06 02:50:00,18.929968087245662,72.50761128119493
100000007,2026-09-06 02:50:00,18.879947448403716,72.69919781578463
100000008,2026-09-06 02:50:00,18.990422063560302,72.4443995244122
100000009,2026-09-06 02:50:00,18.95799925334427,72.80013444332909
100000010,2026-09-06 02:50:00,18.948506291243156,72.51220913722447
999999999,2026-09-06 02:50:00,18.920833333333334,72.72083333333333
100000001,2026-09-06 02:55:00,18.973626751549865,72.75839685828386
100000002,2026-09-06 02:55:00,18.78840128664381,72.61589562069679
100000003,2026-09-06 02:55:00,18.869545746150763,72.77569921340303
100000004,2026-09-06 02:55:00,18.949671771273575,72.4865997247388
100000005,2026-09-06 02:55:00,18.896556902506756,72.58734722734964
100000006,2026-09-06 02:55:00,18.928720955136875,72.50680945225469
100000007,2026-09-06 02:55:00,18.878145491096664,72.6992832224151
100000008,2026-09-06 02:55:00,18.99106733267171,72.44242266915433
100000009,2026-09-06 02:55:00,18.960793045542715,72.80198482741778
100000010,2026-09-06 02:55:00,18.94961168940223,72.51185005218692
999999999,2026-09-06 02:55:00,18.922916666666666,72.72291666666666
100000001,2026-09-06 03:00:00,18.975018715200736,72.75898880918903
100000002,2026-09-06 03:00:00,18.78574978831682,72.61809267757144
100000003,2026-09-06 03:00:00,18.866669253116537,72.778518672516
100000004,2026-09-06 03:00:00,18.94776272107682,72.48470015179791
100000005,2026-09-06 03:00:00,18.896148572618607,72.58609460219084
100000006,2026-09-06 03:00:00,18.927473823028084,72.50600762331446
100000007,2026-09-06 03:00:00,18.876343533789615,72.6993686290456
100000008,2026-09-06 03:00:00,18.99171260178312,72.44044581389645
100000009,2026-09-06 03:00:00,18.963586837741165,72.80383521150648
100000010,2026-09-06 03:00:00,18.9507170875613,72.51149096714936
999999999,2026-09-06 03:00:00,18.925,72.725
100000001,2026-09-06 03:05:00,18.976410678851604,72.75958076009422
100000002,2026-09-06 03:05:00,18.78309828998983,72.62028973444609
100000003,2026-09-06 03:05:00,18.863792760082312,72.78133813162897
100000004,2026-09-06 03:05:00,18.945853670880062,72.48280057885702
100000005,2026-09-06 03:05:00,18.895740242730458,72.58484197703203
100000006,2026-09-06 03:05:00,18.926226690919297,72.50520579437422
100000007,2026-09-06 03:05:00,18.874541576482564,72.69945403567607
100000008,2026-09-06 03:05:00,18.992357870894526,72.43846895863858
100000009,2026-09-06 03:05:00,18.96638062993961,72.80568559559518
100000010,2026-09-06 03:05:00,18.951822485720374,72.5111318821118
999999999,2026-09-06 03:05:00,18.927083333333332,72.72708333333334
100000001,2026-09-06 03:10:00,18.97780264250247,72.7601727109994
100000002,2026-09-06 03:10:00,18.78044679166284,72.62248679132074
100000003,2026-09-06 03:10:00,18.860916267048086,72.78415759074194
100000004,2026-09-06 03:10:00,18.943944620683304,72.48090100591615
100000005,2026-09-06 03:10:00,18.895331912842313,72.58358935187321
100000006,2026-09-06 03:10:00,18.924979558810506,72.50440396543398
100000007,2026-09-06 03:10:00,18.872739619175515,72.69953944230656
100000008,2026-09-06 03:10:00,18.993003140005936,72.4364921033807
100000009,2026-09-06 03:10:00,18.96917442213806,72.80753597968388
100000010,2026-09-06 03:10:00,18.952927883879447,72.51077279707422
999999999,2026-09-06 03:10:00,18.929166666666667,72.72916666666667
100000001,2026-09-06 03:15:00,18.979194606153342,72.76076466190459
100000002,2026-09-06 03:15:00,18.77779529333585,72.62468384819539
100000003,2026-09-06 03:15:00,18.85803977401386,72.78697704985491
100000004,2026-09-06 03:15:00,18.942035570486546,72.47900143297527
100000005,2026-09-06 03:15:00,18.894923582954164,72.5823367267144
100000006,2026-09-06 03:15:00,18.92373242670172,72.50360213649374
100000007,2026-09-06 03:15:00,18.870937661868464,72.69962484893703
100000008,2026-09-06 03:15:00,18.993648409117345,72.43451524812282
100000009,2026-09-06 03:15:00,18.971968214336506,72.80938636377257
100000010,2026-09-06 03:15:00,18.95403328203852,72.51041371203667
999999999,2026-09-06 03:15:00,18.93125,72.73125
100000001,2026-09-06 03:20:00,18.98058656980421,72.76135661280976
100000002,2026-09-06 03:20:00,18.77514379500886,72.62688090507004
100000003,2026-09-06 03:20:00,18.855163280979635,72.78979650896788
100000004,2026-09-06 03:20:00,18.94012652028979,72.4771018600344
100000005,2026-09-06 03:20:00,18.894515253066018,72.58108410155559
100000006,2026-09-06 03:20:00,18.92248529459293,72.5028003075535
100000007,2026-09-06 03:20:00,18.869135704561415,72.69971025556752
100000008,2026-09-06 03:20:00,18.994293678228754,72.43253839286494
100000009,2026-09-06 03:20:00,18.974762006534952,72.81123674786129
100000010,2026-09-06 03:20:00,18.955138680197592,72.5100546269991
999999999,2026-09-06 03:20:00,18.933333333333334,72.73333333333333
100000001,2026-09-06 03:25:00,18.981978533455077,72.76194856371495
100000002,2026-09-06 03:25:00,18.772492296681868,72.62907796194469
100000003,2026-09-06 03:25:00,18.85228678794541,72.79261596808085
100000004,2026-09-06 03:25:00,18.938217470093033,72.47520228709351
100000005,2026-09-06 03:25:00,18.89410692317787,72.57983147639678
100000006,2026-09-06 03:25:00,18.92123816248414,72.50199847861326
100000007,2026-09-06 03:25:00,18.867333747254367,72.699795662198
100000008,2026-09-06 03:25:00,18.994938947340163,72.43056153760708
100000009,2026-09-06 03:25:00,18.977555798733402,72.81308713194998
100000010,2026-09-06 03:25:00,18.956244078356665,72.50969554196155
999999999,2026-09-06 03:25:00,18.935416666666665,72.73541666666667
100000001,2026-09-06 03:30:00,18.983370497105945,72.76254051462013
100000002,2026-09-06 03:30:00,18.769840798354878,72.63127501881934
100000003,2026-09-06 03:30:00,18.849410294911184,72.79543542719384
100000004,2026-09-06 03:30:00,18.936308419896275,72.47330271415264
100000005,2026-09-06 03:30:00,18.893698593289724,72.57857885123796
100000006,2026-09-06 03:30:00,18.919991030375353,72.50119664967303
100000007,2026-09-06 03:30:00,18.865531789947315,72.69988106882849
100000008,2026-09-06 03:30:00,18.995584216451572,72.4285846823492
100000009,2026-09-06 03:30:00,18.980349590931848,72.81493751603868
100000010,2026-09-06 03:30:00,18.957349476515738,72.50933645692398
999999999,2026-09-06 03:30:00,18.9375,72.7375
100000001,2026-09-06 03:35:00,18.984762460756816,72.76313246552532
100000002,2026-09-06 03:35:00,18.767189300027887,72.63347207569399
100000003,2026-09-06 03:35:00,18.84653380187696,72.79825488630681
100000004,2026-09-06 03:35:00,18.934399369699516,72.47140314121175
100000005,2026-09-06 03:35:00,18.893290263401575,72.57732622607915
100000006,2026-09-06 03:35:00,18.918743898266563,72.5003948207328
100000007,2026-09-06 03:35:00,18.863729832640267,72.69996647545896
100000008,2026-09-06 03:35:00,18.99622948556298,72.42660782709132
100000009,2026-09-06 03:35:00,18.983143383130294,72.81678790012738
100000010,2026-09-06 03:35:00,18.958454874674814,72.50897737188642
999999999,2026-09-06 03:35:00,18.93958333333333,72.73958333333333
100000001,2026-09-06 03:40:00,18.986154424407683,72.76372441643049
100000002,2026-09-06 03:40:00,18.764537801700893,72.63566913256864
100000003,2026-09-06 03:40:00,18.843657308842733,72.80107434541978
100000004,2026-09-06 03:40:00,18.932490319502758,72.46950356827088
100000005,2026-09-06 03:40:00,18.89288193351343,72.57607360092034
100000006,2026-09-06 03:40:00,18.917496766157775,72.49959299179255
100000007,2026-09-06 03:40:00,18.861927875333215,72.70005188208944
100000008,2026-09-06 03:40:00,18.996874754674387,72.42463097183344
100000009,2026-09-06 03:40:00,18.985937175328743,72.81863828421608
100000010,2026-09-06 03:40:00,18.959560272833887,72.50861828684886
999999999,2026-09-06 03:40:00,18.941666666666666,72.74166666666667
100000001,2026-09-06 03:45:00,18.98754638805855,72.76431636733568
100000002,2026-09-06 03:45:00,18.761886303373903,72.63786618944329
100000003,2026-09-06 03:45:00,18.84078081580851,72.80389380453275
100000004,2026-09-06 03:45:00,18.930581269306003,72.46760399533
100000005,2026-09-06 03:45:00,18.89247360362528,72.57482097576153
100000006,2026-09-06 03:45:00,18.916249634048988,72.49879116285231
100000007,2026-09-06 03:45:00,18.860125918026167,72.70013728871993
100000008,2026-09-06 03:45:00,18.997520023785796,72.42265411657557
100000009,2026-09-06 03:45:00,18.98873096752719,72.82048866830478
100000010,2026-09-06 03:45:00,18.96066567099296,72.5082592018113
999999999,2026-09-06 03:45:00,18.943749999999998,72.74375
100000001,2026-09-06 03:50:00,18.988938351709418,72.76490831824086
100000002,2026-09-06 03:50:00,18.759234805046912,72.64006324631794
100000003,2026-09-06 03:50:00,18.837904322774286,72.80671326364572
100000004,2026-09-06 03:50:00,18.928672219109245,72.46570442238911
100000005,2026-09-06 03:50:00,18.892065273737135,72.57356835060271
100000006,2026-09-06 03:50:00,18.915002501940197,72.49798933391207
100000007,2026-09-06 03:50:00,18.858323960719115,72.7002226953504
100000008,2026-09-06 03:50:00,18.998165292897205,72.42067726131769
100000009,2026-09-06 03:50:00,18.99152475972564,72.82233905239347
100000010,2026-09-06 03:50:00,18.961771069152032,72.50790011677373
999999999,2026-09-06 03:50:00,18.945833333333333,72.74583333333334
100000001,2026-09-06 03:55:00,18.99033031536029,72.76550026914605
100000002,2026-09-06 03:55:00,18.75658330671992,72.64226030319259
100000003,2026-09-06 03:55:00,18.83502782974006,72.80953272275869
100000004,2026-09-06 03:55:00,18.926763168912487,72.46380484944824
100000005,2026-09-06 03:55:00,18.891656943848986,72.5723157254439
100000006,2026-09-06 03:55:00,18.91375536983141,72.49718750497183
100000007,2026-09-06 03:55:00,18.856522003412067,72.7003081019809
100000008,2026-09-06 03:55:00,18.998810562008615,72.41870040605981
100000009,2026-09-06 03:55:00,18.994318551924085,72.82418943648217
100000010,2026-09-06 03:55:00,18.962876467311105,72.50754103173617
999999999,2026-09-06 03:55:00,18.947916666666664,72.74791666666667
100000001,2026-09-06 04:00:00,18.991722279011157,72.76609222005122
100000002,2026-09-06 04:00:00,18.75393180839293,72.64445736006724
100000003,2026-09-06 04:00:00,18.832151336705834,72.81235218187166
100000004,2026-09-06 04:00:00,18.92485411871573,72.46190527650735
100000005,2026-09-06 04:00:00,18.89124861396084,72.57106310028509
100000006,2026-09-06 04:00:00,18.91250823772262,72.4963856760316
100000007,2026-09-06 04:00:00,18.854720046105015,72.70039350861137
100000008,2026-09-06 04:00:00,18.999455831120024,72.41672355080193
100000009,2026-09-06 04:00:00,18.99711234412253,72.82603982057087
100000010,2026-09-06 04:00:00,18.963981865470178,72.50718194669861
100000001,2026-09-06 04:05:00,18.993114242662024,72.76668417095641
100000002,2026-09-06 04:05:00,18.75128031006594,72.64665441694189
100000003,2026-09-06 04:05:00,18.82927484367161,72.81517164098463
100000004,2026-09-06 04:05:00,18.922945068518974,72.46000570356648
100000005,2026-09-06 04:05:00,18.89084028407269,72.56981047512627
100000006,2026-09-06 04:05:00,18.911261105613832,72.49558384709137
100000007,2026-09-06 04:05:00,18.852918088797967,72.70047891524186
100000008,2026-09-06 04:05:00,19.000101100231433,72.41474669554407
100000009,2026-09-06 04:05:00,18.99990613632098,72.82789020465957
100000010,2026-09-06 04:05:00,18.96508726362925,72.50682286166105
100000001,2026-09-06 04:10:00,18.994506206312895,72.76727612186158
100000002,2026-09-06 04:10:00,18.74862881173895,72.64885147381653
100000003,2026-09-06 04:10:00,18.826398350637383,72.8179911000976
100000004,2026-09-06 04:10:00,18.921036018322216,72.4581061306256
100000005,2026-09-06 04:10:00,18.890431954184546,72.56855784996748
100000006,2026-09-06 04:10:00,18.910013973505045,72.49478201815113
100000007,2026-09-06 04:10:00,18.851116131490915,72.70056432187233
100000008,2026-09-06 04:10:00,19.00074636934284,72.41276984028619
100000009,2026-09-06 04:10:00,19.002699928519426,72.82974058874827
100000010,2026-09-06 04:10:00,18.966192661788323,72.50646377662348
100000001,2026-09-06 04:15:00,18.995898169963763,72.76786807276677
100000002,2026-09-06 04:15:00,18.74597731341196,72.65104853069118
100000003,2026-09-06 04:15:00,18.823521857603158,72.82081055921057
100000004,2026-09-06 04:15:00,18.919126968125457,72.45620655768472
100000005,2026-09-06 04:15:00,18.890023624296397,72.56730522480866
100000006,2026-09-06 04:15:00,18.908766841396254,72.49398018921089
100000007,2026-09-06 04:15:00,18.849314174183867,72.70064972850281
100000008,2026-09-06 04:15:00,19.001391638454248,72.41079298502831
100000009,2026-09-06 04:15:00,19.005493720717872,72.83159097283696
100000010,2026-09-06 04:15:00,18.967298059947396,72.50610469158592
100000001,2026-09-06 04:20:00,18.99729013361463,72.76846002367195
100000002,2026-09-06 04:20:00,18.74332581508497,72.65324558756583
100000003,2026-09-06 04:20:00,18.820645364568932,72.82363001832356
100000004,2026-09-06 04:20:00,18.9172179179287,72.45430698474384
100000005,2026-09-06 04:20:00,18.88961529440825,72.56605259964985
100000006,2026-09-06 04:20:00,18.907519709287467,72.49317836027065
100000007,2026-09-06 04:20:00,18.84751221687682,72.7007351351333
100000008,2026-09-06 04:20:00,19.002036907565657,72.40881612977043
100000009,2026-09-06 04:20:00,19.008287512916322,72.83344135692566
100000010,2026-09-06 04:20:00,18.96840345810647,72.50574560654836
100000001,2026-09-06 04:25:00,18.998682097265498,72.76905197457714
100000002,2026-09-06 04:25:00,18.74067431675798,72.65544264444048
100000003,2026-09-06 04:25:00,18.817768871534707,72.82644947743653
100000004,2026-09-06 04:25:00,18.915308867731945,72.45240741180297
100000005,2026-09-06 04:25:00,18.889206964520103,72.56479997449104
100000006,2026-09-06 04:25:00,18.906272577178676,72.49237653133041
100000007,2026-09-06 04:25:00,18.845710259569767,72.70082054176378
100000008,2026-09-06 04:25:00,19.002682176677066,72.40683927451256
100000009,2026-09-06 04:25:00,19.011081305114768,72.83529174101436
100000010,2026-09-06 04:25:00,18.96950885626554,72.50538652151079
100000001,2026-09-06 04:30:00,19.00007406091637,72.76964392548231
100000002,2026-09-06 04:30:00,18.738022818430988,72.65763970131513
100000003,2026-09-06 04:30:00,18.81489237850048,72.8292689365495
100000004,2026-09-06 04:30:00,18.913399817535186,72.45050783886208
100000005,2026-09-06 04:30:00,18.888798634631957,72.56354734933223
100000006,2026-09-06 04:30:00,18.90502544506989,72.49157470239017
100000007,2026-09-06 04:30:00,18.84390830226272,72.70090594839427
100000008,2026-09-06 04:30:00,19.003327445788475,72.40486241925468
100000009,2026-09-06 04:30:00,19.013875097313218,72.83714212510306
100000010,2026-09-06 04:30:00,18.970614254424614,72.50502743647323
100000001,2026-09-06 04:35:00,19.001466024567236,72.7702358763875
100000002,2026-09-06 04:35:00,18.735371320103997,72.65983675818978
100000003,2026-09-06 04:35:00,18.81201588546626,72.83208839566247
100000004,2026-09-06 04:35:00,18.911490767338428,72.4486082659212
100000005,2026-09-06 04:35:00,18.888390304743808,72.56229472417341
100000006,2026-09-06 04:35:00,18.9037783129611,72.49077287344994
100000007,2026-09-06 04:35:00,18.842106344955667,72.70099135502474
100000008,2026-09-06 04:35:00,19.003972714899884,72.4028855639968
100000009,2026-09-06 04:35:00,19.016668889511664,72.83899250919175
100000010,2026-09-06 04:35:00,18.971719652583687,72.50466835143567
100000001,2026-09-06 04:40:00,19.002857988218103,72.77082782729268
100000002,2026-09-06 04:40:00,18.732719821777007,72.66203381506443
100000003,2026-09-06 04:40:00,18.809139392432034,72.83490785477544
100000004,2026-09-06 04:40:00,18.90958171714167,72.44670869298032
100000005,2026-09-06 04:40:00,18.88798197485566,72.5610420990146
100000006,2026-09-06 04:40:00,18.90253118085231,72.4899710445097
100000007,2026-09-06 04:40:00,18.84030438764862,72.70107676165523
100000008,2026-09-06 04:40:00,19.004617984011293,72.40090870873892
100000009,2026-09-06 04:40:00,19.01946268171011,72.84084289328047
100000010,2026-09-06 04:40:00,18.97282505074276,72.50430926639811
100000001,2026-09-06 04:45:00,19.00424995186897,72.77141977819787
100000002,2026-09-06 04:45:00,18.730068323450013,72.66423087193908
100000003,2026-09-06 04:45:00,18.806262899397808,72.83772731388841
100000004,2026-09-06 04:45:00,18.907672666944915,72.44480912003944
100000005,2026-09-06 04:45:00,18.887573644967514,72.55978947385579
100000006,2026-09-06 04:45:00,18.901284048743523,72.48916921556946
100000007,2026-09-06 04:45:00,18.838502430341567,72.7011621682857
100000008,2026-09-06 04:45:00,19.0052632531227,72.39893185348105
100000009,2026-09-06 04:45:00,19.02225647390856,72.84269327736916
100000010,2026-09-06 04:45:00,18.973930448901832,72.50395018136054
100000001,2026-09-06 04:50:00,19.005641915519842,72.77201172910304
100000002,2026-09-06 04:50:00,18.727416825123022,72.66642792881373
100000003,2026-09-06 04:50:00,18.803386406363582,72.84054677300138
100000004,2026-09-06 04:50:00,18.905763616748157,72.44290954709857
100000005,2026-09-06 04:50:00,18.887165315079365,72.55853684869697
100000006,2026-09-06 04:50:00,18.900036916634733,72.48836738662922
100000007,2026-09-06 04:50:00,18.83670047303452,72.7012475749162
100000008,2026-09-06 04:50:00,19.005908522234108,72.39695499822318
100000009,2026-09-06 04:50:00,19.025050266107005,72.84454366145786
100000010,2026-09-06 04:50:00,18.975035847060905,72.50359109632298
100000001,2026-09-06 04:55:00,19.00703387917071,72.77260368000823
100000002,2026-09-06 04:55:00,18.72476532679603,72.66862498568838
100000003,2026-09-06 04:55:00,18.800509913329357,72.84336623211435
100000004,2026-09-06 04:55:00,18.9038545665514,72.44100997415768
100000005,2026-09-06 04:55:00,18.88675698519122,72.55728422353816
100000006,2026-09-06 04:55:00,18.898789784525945,72.48756555768898
100000007,2026-09-06 04:55:00,18.834898515727467,72.70133298154667
100000008,2026-09-06 04:55:00,19.006553791345517,72.3949781429653
100000009,2026-09-06 04:55:00,19.027844058305455,72.84639404554656
100000010,2026-09-06 04:55:00,18.976141245219978,72.50323201128542
100000001,2026-09-06 05:00:00,19.008425842821577,72.7731956309134
100000002,2026-09-06 05:00:00,18.72211382846904,72.67082204256303
100000003,2026-09-06 05:00:00,18.79763342029513,72.84618569122732
100000004,2026-09-06 05:00:00,18.90194551635464,72.43911040121681
100000005,2026-09-06 05:00:00,18.88634865530307,72.55603159837935
100000006,2026-09-06 05:00:00,18.897542652417158,72.48676372874874
100000007,2026-09-06 05:00:00,18.83309655842042,72.70141838817715
100000008,2026-09-06 05:00:00,19.007199060456927,72.39300128770742
100000009,2026-09-06 05:00:00,19.0306378505039,72.84824442963526
100000010,2026-09-06 05:00:00,18.97724664337905,72.50287292624786
100000001,2026-09-06 05:05:00,19.009817806472448,72.7737875818186
100000002,2026-09-06 05:05:00,18.71946233014205,72.67301909943768
100000003,2026-09-06 05:05:00,18.794756927260906,72.8490051503403
100000004,2026-09-06 05:05:00,18.900036466157886,72.43721082827592
100000005,2026-09-06 05:05:00,18.885940325414925,72.55477897322054
100000006,2026-09-06 05:05:00,18.896295520308367,72.4859618998085
100000007,2026-09-06 05:05:00,18.83129460111337,72.70150379480764
100000008,2026-09-06 05:05:00,19.007844329568336,72.39102443244954
100000009,2026-09-06 05:05:00,19.033431642702347,72.85009481372396
100000010,2026-09-06 05:05:00,18.978352041538127,72.50251384121029
100000001,2026-09-06 05:10:00,19.011209770123315,72.77437953272377
100000002,2026-09-06 05:10:00,18.71681083181506,72.67521615631233
100000003,2026-09-06 05:10:00,18.79188043422668,72.85182460945327
100000004,2026-09-06 05:10:00,18.898127415961127,72.43531125533505
100000005,2026-09-06 05:10:00,18.885531995526776,72.55352634806172
100000006,2026-09-06 05:10:00,18.89504838819958,72.48516007086828
100000007,2026-09-06 05:10:00,18.82949264380632,72.70158920143811
100000008,2026-09-06 05:10:00,19.008489598679745,72.38904757719168
100000009,2026-09-06 05:10:00,19.036225434900796,72.85194519781265
100000010,2026-09-06 05:10:00,18.9794574396972,72.50215475617273
100000001,2026-09-06 05:15:00,19.012601733774183,72.77497148362896
100000002,2026-09-06 05:15:00,18.71415933348807,72.67741321318698
100000003,2026-09-06 05:15:00,18.789003941192455,72.85464406856624
100000004,2026-09-06 05:15:00,18.89621836576437,72.43341168239417
100000005,2026-09-06 05:15:00,18.88512366563863,72.55227372290291
100000006,2026-09-06 05:15:00,18.89380125609079,72.48435824192804
100000007,2026-09-06 05:15:00,18.82769068649927,72.7016746080686
100000008,2026-09-06 05:15:00,19.009134867791154,72.3870707219338
100000009,2026-09-06 05:15:00,19.039019227099242,72.85379558190135
100000010,2026-09-06 05:15:00,18.980562837856272,72.50179567113517
100000001,2026-09-06 05:20:00,19.01399369742505,72.77556343453413
100000002,2026-09-06 05:20:00,18.71150783516108,72.67961027006163
100000003,2026-09-06 05:20:00,18.786127448158233,72.85746352767922
100000004,2026-09-06 05:20:00,18.89430931556761,72.43151210945328
100000005,2026-09-06 05:20:00,18.88471533575048,72.55102109774411
100000006,2026-09-06 05:20:00,18.892554123982002,72.4835564129878
100000007,2026-09-06 05:20:00,18.82588872919222,72.70176001469908
100000008,2026-09-06 05:20:00,19.00978013690256,72.38509386667592
100000009,2026-09-06 05:20:00,19.041813019297688,72.85564596599005
100000010,2026-09-06 05:20:00,18.981668236015345,72.50143658609761
100000001,2026-09-06 05:25:00,19.01538566107592,72.77615538543932
100000002,2026-09-06 05:25:00,18.70885633683409,72.68180732693628
100000003,2026-09-06 05:25:00,18.783250955124007,72.86028298679219
100000004,2026-09-06 05:25:00,18.892400265370856,72.42961253651241
100000005,2026-09-06 05:25:00,18.884307005862336,72.5497684725853
100000006,2026-09-06 05:25:00,18.89130699187321,72.48275458404756
100000007,2026-09-06 05:25:00,18.82408677188517,72.70184542132957
100000008,2026-09-06 05:25:00,19.01042540601397,72.38311701141804
100000009,2026-09-06 05:25:00,19.044606811496138,72.85749635007875
100000010,2026-09-06 05:25:00,18.982773634174418,72.50107750106004
100000001,2026-09-06 05:30:00,19.01677762472679,72.7767473363445
100000002,2026-09-06 05:30:00,18.706204838507098,72.68400438381093
100000003,2026-09-06 05:30:00,18.78037446208978,72.86310244590516
100000004,2026-09-06 05:30:00,18.890491215174098,72.42771296357152
100000005,2026-09-06 05:30:00,18.883898675974187,72.54851584742649
100000006,2026-09-06 05:30:00,18.890059859764424,72.48195275510732
100000007,2026-09-06 05:30:00,18.82228481457812,72.70193082796004
100000008,2026-09-06 05:30:00,19.011070675125378,72.38114015616017
100000009,2026-09-06 05:30:00,19.047400603694584,72.85934673416745
100000010,2026-09-06 05:30:00,18.98387903233349,72.50071841602248
100000001,2026-09-06 05:35:00,19.018169588377656,72.77733928724969
100000002,2026-09-06 05:35:00,18.703553340180108,72.68620144068558
100000003,2026-09-06 05:35:00,18.777497969055556,72.86592190501813
100000004,2026-09-06 05:35:00,18.88858216497734,72.42581339063065
100000005,2026-09-06 05:35:00,18.88349034608604,72.54726322226767
100000006,2026-09-06 05:35:00,18.888812727655637,72.48115092616707
100000007,2026-09-06 05:35:00,18.82048285727107,72.70201623459053
100000008,2026-09-06 05:35:00,19.011715944236787,72.37916330090229
100000009,2026-09-06 05:35:00,19.050194395893033,72.86119711825614
100000010,2026-09-06 05:35:00,18.984984430492563,72.50035933098492
100000001,2026-09-06 05:40:00,19.019561552028524,72.77793123815486
100000002,2026-09-06 05:40:00,18.700901841853117,72.68839849756023
100000003,2026-09-06 05:40:00,18.77462147602133,72.8687413641311
100000004,2026-09-06 05:40:00,18.88667311478058,72.42391381768977
100000005,2026-09-06 05:40:00,18.883082016197893,72.54601059710886
100000006,2026-09-06 05:40:00,18.887565595546846,72.48034909722685
100000007,2026-09-06 05:40:00,18.81868089996402,72.702101641221
100000008,2026-09-06 05:40:00,19.012361213348196,72.37718644564441
100000009,2026-09-06 05:40:00,19.05298818809148,72.86304750234484
100000010,2026-09-06 05:40:00,18.986089828651636,72.50000024594736
100000001,2026-09-06 05:45:00,19.020953515679395,72.77852318906005
100000002,2026-09-06 05:45:00,18.698250343526126,72.69059555443488
100000003,2026-09-06 05:45:00,18.771744982987105,72.87156082324407
100000004,2026-09-06 05:45:00,18.884764064583823,72.4220142447489
100000005,2026-09-06 05:45:00,18.882673686309747,72.54475797195005
100000006,2026-09-06 05:45:00,18.88631846343806,72.47954726828661
100000007,2026-09-06 05:45:00,18.81687894265697,72.70218704785148
100000008,2026-09-06 05:45:00,19.013006482459605,72.37520959038653
100000009,2026-09-06 05:45:00,19.055781980289925,72.86489788643354
100000010,2026-09-06 05:45:00,18.98719522681071,72.49964116090979
100000001,2026-09-06 05:50:00,19.022345479330262,72.77911513996523
100000002,2026-09-06 05:50:00,18.695598845199132,72.69279261130953
100000003,2026-09-06 05:50:00,18.76886848995288,72.87438028235705
100000004,2026-09-06 05:50:00,18.88285501438707,72.42011467180801
100000005,2026-09-06 05:50:00,18.8822653564216,72.54350534679124
100000006,2026-09-06 05:50:00,18.885071331329268,72.47874543934637
100000007,2026-09-06 05:50:00,18.81507698534992,72.70227245448197
100000008,2026-09-06 05:50:00,19.01365175157101,72.37323273512867
100000009,2026-09-06 05:50:00,19.058575772488375,72.86674827052224
100000010,2026-09-06 05:50:00,18.98830062496978,72.49928207587223
100000001,2026-09-06 05:55:00,19.02373744298113,72.77970709087042
100000002,2026-09-06 05:55:00,18.692947346872142,72.69498966818418
100000003,2026-09-06 05:55:00,18.765991996918654,72.87719974147002
100000004,2026-09-06 05:55:00,18.88094596419031,72.41821509886714
100000005,2026-09-06 05:55:00,18.881857026533453,72.54225272163242
100000006,2026-09-06 05:55:00,18.88382419922048,72.47794361040613
100000007,2026-09-06 05:55:00,18.81327502804287,72.70235786111245
100000008,2026-09-06 05:55:00,19.01429702068242,72.37125587987079
100000009,2026-09-06 05:55:00,19.06136956468682,72.86859865461095
100000010,2026-09-06 05:55:00,18.989406023128854,72.49892299083467
100000001,2026-09-06 06:00:00,19.025129406632,72.78029904177559
100000002,2026-09-06 06:00:00,18.69029584854515,72.69718672505883
100000003,2026-09-06 06:00:00,18.76311550388443,72.88001920058299
100000004,2026-09-06 06:00:00,18.879036913993552,72.41631552592625
100000005,2026-09-06 06:00:00,18.881448696645304,72.54100009647361
100000006,2026-09-06 06:00:00,18.882577067111693,72.47714178146589
100000007,2026-09-06 06:00:00,18.811473070735822,72.70244326774294
100000008,2026-09-06 06:00:00,19.01494228979383,72.36927902461291
100000009,2026-09-06 06:00:00,19.064163356885267,72.87044903869965
100000010,2026-09-06 06:00:00,18.990511421287927,72.49856390579711
100000001,2026-09-06 06:05:00,19.026521370282868,72.78089099268078
100000002,2026-09-06 06:05:00,18.68764435021816,72.69938378193348
100000003,2026-09-06 06:05:00,18.760239010850203,72.88283865969596
100000004,2026-09-06 06:05:00,18.877127863796794,72.41441595298537
100000005,2026-09-06 06:05:00,18.881040366757155,72.5397474713148
100000006,2026-09-06 06:05:00,18.881329935002903,72.47633995252565
100000007,2026-09-06 06:05:00,18.80967111342877,72.70252867437341
100000008,2026-09-06 06:05:00,19.01558755890524,72.36730216935503
100000009,2026-09-06 06:05:00,19.066957149083716,72.87229942278834
100000010,2026-09-06 06:05:00,18.991616819447,72.49820482075954
100000001,2026-09-06 06:10:00,19.027913333933736,72.78148294358596
100000002,2026-09-06 06:10:00,18.68499285189117,72.70158083880813
100000003,2026-09-06 06:10:00,18.75736251781598,72.88565811880893
100000004,2026-09-06 06:10:00,18.87521881360004,72.4125163800445
100000005,2026-09-06 06:10:00,18.88063203686901,72.53849484615598
100000006,2026-09-06 06:10:00,18.880082802894115,72.47553812358541
100000007,2026-09-06 06:10:00,18.807869156121722,72.7026140810039
100000008,2026-09-06 06:10:00,19.016232828016648,72.36532531409715
100000009,2026-09-06 06:10:00,19.069750941282162,72.87414980687704
100000010,2026-09-06 06:10:00,18.992722217606072,72.49784573572198
100000001,2026-09-06 06:15:00,19.029305297584603,72.78207489449115
100000002,2026-09-06 06:15:00,18.68234135356418,72.70377789568278
100000003,2026-09-06 06:15:00,18.754486024781755,72.8884775779219
100000004,2026-09-06 06:15:00,18.87330976340328,72.41061680710361
100000005,2026-09-06 06:15:00,18.88022370698086,72.53724222099717
100000006,2026-09-06 06:15:00,18.878835670785325,72.47473629464518
100000007,2026-09-06 06:15:00,18.80606719881467,72.70269948763438
100000008,2026-09-06 06:15:00,19.016878097128057,72.36334845883928
100000009,2026-09-06 06:15:00,19.072544733480612,72.87600019096574
100000010,2026-09-06 06:15:00,18.993827615765145,72.49748665068442
100000001,2026-09-06 06:20:00,19.030697261235474,72.78266684539632
100000002,2026-09-06 06:20:00,18.67968985523719,72.70597495255743
100000003,2026-09-06 06:20:00,18.75160953174753,72.89129703703487
100000004,2026-09-06 06:20:00,18.871400713206523,72.40871723416274
100000005,2026-09-06 06:20:00,18.879815377092715,72.53598959583836
100000006,2026-09-06 06:20:00,18.877588538676537,72.47393446570494
100000007,2026-09-06 06:20:00,18.804265241507622,72.70278489426487
100000008,2026-09-06 06:20:00,19.017523366239466,72.3613716035814
100000009,2026-09-06 06:20:00,19.075338525679058,72.87785057505444
100000010,2026-09-06 06:20:00,18.994933013924218,72.49712756564686
100000001,2026-09-06 06:25:00,19.03208922488634,72.78325879630151
100000002,2026-09-06 06:25:00,18.6770383569102,72.70817200943208
100000003,2026-09-06 06:25:00,18.748733038713304,72.89411649614784
100000004,2026-09-06 06:25:00,18.869491663009764,72.40681766122185
100000005,2026-09-06 06:25:00,18.879407047204566,72.53473697067955
100000006,2026-09-06 06:25:00,18.87634140656775,72.4731326367647
100000007,2026-09-06 06:25:00,18.80246328420057,72.70287030089534
100000008,2026-09-06 06:25:00,19.01816863535087,72.35939474832352
100000009,2026-09-06 06:25:00,19.078132317877504,72.87970095914314
100000010,2026-09-06 06:25:00,18.99603841208329,72.49676848060929
100000001,2026-09-06 06:30:00,19.03348118853721,72.78385074720669
100000002,2026-09-06 06:30:00,18.67438685858321,72.71036906630673
100000003,2026-09-06 06:30:00,18.74585654567908,72.89693595526082
100000004,2026-09-06 06:30:00,18.86758261281301,72.40491808828098
100000005,2026-09-06 06:30:00,18.87899871731642,72.53348434552073
100000006,2026-09-06 06:30:00,18.87509427445896,72.47233080782446
100000007,2026-09-06 06:30:00,18.800661326893522,72.70295570752582
100000008,2026-09-06 06:30:00,19.01881390446228,72.35741789306564
100000009,2026-09-06 06:30:00,19.080926110075954,72.88155134323183
100000010,2026-09-06 06:30:00,18.997143810242367,72.49640939557173
100000001,2026-09-06 06:35:00,19.034873152188077,72.78444269811187
100000002,2026-09-06 06:35:00,18.671735360256218,72.71256612318138
100000003,2026-09-06 06:35:00,18.742980052644853,72.8997554143738
100000004,2026-09-06 06:35:00,18.86567356261625,72.4030185153401
100000005,2026-09-06 06:35:00,18.87859038742827,72.53223172036193
100000006,2026-09-06 06:35:00,18.873847142350172,72.47152897888422
100000007,2026-09-06 06:35:00,18.79885936958647,72.7030411141563
100000008,2026-09-06 06:35:00,19.01945917357369,72.35544103780778
100000009,2026-09-06 06:35:00,19.0837199022744,72.88340172732053
100000010,2026-09-06 06:35:00,18.99824920840144,72.49605031053417
100000001,2026-09-06 06:40:00,19.036265115838948,72.78503464901705
100000002,2026-09-06 06:40:00,18.669083861929227,72.71476318005602
100000003,2026-09-06 06:40:00,18.740103559610628,72.90257487348677
100000004,2026-09-06 06:40:00,18.863764512419493,72.40111894239922
100000005,2026-09-06 06:40:00,18.878182057540126,72.53097909520312
100000006,2026-09-06 06:40:00,18.87260001024138,72.47072714994398
100000007,2026-09-06 06:40:00,18.797057412279422,72.70312652078678
100000008,2026-09-06 06:40:00,19.0201044426851,72.3534641825499
100000009,2026-09-06 06:40:00,19.08651369447285,72.88525211140923
100000010,2026-09-06 06:40:00,18.999354606560512,72.49569122549661
100000001,2026-09-06 06:45:00,19.037657079489815,72.78562659992224
100000002,2026-09-06 06:45:00,18.666432363602237,72.71696023693067
100000003,2026-09-06 06:45:00,18.737227066576402,72.90539433259974
100000004,2026-09-06 06:45:00,18.861855462222735,72.39921936945834
100000005,2026-09-06 06:45:00,18.877773727651977,72.52972647004431
100000006,2026-09-06 06:45:00,18.871352878132594,72.46992532100376
100000007,2026-09-06 06:45:00,18.795255454972374,72.70321192741727
100000008,2026-09-06 06:45:00,19.02074971179651,72.35148732729202
100000009,2026-09-06 06:45:00,19.089307486671295,72.88710249549793
100000010,2026-09-06 06:45:00,19.000460004719585,72.49533214045904
100000001,2026-09-06 06:50:00,19.039049043140682,72.78621855082741
100000002,2026-09-06 06:50:00,18.663780865275243,72.71915729380532
100000003,2026-09-06 06:50:00,18.734350573542176,72.90821379171271
100000004,2026-09-06 06:50:00,18.85994641202598,72.39731979651745
100000005,2026-09-06 06:50:00,18.877365397763832,72.5284738448855
100000006,2026-09-06 06:50:00,18.870105746023807,72.46912349206352
100000007,2026-09-06 06:50:00,18.793453497665322,72.70329733404775
100000008,2026-09-06 06:50:00,19.021394980907917,72.34951047203414
100000009,2026-09-06 06:50:00,19.09210127886974,72.88895287958663
100000010,2026-09-06 06:50:00,19.001565402878658,72.49497305542148
100000001,2026-09-06 06:55:00,19.040441006791553,72.7868105017326
100000002,2026-09-06 06:55:00,18.661129366948252,72.72135435067997
100000003,2026-09-06 06:55:00,18.73147408050795,72.91103325082568
100000004,2026-09-06 06:55:00,18.858037361829222,72.39542022357658
100000005,2026-09-06 06:55:00,18.876957067875683,72.52722121972668
100000006,2026-09-06 06:55:00,18.868858613915016,72.46832166312328
100000007,2026-09-06 06:55:00,18.791651540358274,72.70338274067824
100000008,2026-09-06 06:55:00,19.022040250019327,72.34753361677627
100000009,2026-09-06 06:55:00,19.09489507106819,72.89080326367532
100000010,2026-09-06 06:55:00,19.00267080103773,72.49461397038392
100000001,2026-09-06 07:00:00,19.04183297044242,72.78740245263778
100000002,2026-09-06 07:00:00,18.65847786862126,72.72355140755462
100000003,2026-09-06 07:00:00,18.72859758747373,72.91385270993865
100000004,2026-09-06 07:00:00,18.856128311632464,72.3935206506357
100000005,2026-09-06 07:00:00,18.876548737987537,72.52596859456787
100000006,2026-09-06 07:00:00,18.86761148180623,72.46751983418304
100000007,2026-09-06 07:00:00,18.78984958305122,72.70346814730871
100000008,2026-09-06 07:00:00,19.022685519130732,72.3455567615184
100000009,2026-09-06 07:00:00,19.097688863266637,72.89265364776402
100000010,2026-09-06 07:00:00,19.003776199196803,72.49425488534636
999999999,2026-09-06 07:00:00,18.953749999999992,72.75375
100000001,2026-09-06 07:05:00,19.04322493409329,72.78799440354297
100000002,2026-09-06 07:05:00,18.65582637029427,72.72574846442927
100000003,2026-09-06 07:05:00,18.725721094439503,72.91667216905162
100000004,2026-09-06 07:05:00,18.854219261435706,72.39162107769482
100000005,2026-09-06 07:05:00,18.87614040809939,72.52471596940906
100000006,2026-09-06 07:05:00,18.866364349697438,72.4667180052428
100000007,2026-09-06 07:05:00,18.788047625744174,72.70355355393919
100000008,2026-09-06 07:05:00,19.02333078824214,72.34357990626052
100000009,2026-09-06 07:05:00,19.100482655465083,72.89450403185272
100000010,2026-09-06 07:05:00,19.004881597355876,72.49389580030879
999999999,2026-09-06 07:05:00,18.952083333333327,72.75208333333333
100000001,2026-09-06 07:10:00,19.044616897744156,72.78858635444814
100000002,2026-09-06 07:10:00,18.65317487196728,72.72794552130392
100000003,2026-09-06 07:10:00,18.722844601405278,72.9194916281646
100000004,2026-09-06 07:10:00,18.85231021123895,72.38972150475394
100000005,2026-09-06 07:10:00,18.875732078211243,72.52346334425025
100000006,2026-09-06 07:10:00,18.86511721758865,72.46591617630256
100000007,2026-09-06 07:10:00,18.78624566843712,72.70363896056968
100000008,2026-09-06 07:10:00,19.02397605735355,72.34160305100264
100000009,2026-09-06 07:10:00,19.103276447663532,72.89635441594142
100000010,2026-09-06 07:10:00,19.00598699551495,72.49353671527123
999999999,2026-09-06 07:10:00,18.950416666666662,72.75041666666667
100000001,2026-09-06 07:15:00,19.046008861395027,72.78917830535333
100000002,2026-09-06 07:15:00,18.65052337364029,72.73014257817857
100000003,2026-09-06 07:15:00,18.719968108371052,72.92231108727756
100000004,2026-09-06 07:15:00,18.850401161042193,72.38782193181306
100000005,2026-09-06 07:15:00,18.875323748323094,72.52221071909143
100000006,2026-09-06 07:15:00,18.86387008547986,72.46511434736233
100000007,2026-09-06 07:15:00,18.784443711130073,72.70372436720015
100000008,2026-09-06 07:15:00,19.02462132646496,72.33962619574477
100000009,2026-09-06 07:15:00,19.106070239861978,72.89820480003013
100000010,2026-09-06 07:15:00,19.00709239367402,72.49317763023367
999999999,2026-09-06 07:15:00,18.948749999999997,72.74875
100000001,2026-09-06 07:20:00,19.047400825045894,72.7897702562585
100000002,2026-09-06 07:20:00,18.6478718753133,72.73233963505322
100000003,2026-09-06 07:20:00,18.717091615336827,72.92513054639053
100000004,2026-09-06 07:20:00,18.848492110845434,72.38592235887218
100000005,2026-09-06 07:20:00,18.87491541843495,72.52095809393262
100000006,2026-09-06 07:20:00,18.862622953371073,72.46431251842209
100000007,2026-09-06 07:20:00,18.78264175382302,72.70380977383064
100000008,2026-09-06 07:20:00,19.02526659557637,72.33764934048689
100000009,2026-09-06 07:20:00,19.108864032060428,72.90005518411883
100000010,2026-09-06 07:20:00,19.008197791833094,72.49281854519612
999999999,2026-09-06 07:20:00,18.94708333333333,72.74708333333334
100000001,2026-09-06 07:25:00,19.048792788696762,72.7903622071637
100000002,2026-09-06 07:25:00,18.64522037698631,72.73453669192787
100000003,2026-09-06 07:25:00,18.7142151223026,72.92795000550352
100000004,2026-09-06 07:25:00,18.846583060648676,72.38402278593131
100000005,2026-09-06 07:25:00,18.8745070885468,72.51970546877381
100000006,2026-09-06 07:25:00,18.861375821262286,72.46351068948185
100000007,2026-09-06 07:25:00,18.780839796515973,72.70389518046112
100000008,2026-09-06 07:25:00,19.025911864687778,72.33567248522901
100000009,2026-09-06 07:25:00,19.111657824258874,72.90190556820752
100000010,2026-09-06 07:25:00,19.009303189992167,72.49245946015854
999999999,2026-09-06 07:25:00,18.945416666666667,72.74541666666667
100000001,2026-09-06 07:30:00,19.05018475234763,72.79095415806887
100000002,2026-09-06 07:30:00,18.64256887865932,72.73673374880252
100000003,2026-09-06 07:30:00,18.711338629268376,72.93076946461649
100000004,2026-09-06 07:30:00,18.844674010451918,72.38212321299042
100000005,2026-09-06 07:30:00,18.874098758658654,72.518452843615
100000006,2026-09-06 07:30:00,18.860128689153495,72.46270886054161
100000007,2026-09-06 07:30:00,18.77903783920892,72.7039805870916
100000008,2026-09-06 07:30:00,19.026557133799184,72.33369562997113
100000009,2026-09-06 07:30:00,19.11445161645732,72.90375595229622
100000010,2026-09-06 07:30:00,19.01040858815124,72.49210037512098
999999999,2026-09-06 07:30:00,18.94375,72.74375
100000001,2026-09-06 07:35:00,19.0515767159985,72.79154610897406
100000002,2026-09-06 07:35:00,18.639917380332328,72.73893080567717
100000003,2026-09-06 07:35:00,18.70846213623415,72.93358892372946
100000004,2026-09-06 07:35:00,18.842764960255163,72.38022364004954
100000005,2026-09-06 07:35:00,18.873690428770505,72.51720021845618
100000006,2026-09-06 07:35:00,18.858881557044707,72.46190703160137
100000007,2026-09-06 07:35:00,18.777235881901873,72.70406599372208
100000008,2026-09-06 07:35:00,19.027202402910593,72.33171877471325
100000009,2026-09-06 07:35:00,19.11724540865577,72.90560633638492
100000010,2026-09-06 07:35:00,19.011513986310312,72.49174129008343
999999999,2026-09-06 07:35:00,18.942083333333336,72.74208333333334
100000001,2026-09-06 07:40:00,19.052968679649368,72.79213805987924
100000002,2026-09-06 07:40:00,18.637265882005337,72.74112786255182
100000003,2026-09-06 07:40:00,18.705585643199925,72.93640838284243
100000004,2026-09-06 07:40:00,18.840855910058405,72.37832406710866
100000005,2026-09-06 07:40:00,18.873282098882356,72.51594759329737
100000006,2026-09-06 07:40:00,18.857634424935917,72.46110520266113
100000007,2026-09-06 07:40:00,18.775433924594825,72.70415140035257
100000008,2026-09-06 07:40:00,19.027847672022002,72.32974191945539
100000009,2026-09-06 07:40:00,19.120039200854215,72.90745672047362
100000010,2026-09-06 07:40:00,19.012619384469385,72.49138220504587
999999999,2026-09-06 07:40:00,18.94041666666667,72.74041666666668
100000001,2026-09-06 07:45:00,19.054360643300235,72.79273001078442
100000002,2026-09-06 07:45:00,18.634614383678347,72.74332491942647
100000003,2026-09-06 07:45:00,18.7027091501657,72.9392278419554
100000004,2026-09-06 07:45:00,18.838946859861647,72.37642449416778
100000005,2026-09-06 07:45:00,18.87287376899421,72.51469496813857
100000006,2026-09-06 07:45:00,18.85638729282713,72.46030337372089
100000007,2026-09-06 07:45:00,18.773631967287773,72.70423680698305
100000008,2026-09-06 07:45:00,19.02849294113341,72.32776506419751
100000009,2026-09-06 07:45:00,19.122832993052665,72.90930710456232
100000010,2026-09-06 07:45:00,19.013724782628458,72.4910231200083
999999999,2026-09-06 07:45:00,18.938750000000006,72.73875000000001
100000001,2026-09-06 07:50:00,19.055752606951103,72.7933219616896
100000002,2026-09-06 07:50:00,18.631962885351356,72.74552197630112
100000003,2026-09-06 07:50:00,18.699832657131477,72.94204730106837
100000004,2026-09-06 07:50:00,18.83703780966489,72.37452492122691
100000005,2026-09-06 07:50:00,18.872465439106062,72.51344234297976
100000006,2026-09-06 07:50:00,18.855140160718342,72.45950154478066
100000007,2026-09-06 07:50:00,18.771830009980725,72.70432221361352
100000008,2026-09-06 07:50:00,19.02913821024482,72.32578820893963
100000009,2026-09-06 07:50:00,19.12562678525111,72.91115748865101
100000010,2026-09-06 07:50:00,19.01483018078753,72.49066403497073
999999999,2026-09-06 07:50:00,18.93708333333334,72.73708333333335
100000001,2026-09-06 07:55:00,19.057144570601974,72.79391391259479
100000002,2026-09-06 07:55:00,18.629311387024362,72.74771903317577
100000003,2026-09-06 07:55:00,18.69695616409725,72.94486676018134
100000004,2026-09-06 07:55:00,18.835128759468134,72.37262534828602
100000005,2026-09-06 07:55:00,18.872057109217916,72.51218971782095
100000006,2026-09-06 07:55:00,18.85389302860955,72.45869971584042
100000007,2026-09-06 07:55:00,18.770028052673673,72.70440762024401
100000008,2026-09-06 07:55:00,19.02978347935623,72.32381135368175
100000009,2026-09-06 07:55:00,19.128420577449557,72.91300787273971
100000010,2026-09-06 07:55:00,19.015935578946607,72.49030494993318
999999999,2026-09-06 07:55:00,18.935416666666676,72.73541666666668
100000001,2026-09-06 08:00:00,19.05853653425284,72.79450586349996
100000002,2026-09-06 08:00:00,18.62665988869737,72.74991609005042
100000003,2026-09-06 08:00:00,18.694079671063026,72.94768621929431
100000004,2026-09-06 08:00:00,18.833219709271376,72.37072577534515
100000005,2026-09-06 08:00:00,18.871648779329767,72.51093709266213
100000006,2026-09-06 08:00:00,18.852645896500764,72.45789788690018
100000007,2026-09-06 08:00:00,18.768226095366625,72.70449302687449
100000008,2026-09-06 08:00:00,19.03042874846764,72.32183449842388
100000009,2026-09-06 08:00:00,19.131214369648006,72.91485825682841
100000010,2026-09-06 08:00:00,19.01704097710568,72.48994586489562
999999999,2026-09-06 08:00:00,18.93375000000001,72.73375000000001
100000001,2026-09-06 08:05:00,19.05992849790371,72.79509781440515
100000002,2026-09-06 08:05:00,18.62400839037038,72.75211314692507
100000003,2026-09-06 08:05:00,18.6912031780288,72.95050567840728
100000004,2026-09-06 08:05:00,18.831310659074617,72.36882620240426
100000005,2026-09-06 08:05:00,18.871240449441622,72.50968446750332
100000006,2026-09-06 08:05:00,18.851398764391973,72.45709605795994
100000007,2026-09-06 08:05:00,18.766424138059573,72.70457843350498
100000008,2026-09-06 08:05:00,19.031074017579044,72.319857643166
100000009,2026-09-06 08:05:00,19.134008161846452,72.91670864091711
100000010,2026-09-06 08:05:00,19.018146375264752,72.48958677985804
999999999,2026-09-06 08:05:00,18.932083333333345,72.73208333333335
100000001,2026-09-06 08:10:00,19.06132046155458,72.79568976531033
100000002,2026-09-06 08:10:00,18.62135689204339,72.75431020379972
100000003,2026-09-06 08:10:00,18.688326684994575,72.95332513752027
100000004,2026-09-06 08:10:00,18.82940160887786,72.36692662946339
100000005,2026-09-06 08:10:00,18.870832119553473,72.5084318423445
100000006,2026-09-06 08:10:00,18.850151632283186,72.4562942290197
100000007,2026-09-06 08:10:00,18.764622180752525,72.70466384013545
100000008,2026-09-06 08:10:00,19.031719286690453,72.31788078790812
100000009,2026-09-06 08:10:00,19.1368019540449,72.9185590250058
100000010,2026-09-06 08:10:00,19.019251773423825,72.48922769482049
999999999,2026-09-06 08:10:00,18.93041666666668,72.73041666666668
100000001,2026-09-06 08:15:00,19.062712425205447,72.79628171621552
100000002,2026-09-06 08:15:00,18.6187053937164,72.75650726067437
100000003,2026-09-06 08:15:00,18.68545019196035,72.95614459663324
100000004,2026-09-06 08:15:00,18.827492558681104,72.36502705652251
100000005,2026-09-06 08:15:00,18.870423789665328,72.5071792171857
100000006,2026-09-06 08:15:00,18.8489045001744,72.45549240007946
100000007,2026-09-06 08:15:00,18.762820223445473,72.70474924676594
100000008,2026-09-06 08:15:00,19.032364555801863,72.31590393265024
100000009,2026-09-06 08:15:00,19.139595746243348,72.9204094090945
100000010,2026-09-06 08:15:00,19.020357171582898,72.48886860978293
999999999,2026-09-06 08:15:00,18.928750000000015,72.72875000000002
100000001,2026-09-06 08:20:00,19.064104388856315,72.79687366712069
100000002,2026-09-06 08:20:00,18.61605389538941,72.75870431754902
100000003,2026-09-06 08:20:00,18.682573698926124,72.95896405574621
100000004,2026-09-06 08:20:00,18.825583508484346,72.36312748358162
100000005,2026-09-06 08:20:00,18.87001545977718,72.50592659202688
100000006,2026-09-06 08:20:00,18.847657368065608,72.45469057113924
100000007,2026-09-06 08:20:00,18.761018266138425,72.70483465339642
100000008,2026-09-06 08:20:00,19.03300982491327,72.31392707739238
100000009,2026-09-06 08:20:00,19.142389538441794,72.9222597931832
100000010,2026-09-06 08:20:00,19.02146256974197,72.48850952474537
999999999,2026-09-06 08:20:00,18.92708333333335,72.72708333333335
100000001,2026-09-06 08:25:00,19.065496352507182,72.79746561802588
100000002,2026-09-06 08:25:00,18.61340239706242,72.76090137442367
100000003,2026-09-06 08:25:00,18.679697205891898,72.96178351485918
100000004,2026-09-06 08:25:00,18.823674458287588,72.36122791064075
100000005,2026-09-06 08:25:00,18.869607129889033,72.50467396686807
100000006,2026-09-06 08:25:00,18.84641023595682,72.453888742199
100000007,2026-09-06 08:25:00,18.759216308831373,72.70492006002691
100000008,2026-09-06 08:25:00,19.03365509402468,72.3119502221345
100000009,2026-09-06 08:25:00,19.145183330640243,72.9241101772719
100000010,2026-09-06 08:25:00,19.022567967901043,72.4881504397078
999999999,2026-09-06 08:25:00,18.925416666666685,72.72541666666669
100000001,2026-09-06 08:30:00,19.066888316158053,72.79805756893106
100000002,2026-09-06 08:30:00,18.61075089873543,72.76309843129832
100000003,2026-09-06 08:30:00,18.676820712857673,72.96460297397215
100000004,2026-09-06 08:30:00,18.82176540809083,72.35932833769986
100000005,2026-09-06 08:30:00,18.869198800000884,72.50342134170926
100000006,2026-09-06 08:30:00,18.84516310384803,72.45308691325876
100000007,2026-09-06 08:30:00,18.757414351524325,72.70500546665738
100000008,2026-09-06 08:30:00,19.03430036313609,72.30997336687662
100000009,2026-09-06 08:30:00,19.14797712283869,72.9259605613606
100000010,2026-09-06 08:30:00,19.023673366060116,72.48779135467024
999999999,2026-09-06 08:30:00,18.92375000000002,72.72375000000002
100000001,2026-09-06 08:35:00,19.06828027980892,72.79864951983625
100000002,2026-09-06 08:35:00,18.608099400408438,72.76529548817297
100000003,2026-09-06 08:35:00,18.673944219823447,72.96742243308512
100000004,2026-09-06 08:35:00,18.819856357894075,72.35742876475899
100000005,2026-09-06 08:35:00,18.86879047011274,72.50216871655044
100000006,2026-09-06 08:35:00,18.843915971739243,72.45228508431852
100000007,2026-09-06 08:35:00,18.755612394217277,72.70509087328786
100000008,2026-09-06 08:35:00,19.0349456322475,72.30799651161874
100000009,2026-09-06 08:35:00,19.150770915037135,72.92781094544931
100000010,2026-09-06 08:35:00,19.02477876421919,72.48743226963268
999999999,2026-09-06 08:35:00,18.922083333333354,72.72208333333336
100000001,2026-09-06 08:40:00,19.069672243459788,72.79924147074142
100000002,2026-09-06 08:40:00,18.605447902081448,72.76749254504762
100000003,2026-09-06 08:40:00,18.671067726789225,72.97024189219809
100000004,2026-09-06 08:40:00,18.817947307697317,72.3555291918181
100000005,2026-09-06 08:40:00,18.86838214022459,72.50091609139163
100000006,2026-09-06 08:40:00,18.842668839630456,72.45148325537828
100000007,2026-09-06 08:40:00,18.753810436910225,72.70517627991835
100000008,2026-09-06 08:40:00,19.035590901358905,72.30601965636087
100000009,2026-09-06 08:40:00,19.153564707235585,72.929661329538
100000010,2026-09-06 08:40:00,19.02588416237826,72.4870731845951
999999999,2026-09-06 08:40:00,18.92041666666669,72.7204166666667
100000001,2026-09-06 08:45:00,19.071064207110656,72.79983342164661
100000002,2026-09-06 08:45:00,18.602796403754457,72.76968960192227
100000003,2026-09-06 08:45:00,18.668191233755,72.97306135131106
100000004,2026-09-06 08:45:00,18.81603825750056,72.35362961887724
100000005,2026-09-06 08:45:00,18.867973810336444,72.49966346623282
100000006,2026-09-06 08:45:00,18.841421707521665,72.45068142643804
100000007,2026-09-06 08:45:00,18.752008479603177,72.70526168654882
100000008,2026-09-06 08:45:00,19.036236170470314,72.304042801103
100000009,2026-09-06 08:45:00,19.15635849943403,72.9315117136267
100000010,2026-09-06 08:45:00,19.026989560537334,72.48671409955755
999999999,2026-09-06 08:45:00,18.918750000000024,72.71875000000003
100000001,2026-09-06 08:50:00,19.072456170761527,72.80042537255179
100000002,2026-09-06 08:50:00,18.600144905427467,72.77188665879692
100000003,2026-09-06 08:50:00,18.665314740720774,72.97588081042403
100000004,2026-09-06 08:50:00,18.8141292073038,72.35173004593635
100000005,2026-09-06 08:50:00,18.867565480448295,72.498410841074
100000006,2026-09-06 08:50:00,18.840174575412878,72.4498795974978
100000007,2026-09-06 08:50:00,18.750206522296125,72.70534709317931
100000008,2026-09-06 08:50:00,19.036881439581723,72.30206594584511
100000009,2026-09-06 08:50:00,19.159152291632477,72.9333620977154
100000010,2026-09-06 08:50:00,19.028094958696407,72.48635501451999
999999999,2026-09-06 08:50:00,18.91708333333336,72.71708333333336
100000001,2026-09-06 08:55:00,19.073848134412394,72.80101732345697
100000002,2026-09-06 08:55:00,18.597493407100472,72.77408371567157
100000003,2026-09-06 08:55:00,18.66243824768655,72.97870026953701
100000004,2026-09-06 08:55:00,18.812220157107046,72.34983047299548
100000005,2026-09-06 08:55:00,18.86715715056015,72.4971582159152
100000006,2026-09-06 08:55:00,18.838927443304087,72.44907776855757
100000007,2026-09-06 08:55:00,18.748404564989077,72.70543249980979
100000008,2026-09-06 08:55:00,19.037526708693132,72.30008909058724
100000009,2026-09-06 08:55:00,19.161946083830927,72.9352124818041
100000010,2026-09-06 08:55:00,19.02920035685548,72.48599592948243
999999999,2026-09-06 08:55:00,18.915416666666694,72.7154166666667
100000001,2026-09-06 09:00:00,19.07524009806326,72.80160927436215
100000002,2026-09-06 09:00:00,18.594841908773482,72.77628077254622
100000003,2026-09-06 09:00:00,18.659561754652323,72.98151972864999
100000004,2026-09-06 09:00:00,18.810311106910287,72.34793090005459
100000005,2026-09-06 09:00:00,18.866748820672,72.4959055907564
100000006,2026-09-06 09:00:00,18.8376803111953,72.44827593961733
100000007,2026-09-06 09:00:00,18.746602607682025,72.70551790644028
100000008,2026-09-06 09:00:00,19.03817197780454,72.29811223532937
100000009,2026-09-06 09:00:00,19.164739876029373,72.9370628658928
100000010,2026-09-06 09:00:00,19.030305755014552,72.48563684444485
999999999,2026-09-06 09:00:00,18.91375000000003,72.71375000000003
100000001,2026-09-06 09:05:00,19.076632061714133,72.80220122526734
100000002,2026-09-06 09:05:00,18.59219041044649,72.77847782942086
100000003,2026-09-06 09:05:00,18.656685261618097,72.98433918776296
100000004,2026-09-06 09:05:00,18.80840205671353,72.3460313271137
100000005,2026-09-06 09:05:00,18.866340490783852,72.49465296559758
100000006,2026-09-06 09:05:00,18.836433179086512,72.44747411067709
100000007,2026-09-06 09:05:00,18.744800650374977,72.70560331307075
100000008,2026-09-06 09:05:00,19.03881724691595,72.29613538007149
100000009,2026-09-06 09:05:00,19.167533668227822,72.9389132499815
100000010,2026-09-06 09:05:00,19.031411153173625,72.4852777594073
999999999,2026-09-06 09:05:00,18.912083333333364,72.71208333333337
100000001,2026-09-06 09:10:00,19.078024025365,72.80279317617251
100000002,2026-09-06 09:10:00,18.5895389121195,72.78067488629551
100000003,2026-09-06 09:10:00,18.653808768583872,72.98715864687593
100000004,2026-09-06 09:10:00,18.80649300651677,72.34413175417284
100000005,2026-09-06 09:10:00,18.865932160895706,72.49340034043877
100000006,2026-09-06 09:10:00,18.83518604697772,72.44667228173685
100000007,2026-09-06 09:10:00,18.742998693067925,72.70568871970123
100000008,2026-09-06 09:10:00,19.039462516027356,72.29415852481361
100000009,2026-09-06 09:10:00,19.170327460426268,72.9407636340702
100000010,2026-09-06 09:10:00,19.032516551332698,72.48491867436974
999999999,2026-09-06 09:10:00,18.9104166666667,72.7104166666667
100000001,2026-09-06 09:15:00,19.079415989015867,72.8033851270777
100000002,2026-09-06 09:15:00,18.58688741379251,72.78287194317016
100000003,2026-09-06 09:15:00,18.650932275549646,72.9899781059889
100000004,2026-09-06 09:15:00,18.804583956320013,72.34223218123195
100000005,2026-09-06 09:15:00,18.865523831007557,72.49214771527996
100000006,2026-09-06 09:15:00,18.833938914868934,72.44587045279661
100000007,2026-09-06 09:15:00,18.741196735760877,72.70577412633172
100000008,2026-09-06 09:15:00,19.040107785138765,72.29218166955573
100000009,2026-09-06 09:15:00,19.173121252624714,72.94261401815889
100000010,2026-09-06 09:15:00,19.03362194949177,72.48455958933218
999999999,2026-09-06 09:15:00,18.908750000000033,72.70875000000004
100000001,2026-09-06 09:20:00,19.080807952666735,72.80397707798288
100000002,2026-09-06 09:20:00,18.58423591546552,72.78506900004481
100000003,2026-09-06 09:20:00,18.64805578251542,72.99279756510187
100000004,2026-09-06 09:20:00,18.802674906123258,72.34033260829108
100000005,2026-09-06 09:20:00,18.865115501119412,72.49089509012114
100000006,2026-09-06 09:20:00,18.832691782760143,72.44506862385637
100000007,2026-09-06 09:20:00,18.73939477845383,72.7058595329622
100000008,2026-09-06 09:20:00,19.040753054250175,72.29020481429785
100000009,2026-09-06 09:20:00,19.175915044823164,72.94446440224759
100000010,2026-09-06 09:20:00,19.034727347650847,72.4842005042946
999999999,2026-09-06 09:20:00,18.907083333333368,72.70708333333337
100000001,2026-09-06 09:25:00,19.082199916317606,72.80456902888807
100000002,2026-09-06 09:25:00,18.58158441713853,72.78726605691946
100000003,2026-09-06 09:25:00,18.645179289481195,72.99561702421484
100000004,2026-09-06 09:25:00,18.8007658559265,72.33843303535019
100000005,2026-09-06 09:25:00,18.864707171231263,72.48964246496233
100000006,2026-09-06 09:25:00,18.831444650651356,72.44426679491615
100000007,2026-09-06 09:25:00,18.737592821146777,72.70594493959268
100000008,2026-09-06 09:25:00,19.041398323361584,72.28822795903999
100000009,2026-09-06 09:25:00,19.17870883702161,72.94631478633629
100000010,2026-09-06 09:25:00,19.03583274580992,72.48384141925705
999999999,2026-09-06 09:25:00,18.905416666666703,72.70541666666671
100000001,2026-09-06 09:30:00,19.083591879968473,72.80516097979324
100000002,2026-09-06 09:30:00,18.57893291881154,72.78946311379411
100000003,2026-09-06 09:30:00,18.642302796446973,72.99843648332781
100000004,2026-09-06 09:30:00,18.79885680572974,72.33653346240932
100000005,2026-09-06 09:30:00,18.864298841343118,72.48838983980352
100000006,2026-09-06 09:30:00,18.830197518542565,72.4434649659759
100000007,2026-09-06 09:30:00,18.73579086383973,72.70603034622316
100000008,2026-09-06 09:30:00,19.042043592472993,72.2862511037821
100000009,2026-09-06 09:30:00,19.18150262922006,72.94816517042499
100000010,2026-09-06 09:30:00,19.036938143968992,72.48348233421949
999999999,2026-09-06 09:30:00,18.903750000000038,72.70375000000004
100000001,2026-09-06 09:35:00,19.08498384361934,72.80575293069843
100000002,2026-09-06 09:35:00,18.57628142048455,72.79166017066876
100000003,2026-09-06 09:35:00,18.639426303412748,73.00125594244078
100000004,2026-09-06 09:35:00,18.796947755532983,72.33463388946844
100000005,2026-09-06 09:35:00,18.86389051145497,72.4871372146447
100000006,2026-09-06 09:35:00,18.828950386433778,72.44266313703567
100000007,2026-09-06 09:35:00,18.733988906532677,72.70611575285365
100000008,2026-09-06 09:35:00,19.042688861584402,72.28427424852423
100000009,2026-09-06 09:35:00,19.184296421418505,72.95001555451368
100000010,2026-09-06 09:35:00,19.038043542128065,72.48312324918193
999999999,2026-09-06 09:35:00,18.902083333333373,72.70208333333338
100000001,2026-09-06 09:40:00,19.08637580727021,72.80634488160361
100000002,2026-09-06 09:40:00,18.573629922157558,72.79385722754341
100000003,2026-09-06 09:40:00,18.636549810378522,73.00407540155375
100000004,2026-09-06 09:40:00,18.79503870533623,72.33273431652756
100000005,2026-09-06 09:40:00,18.863482181566823,72.48588458948589
100000006,2026-09-06 09:40:00,18.82770325432499,72.44186130809543
100000007,2026-09-06 09:40:00,18.73218694922563,72.70620115948412
100000008,2026-09-06 09:40:00,19.04333413069581,72.28229739326635
100000009,2026-09-06 09:40:00,19.18709021361695,72.95186593860238
100000010,2026-09-06 09:40:00,19.039148940287138,72.48276416414436
999999999,2026-09-06 09:40:00,18.900416666666707,72.70041666666671
100000001,2026-09-06 09:45:00,19.08776777092108,72.8069368325088
100000002,2026-09-06 09:45:00,18.570978423830567,72.79605428441806
100000003,2026-09-06 09:45:00,18.633673317344297,73.00689486066673
100000004,2026-09-06 09:45:00,18.79312965513947,72.33083474358668
100000005,2026-09-06 09:45:00,18.863073851678674,72.48463196432708
100000006,2026-09-06 09:45:00,18.8264561222162,72.44105947915519
100000007,2026-09-06 09:45:00,18.730384991918577,72.70628656611461
100000008,2026-09-06 09:45:00,19.043979399807217,72.28032053800848
100000009,2026-09-06 09:45:00,19.1898840058154,72.95371632269108
100000010,2026-09-06 09:45:00,19.04025433844621,72.4824050791068
999999999,2026-09-06 09:45:00,18.898750000000042,72.69875000000005
100000001,2026-09-06 09:50:00,19.089159734571947,72.80752878341399
100000002,2026-09-06 09:50:00,18.568326925503577,72.79825134129271
100000003,2026-09-06 09:50:00,18.63079682431007,73.0097143197797
100000004,2026-09-06 09:50:00,18.791220604942712,72.32893517064579
100000005,2026-09-06 09:50:00,18.86266552179053,72.48337933916827
100000006,2026-09-06 09:50:00,18.825208990107413,72.44025765021495
100000007,2026-09-06 09:50:00,18.72858303461153,72.70637197274509
100000008,2026-09-06 09:50:00,19.044624668918626,72.2783436827506
100000009,2026-09-06 09:50:00,19.192677798013847,72.95556670677978
100000010,2026-09-06 09:50:00,19.041359736605283,72.48204599406924
999999999,2026-09-06 09:50:00,18.897083333333377,72.69708333333338
100000001,2026-09-06 09:55:00,19.090551698222814,72.80812073431916
100000002,2026-09-06 09:55:00,18.565675427176586,72.80044839816736
100000003,2026-09-06 09:55:00,18.627920331275845,73.01253377889267
100000004,2026-09-06 09:55:00,18.789311554745954,72.32703559770492
100000005,2026-09-06 09:55:00,18.86225719190238,72.48212671400945
100000006,2026-09-06 09:55:00,18.823961857998622,72.4394558212747
100000007,2026-09-06 09:55:00,18.726781077304476,72.70645737937556
100000008,2026-09-06 09:55:00,19.045269938030035,72.27636682749272
100000009,2026-09-06 09:55:00,19.195471590212293,72.95741709086849
100000010,2026-09-06 09:55:00,19.042465134764356,72.48168690903168
999999999,2026-09-06 09:55:00,18.895416666666712,72.69541666666672
100000001,2026-09-06 10:00:00,19.091943661873685,72.80871268522435
100000002,2026-09-06 10:00:00,18.563023928849592,72.80264545504201
100000003,2026-09-06 10:00:00,18.62504383824162,73.01535323800564
100000004,2026-09-06 10:00:00,18.7874025045492,72.32513602476403
100000005,2026-09-06 10:00:00,18.861848862014234,72.48087408885064
100000006,2026-09-06 10:00:00,18.822714725889835,72.43865399233448
100000007,2026-09-06 10:00:00,18.72497911999743,72.70654278600605
100000008,2026-09-06 10:00:00,19.045915207141444,72.27438997223484
100000009,2026-09-06 10:00:00,19.198265382410742,72.95926747495719
100000010,2026-09-06 10:00:00,19.04357053292343,72.4813278239941
999999999,2026-09-06 10:00:00,18.893750000000047,72.69375000000005
100000001,2026-09-06 10:05:00,19.093335625524553,72.80930463612953
100000002,2026-09-06 10:05:00,18.5603724305226,72.80484251191666
100000003,2026-09-06 10:05:00,18.622167345207394,73.01817269711862
100000004,2026-09-06 10:05:00,18.78549345435244,72.32323645182316
100000005,2026-09-06 10:05:00,18.861440532126085,72.47962146369184
100000006,2026-09-06 10:05:00,18.821467593781048,72.43785216339424
100000007,2026-09-06 10:05:00,18.723177162690376,72.70662819263653
100000008,2026-09-06 10:05:00,19.046560476252854,72.27241311697698
100000009,2026-09-06 10:05:00,19.20105917460919,72.96111785904588
100000010,2026-09-06 10:05:00,19.0446759310825,72.48096873895655
999999999,2026-09-06 10:05:00,18.89208333333338,72.69208333333339
100000001,2026-09-06 10:10:00,19.09472758917542,72.80989658703471
100000002,2026-09-06 10:10:00,18.55772093219561,72.80703956879131
100000003,2026-09-06 10:10:00,18.61929085217317,73.02099215623159
100000004,2026-09-06 10:10:00,18.783584404155683,72.32133687888228
100000005,2026-09-06 10:10:00,18.86103220223794,72.47836883853303
100000006,2026-09-06 10:10:00,18.820220461672257,72.437050334454
100000007,2026-09-06 10:10:00,18.721375205383328,72.70671359926702
100000008,2026-09-06 10:10:00,19.047205745364263,72.2704362617191
100000009,2026-09-06 10:10:00,19.203852966807638,72.96296824313458
100000010,2026-09-06 10:10:00,19.045781329241574,72.48060965391899
999999999,2026-09-06 10:10:00,18.890416666666717,72.69041666666672
100000001,2026-09-06 10:15:00,19.096119552826288,72.81048853793989
100000002,2026-09-06 10:15:00,18.55506943386862,72.80923662566596
100000003,2026-09-06 10:15:00,18.616414359138943,73.02381161534456
100000004,2026-09-06 10:15:00,18.781675353958924,72.3194373059414
100000005,2026-09-06 10:15:00,18.86062387234979,72.47711621337422
100000006,2026-09-06 10:15:00,18.81897332956347,72.43624850551376
100000007,2026-09-06 10:15:00,18.71957324807628,72.7067990058975
100000008,2026-09-06 10:15:00,19.047851014475672,72.26845940646122
100000009,2026-09-06 10:15:00,19.206646759006084,72.96481862722328
100000010,2026-09-06 10:15:00,19.046886727400647,72.48025056888143
999999999,2026-09-06 10:15:00,18.88875000000005,72.68875000000006
100000001,2026-09-06 10:20:00,19.09751151647716,72.81108048884508
100000002,2026-09-06 10:20:00,18.55241793554163,72.81143368254061
100000003,2026-09-06 10:20:00,18.61353786610472,73.02663107445753
100000004,2026-09-06 10:20:00,18.77976630376217,72.31753773300052
100000005,2026-09-06 10:20:00,18.860215542461646,72.4758635882154
100000006,2026-09-06 10:20:00,18.81772619745468,72.43544667657352
100000007,2026-09-06 10:20:00,18.717771290769228,72.70688441252798
100000008,2026-09-06 10:20:00,19.048496283587077,72.26648255120334
100000009,2026-09-06 10:20:00,19.20944055120453,72.96666901131198
100000010,2026-09-06 10:20:00,19.04799212555972,72.47989148384386
999999999,2026-09-06 10:20:00,18.887083333333386,72.68708333333339
100000001,2026-09-06 10:25:00,19.098903480128026,72.81167243975025
100000002,2026-09-06 10:25:00,18.54976643721464,72.81363073941526
100000003,2026-09-06 10:25:00,18.610661373070496,73.0294505335705
100000004,2026-09-06 10:25:00,18.77785725356541,72.31563816005965
100000005,2026-09-06 10:25:00,18.859807212573497,72.47461096305659
100000006,2026-09-06 10:25:00,18.81647906534589,72.43464484763328
100000007,2026-09-06 10:25:00,18.71596933346218,72.70696981915846
100000008,2026-09-06 10:25:00,19.049141552698487,72.26450569594547
100000009,2026-09-06 10:25:00,19.21223434340298,72.96851939540068
100000010,2026-09-06 10:25:00,19.049097523718793,72.4795323988063
999999999,2026-09-06 10:25:00,18.88541666666672,72.68541666666673
100000001,2026-09-06 10:30:00,19.100295443778894,72.81226439065544
100000002,2026-09-06 10:30:00,18.54711493888765,72.81582779628991
100000003,2026-09-06 10:30:00,18.60778488003627,73.03226999268348
100000004,2026-09-06 10:30:00,18.775948203368653,72.31373858711876
100000005,2026-09-06 10:30:00,18.85939888268535,72.47335833789778
100000006,2026-09-06 10:30:00,18.815231933237104,72.43384301869305
100000007,2026-09-06 10:30:00,18.714167376155128,72.70705522578895
100000008,2026-09-06 10:30:00,19.049786821809896,72.2625288406876
100000009,2026-09-06 10:30:00,19.215028135601425,72.97036977948937
100000010,2026-09-06 10:30:00,19.050202921877865,72.47917331376874
999999999,2026-09-06 10:30:00,18.883750000000056,72.68375000000006
100000001,2026-09-06 10:35:00,19.10168740742976,72.81285634156062
100000002,2026-09-06 10:35:00,18.54446344056066,72.81802485316456
100000003,2026-09-06 10:35:00,18.604908387002045,73.03508945179645
100000004,2026-09-06 10:35:00,18.774039153171895,72.31183901417788
100000005,2026-09-06 10:35:00,18.858990552797202,72.47210571273897
100000006,2026-09-06 10:35:00,18.813984801128314,72.43304118975281
100000007,2026-09-06 10:35:00,18.71236541884808,72.70714063241942
100000008,2026-09-06 10:35:00,19.050432090921305,72.26055198542971
100000009,2026-09-06 10:35:00,19.217821927799875,72.97222016357807
100000010,2026-09-06 10:35:00,19.051308320036938,72.47881422873118
999999999,2026-09-06 10:35:00,18.88208333333339,72.6820833333334
100000001,2026-09-06 10:40:00,19.103079371080632,72.81344829246581
100000002,2026-09-06 10:40:00,18.541811942233668,72.82022191003921
100000003,2026-09-06 10:40:00,18.60203189396782,73.03790891090942
100000004,2026-09-06 10:40:00,18.77213010297514,72.309939441237
100000005,2026-09-06 10:40:00,18.858582222909053,72.47085308758015
100000006,2026-09-06 10:40:00,18.812737669019526,72.43223936081257
100000007,2026-09-06 10:40:00,18.710563461541028,72.7072260390499
100000008,2026-09-06 10:40:00,19.051077360032714,72.25857513017183
100000009,2026-09-06 10:40:00,19.22061571999832,72.97407054766677
100000010,2026-09-06 10:40:00,19.05241371819601,72.47845514369361
999999999,2026-09-06 10:40:00,18.880416666666726,72.68041666666673
100000001,2026-09-06 10:45:00,19.1044713347315,72.81404024337098
100000002,2026-09-06 10:45:00,18.539160443906678,72.82241896691386
100000003,2026-09-06 10:45:00,18.599155400933594,73.04072837002239
100000004,2026-09-06 10:45:00,18.770221052778382,72.30803986829612
100000005,2026-09-06 10:45:00,18.858173893020908,72.46960046242134
100000006,2026-09-06 10:45:00,18.811490536910735,72.43143753187233
100000007,2026-09-06 10:45:00,18.70876150423398,72.70731144568039
100000008,2026-09-06 10:45:00,19.051722629144123,72.25659827491396
100000009,2026-09-06 10:45:00,19.223409512196767,72.97592093175547
100000010,2026-09-06 10:45:00,19.053519116355083,72.47809605865605
999999999,2026-09-06 10:45:00,18.87875000000006,72.67875000000006
100000001,2026-09-06 10:50:00,19.105863298382367,72.81463219427617
100000002,2026-09-06 10:50:00,18.536508945579687,72.82461602378851
100000003,2026-09-06 10:50:00,18.596278907899368,73.04354782913536
100000004,2026-09-06 10:50:00,18.768312002581624,72.30614029535525
100000005,2026-09-06 10:50:00,18.85776556313276,72.46834783726253
100000006,2026-09-06 10:50:00,18.81024340480195,72.4306357029321
100000007,2026-09-06 10:50:00,18.706959546926928,72.70739685231086
100000008,2026-09-06 10:50:00,19.05236789825553,72.25462141965609
100000009,2026-09-06 10:50:00,19.226203304395217,72.97777131584417
100000010,2026-09-06 10:50:00,19.05462451451416,72.47773697361849
999999999,2026-09-06 10:50:00,18.877083333333395,72.6770833333334
100000001,2026-09-06 10:55:00,19.107255262033238,72.81522414518135
100000002,2026-09-06 10:55:00,18.533857447252696,72.82681308066316
100000003,2026-09-06 10:55:00,18.593402414865142,73.04636728824833
100000004,2026-09-06 10:55:00,18.766402952384865,72.30424072241436
100000005,2026-09-06 10:55:00,18.857357233244613,72.46709521210371
100000006,2026-09-06 10:55:00,18.80899627269316,72.42983387399185
100000007,2026-09-06 10:55:00,18.70515758961988,72.70748225894135
100000008,2026-09-06 10:55:00,19.053013167366938,72.25264456439821
100000009,2026-09-06 10:55:00,19.228997096593663,72.97962169993286
100000010,2026-09-06 10:55:00,19.055729912673232,72.47737788858093
999999999,2026-09-06 10:55:00,18.87541666666673,72.67541666666673
100000001,2026-09-06 11:00:00,19.108647225684106,72.81581609608654
100000002,2026-09-06 11:00:00,18.531205948925702,72.82901013753781
100000003,2026-09-06 11:00:00,18.590525921830917,73.0491867473613
100000004,2026-09-06 11:00:00,18.764493902188107,72.30234114947349
100000005,2026-09-06 11:00:00,18.856948903356464,72.4658425869449
100000006,2026-09-06 11:00:00,18.80774914058437,72.42903204505163
100000007,2026-09-06 11:00:00,18.70335563231283,72.70756766557183
100000008,2026-09-06 11:00:00,19.053658436478347,72.25066770914033
100000009,2026-09-06 11:00:00,19.23179088879211,72.98147208402156
100000010,2026-09-06 11:00:00,19.056835310832305,72.47701880354336
999999999,2026-09-06 11:00:00,18.873750000000065,72.67375000000007
100000001,2026-09-06 11:05:00,19.110039189334973,72.81640804699171
100000002,2026-09-06 11:05:00,18.528554450598712,72.83120719441246
100000003,2026-09-06 11:05:00,18.587649428796695,73.05200620647427
100000004,2026-09-06 11:05:00,18.762584851991353,72.3004415765326
100000005,2026-09-06 11:05:00,18.85654057346832,72.46458996178609
100000006,2026-09-06 11:05:00,18.806502008475583,72.42823021611139
100000007,2026-09-06 11:05:00,18.70155367500578,72.70765307220232
100000008,2026-09-06 11:05:00,19.054303705589756,72.24869085388245
100000009,2026-09-06 11:05:00,19.234584680990558,72.98332246811026
100000010,2026-09-06 11:05:00,19.057940708991378,72.4766597185058
999999999,2026-09-06 11:05:00,18.8720833333334,72.6720833333334
100000001,2026-09-06 11:10:00,19.11143115298584,72.8169999978969
100000002,2026-09-06 11:10:00,18.52590295227172,72.8334042512871
100000003,2026-09-06 11:10:00,18.58477293576247,73.05482566558724
100000004,2026-09-06 11:10:00,18.760675801794594,72.29854200359173
100000005,2026-09-06 11:10:00,18.85613224358017,72.46333733662728
100000006,2026-09-06 11:10:00,18.805254876366792,72.42742838717115
100000007,2026-09-06 11:10:00,18.69975171769873,72.7077384788328
100000008,2026-09-06 11:10:00,19.054948974701166,72.24671399862459
100000009,2026-09-06 11:10:00,19.237378473189004,72.98517285219897
100000010,2026-09-06 11:10:00,19.05904610715045,72.47630063346824
999999999,2026-09-06 11:10:00,18.870416666666735,72.67041666666674
100000001,2026-09-06 11:15:00,19.11282311663671,72.81759194880208
100000002,2026-09-06 11:15:00,18.52325145394473,72.83560130816176
100000003,2026-09-06 11:15:00,18.581896442728244,73.05764512470023
100000004,2026-09-06 11:15:00,18.758766751597836,72.29664243065085
100000005,2026-09-06 11:15:00,18.855723913692024,72.46208471146846
100000006,2026-09-06 11:15:00,18.804007744258005,72.42662655823091
100000007,2026-09-06 11:15:00,18.69794976039168,72.70782388546328
100000008,2026-09-06 11:15:00,19.055594243812575,72.2447371433667
100000009,2026-09-06 11:15:00,19.240172265387454,72.98702323628767
100000010,2026-09-06 11:15:00,19.060151505309523,72.47594154843068
999999999,2026-09-06 11:15:00,18.86875000000007,72.66875000000007
100000001,2026-09-06 11:20:00,19.11421508028758,72.81818389970726
100000002,2026-09-06 11:20:00,18.52059995561774,72.8377983650364
100000003,2026-09-06 11:20:00,18.57901994969402,73.0604645838132
100000004,2026-09-06 11:20:00,18.756857701401078,72.29474285770996
100000005,2026-09-06 11:20:00,18.855315583803876,72.46083208630967
100000006,2026-09-06 11:20:00,18.802760612149214,72.42582472929067
100000007,2026-09-06 11:20:00,18.69614780308463,72.70790929209376
100000008,2026-09-06 11:20:00,19.056239512923984,72.24276028810883
100000009,2026-09-06 11:20:00,19.2429660575859,72.98887362037637
100000010,2026-09-06 11:20:00,19.061256903468596,72.47558246339311
999999999,2026-09-06 11:20:00,18.867083333333404,72.66708333333341
100000001,2026-09-06 11:25:00,19.115607043938446,72.81877585061244
100000002,2026-09-06 11:25:00,18.51794845729075,72.83999542191106
100000003,2026-09-06 11:25:00,18.576143456659793,73.06328404292617
100000004,2026-09-06 11:25:00,18.754948651204323,72.29284328476909
100000005,2026-09-06 11:25:00,18.85490725391573,72.45957946115085
100000006,2026-09-06 11:25:00,18.801513480040427,72.42502290035043
100000007,2026-09-06 11:25:00,18.69434584577758,72.70799469872424
100000008,2026-09-06 11:25:00,19.05688478203539,72.24078343285095
100000009,2026-09-06 11:25:00,19.245759849784346,72.99072400446506
100000010,2026-09-06 11:25:00,19.06236230162767,72.47522337835555
999999999,2026-09-06 11:25:00,18.86541666666674,72.66541666666674
100000001,2026-09-06 11:30:00,19.116999007589314,72.81936780151763
100000002,2026-09-06 11:30:00,18.51529695896376,72.8421924787857
100000003,2026-09-06 11:30:00,18.573266963625567,73.06610350203914
100000004,2026-09-06 11:30:00,18.753039601007565,72.2909437118282
100000005,2026-09-06 11:30:00,18.85449892402758,72.45832683599204
100000006,2026-09-06 11:30:00,18.80026634793164,72.42422107141019
100000007,2026-09-06 11:30:00,18.69254388847053,72.70808010535472
100000008,2026-09-06 11:30:00,19.0575300511468,72.23880657759308
100000009,2026-09-06 11:30:00,19.248553641982795,72.99257438855376
100000010,2026-09-06 11:30:00,19.06346769978674,72.47486429331799
999999999,2026-09-06 11:30:00,18.863750000000074,72.66375000000008
100000001,2026-09-06 11:35:00,19.118390971240185,72.8199597524228
100000002,2026-09-06 11:35:00,18.51264546063677,72.84438953566035
100000003,2026-09-06 11:35:00,18.57039047059134,73.06892296115211
100000004,2026-09-06 11:35:00,18.751130550810807,72.28904413888733
100000005,2026-09-06 11:35:00,18.854090594139436,72.45707421083323
100000006,2026-09-06 11:35:00,18.79901921582285,72.42341924246996
100000007,2026-09-06 11:35:00,18.69074193116348,72.7081655119852
100000008,2026-09-06 11:35:00,19.058175320258208,72.2368297223352
100000009,2026-09-06 11:35:00,19.25134743418124,72.99442477264246
100000010,2026-09-06 11:35:00,19.064573097945814,72.47450520828043
999999999,2026-09-06 11:35:00,18.86208333333341,72.66208333333341
100000001,2026-09-06 11:40:00,19.119782934891052,72.820551703328
100000002,2026-09-06 11:40:00,18.50999396230978,72.846586592535
100000003,2026-09-06 11:40:00,18.567513977557116,73.07174242026508
100000004,2026-09-06 11:40:00,18.74922150061405,72.28714456594645
100000005,2026-09-06 11:40:00,18.853682264251287,72.45582158567441
100000006,2026-09-06 11:40:00,18.79777208371406,72.42261741352972
100000007,2026-09-06 11:40:00,18.68893997385643,72.70825091861569
100000008,2026-09-06 11:40:00,19.058820589369617,72.23485286707732
100000009,2026-09-06 11:40:00,19.254141226379687,72.99627515673116
100000010,2026-09-06 11:40:00,19.065678496104887,72.47414612324286
999999999,2026-09-06 11:40:00,18.860416666666744,72.66041666666675
100000001,2026-09-06 11:45:00,19.12117489854192,72.82114365423317
100000002,2026-09-06 11:45:00,18.507342463982788,72.84878364940965
100000003,2026-09-06 11:45:00,18.56463748452289,73.07456187937805
100000004,2026-09-06 11:45:00,18.747312450417294,72.28524499300558
100000005,2026-09-06 11:45:00,18.85327393436314,72.4545689605156
100000006,2026-09-06 11:45:00,18.79652495160527,72.42181558458948
100000007,2026-09-06 11:45:00,18.68713801654938,72.70833632524617
100000008,2026-09-06 11:45:00,19.059465858481026,72.23287601181944
100000009,2026-09-06 11:45:00,19.256935018578137,72.99812554081986
100000010,2026-09-06 11:45:00,19.06678389426396,72.4737870382053
999999999,2026-09-06 11:45:00,18.85875000000008,72.65875000000008
100000001,2026-09-06 11:50:00,19.12256686219279,72.82173560513836
100000002,2026-09-06 11:50:00,18.504690965655797,72.8509807062843
100000003,2026-09-06 11:50:00,18.561760991488665,73.07738133849102
100000004,2026-09-06 11:50:00,18.745403400220535,72.28334542006469
100000005,2026-09-06 11:50:00,18.852865604474992,72.45331633535679
100000006,2026-09-06 11:50:00,18.795277819496484,72.42101375564924
100000007,2026-09-06 11:50:00,18.68533605924233,72.70842173187665
100000008,2026-09-06 11:50:00,19.060111127592435,72.23089915656158
100000009,2026-09-06 11:50:00,19.259728810776583,72.99997592490855
100000010,2026-09-06 11:50:00,19.067889292423033,72.47342795316774
999999999,2026-09-06 11:50:00,18.857083333333414,72.65708333333342
100000001,2026-09-06 11:55:00,19.12395882584366,72.82232755604353
100000002,2026-09-06 11:55:00,18.502039467328807,72.85317776315895
100000003,2026-09-06 11:55:00,18.558884498454443,73.080200797604
100000004,2026-09-06 11:55:00,18.743494350023777,72.28144584712382
100000005,2026-09-06 11:55:00,18.852457274586847,72.45206371019798
100000006,2026-09-06 11:55:00,18.794030687387696,72.420211926709
100000007,2026-09-06 11:55:00,18.683534101935283,72.70850713850713
100000008,2026-09-06 11:55:00,19.060756396703844,72.2289223013037
100000009,2026-09-06 11:55:00,19.262522602975032,73.00182630899725
100000010,2026-09-06 11:55:00,19.068994690582105,72.47306886813018
999999999,2026-09-06 11:55:00,18.85541666666675,72.65541666666675
