mmsi,timestamp,lat,lon
100000002,2019-07-28 00:00:00,-10.127299405763187,-28.295714161540502
100000003,2019-07-28 00:00:00,-11.219906797787818,-33.06403287798278
100000004,2019-07-28 00:00:00,-8.994424941283956,-29.75156453322373
240000000,2019-07-28 00:00:00,-7.0,-34.0
100000002,2019-07-28 00:05:00,-10.120339587508845,-28.29275440701459
100000003,2019-07-28 00:05:00,-11.233164289422772,-33.053047593609534
100000004,2019-07-28 00:05:00,-9.008807406455082,-29.73746723765887
240000000,2019-07-28 00:05:00,-7.008680555555555,-33.989583333333336
100000002,2019-07-28 00:10:00,-10.113379769254502,-28.28979465248868
100000003,2019-07-28 00:10:00,-11.246421781057727,-33.042062309236286
100000004,2019-07-28 00:10:00,-9.023189871626208,-29.72336994209401
240000000,2019-07-28 00:10:00,-7.017361111111111,-33.97916666666667
100000002,2019-07-28 00:15:00,-10.10641995100016,-28.28683489796277
100000003,2019-07-28 00:15:00,-11.259679272692681,-33.03107702486304
100000004,2019-07-28 00:15:00,-9.037572336797334,-29.70927264652915
240000000,2019-07-28 00:15:00,-7.026041666666666,-33.96875000000001
100000002,2019-07-28 00:20:00,-10.099460132745817,-28.28387514343686
100000003,2019-07-28 00:20:00,-11.272936764327635,-33.02009174048979
100000004,2019-07-28 00:20:00,-9.05195480196846,-29.69517535096429
240000000,2019-07-28 00:20:00,-7.034722222222221,-33.95833333333334
100000002,2019-07-28 00:25:00,-10.092500314491474,-28.280915388910948
100000003,2019-07-28 00:25:00,-11.28619425596259,-33.00910645611654
100000004,2019-07-28 00:25:00,-9.066337267139586,-29.681078055399432
240000000,2019-07-28 00:25:00,-7.043402777777777,-33.94791666666668
100000002,2019-07-28 00:30:00,-10.085540496237131,-28.277955634385037
100000003,2019-07-28 00:30:00,-11.299451747597544,-32.99812117174329
100000004,2019-07-28 00:30:00,-9.080719732310712,-29.666980759834573
240000000,2019-07-28 00:30:00,-7.052083333333332,-33.937500000000014
100000002,2019-07-28 00:35:00,-10.078580677982789,-28.274995879859127
100000003,2019-07-28 00:35:00,-11.312709239232499,-32.987135887370044
100000004,2019-07-28 00:35:00,-9.095102197481838,-29.652883464269713
240000000,2019-07-28 00:35:00,-7.0607638888888875,-33.92708333333335
100000002,2019-07-28 00:40:00,-10.071620859728446,-28.272036125333216
100000003,2019-07-28 00:40:00,-11.325966730867453,-32.976150602996796
100000004,2019-07-28 00:40:00,-9.109484662652964,-29.638786168704854
240000000,2019-07-28 00:40:00,-7.069444444444443,-33.916666666666686
100000002,2019-07-28 00:45:00,-10.064661041474103,-28.269076370807305
100000003,2019-07-28 00:45:00,-11.339224222502407,-32.96516531862355
100000004,2019-07-28 00:45:00,-9.12386712782409,-29.624688873139995
240000000,2019-07-28 00:45:00,-7.078124999999998,-33.90625000000002
100000002,2019-07-28 00:50:00,-10.05770122321976,-28.266116616281394
100000003,2019-07-28 00:50:00,-11.352481714137362,-32.9541800342503
100000004,2019-07-28 00:50:00,-9.138249592995216,-29.610591577575136
240000000,2019-07-28 00:50:00,-7.086805555555554,-33.89583333333336
100000002,2019-07-28 00:55:00,-10.050741404965418,-28.263156861755483
100000003,2019-07-28 00:55:00,-11.365739205772316,-32.94319474987705
100000004,2019-07-28 00:55:00,-9.152632058166342,-29.596494282010276
240000000,2019-07-28 00:55:00,-7.095486111111109,-33.88541666666669
100000002,2019-07-28 01:00:00,-10.043781586711075,-28.260197107229573
100000003,2019-07-28 01:00:00,-11.37899669740727,-32.9322094655038
100000004,2019-07-28 01:00:00,-9.167014523337468,-29.582396986445417
240000000,2019-07-28 01:00:00,-7.104166666666664,-33.87500000000003
100000002,2019-07-28 01:05:00,-10.036821768456733,-28.25723735270366
100000003,2019-07-28 01:05:00,-11.392254189042225,-32.921224181130555
100000004,2019-07-28 01:05:00,-9.181396988508594,-29.568299690880558
240000000,2019-07-28 01:05:00,-7.11284722222222,-33.864583333333364
100000002,2019-07-28 01:10:00,-10.02986195020239,-28.25427759817775
100000003,2019-07-28 01:10:00,-11.40551168067718,-32.910238896757306
100000004,2019-07-28 01:10:00,-9.19577945367972,-29.5542023953157
240000000,2019-07-28 01:10:00,-7.121527777777775,-33.8541666666667
100000002,2019-07-28 01:15:00,-10.022902131948047,-28.25131784365184
100000003,2019-07-28 01:15:00,-11.418769172312134,-32.89925361238406
100000004,2019-07-28 01:15:00,-9.210161918850845,-29.54010509975084
240000000,2019-07-28 01:15:00,-7.13020833333333,-33.843750000000036
100000002,2019-07-28 01:20:00,-10.015942313693705,-28.24835808912593
100000003,2019-07-28 01:20:00,-11.432026663947088,-32.88826832801081
100000004,2019-07-28 01:20:00,-9.224544384021971,-29.52600780418598
240000000,2019-07-28 01:20:00,-7.138888888888886,-33.83333333333337
100000002,2019-07-28 01:25:00,-10.008982495439362,-28.24539833460002
100000003,2019-07-28 01:25:00,-11.445284155582042,-32.87728304363756
100000004,2019-07-28 01:25:00,-9.238926849193097,-29.51191050862112
240000000,2019-07-28 01:25:00,-7.147569444444441,-33.82291666666671
100000002,2019-07-28 01:30:00,-10.00202267718502,-28.242438580074108
100000003,2019-07-28 01:30:00,-11.458541647216997,-32.86629775926431
100000004,2019-07-28 01:30:00,-9.253309314364223,-29.49781321305626
240000000,2019-07-28 01:30:00,-7.1562499999999964,-33.81250000000004
100000002,2019-07-28 01:35:00,-9.995062858930677,-28.239478825548197
100000003,2019-07-28 01:35:00,-11.471799138851951,-32.855312474891065
100000004,2019-07-28 01:35:00,-9.26769177953535,-29.483715917491402
240000000,2019-07-28 01:35:00,-7.164930555555552,-33.80208333333338
100000002,2019-07-28 01:40:00,-9.988103040676334,-28.236519071022286
100000003,2019-07-28 01:40:00,-11.485056630486906,-32.84432719051782
100000004,2019-07-28 01:40:00,-9.282074244706475,-29.469618621926543
240000000,2019-07-28 01:40:00,-7.173611111111107,-33.791666666666714
100000002,2019-07-28 01:45:00,-9.981143222421991,-28.233559316496375
100000003,2019-07-28 01:45:00,-11.49831412212186,-32.83334190614457
100000004,2019-07-28 01:45:00,-9.296456709877601,-29.455521326361684
240000000,2019-07-28 01:45:00,-7.1822916666666625,-33.78125000000005
100000002,2019-07-28 01:50:00,-9.974183404167649,-28.230599561970465
100000003,2019-07-28 01:50:00,-11.511571613756814,-32.82235662177132
100000004,2019-07-28 01:50:00,-9.310839175048727,-29.441424030796824
240000000,2019-07-28 01:50:00,-7.190972222222218,-33.770833333333385
100000002,2019-07-28 01:55:00,-9.967223585913306,-28.227639807444554
100000003,2019-07-28 01:55:00,-11.524829105391769,-32.81137133739807
100000004,2019-07-28 01:55:00,-9.325221640219853,-29.427326735231965
240000000,2019-07-28 01:55:00,-7.199652777777773,-33.76041666666672
100000002,2019-07-28 02:00:00,-9.960263767658963,-28.224680052918643
100000003,2019-07-28 02:00:00,-11.538086597026723,-32.80038605302482
100000004,2019-07-28 02:00:00,-9.339604105390979,-29.413229439667106
240000000,2019-07-28 02:00:00,-7.208333333333329,-33.75000000000006
100000002,2019-07-28 02:05:00,-9.95330394940462,-28.221720298392732
100000003,2019-07-28 02:05:00,-11.551344088661677,-32.789400768651575
100000004,2019-07-28 02:05:00,-9.353986570562105,-29.399132144102246
240000000,2019-07-28 02:05:00,-7.217013888888884,-33.73958333333339
100000002,2019-07-28 02:10:00,-9.946344131150278,-28.21876054386682
100000003,2019-07-28 02:10:00,-11.564601580296632,-32.77841548427833
100000004,2019-07-28 02:10:00,-9.368369035733231,-29.385034848537387
240000000,2019-07-28 02:10:00,-7.225694444444439,-33.72916666666673
100000002,2019-07-28 02:15:00,-9.939384312895935,-28.21580078934091
100000003,2019-07-28 02:15:00,-11.577859071931586,-32.76743019990508
100000004,2019-07-28 02:15:00,-9.382751500904357,-29.370937552972528
240000000,2019-07-28 02:15:00,-7.234374999999995,-33.718750000000064
100000002,2019-07-28 02:20:00,-9.932424494641593,-28.212841034815
100000003,2019-07-28 02:20:00,-11.59111656356654,-32.75644491553183
100000004,2019-07-28 02:20:00,-9.397133966075483,-29.35684025740767
240000000,2019-07-28 02:20:00,-7.24305555555555,-33.7083333333334
100000002,2019-07-28 02:25:00,-9.92546467638725,-28.20988128028909
100000003,2019-07-28 02:25:00,-11.604374055201495,-32.74545963115858
100000004,2019-07-28 02:25:00,-9.411516431246609,-29.34274296184281
240000000,2019-07-28 02:25:00,-7.251736111111105,-33.697916666666735
100000002,2019-07-28 02:30:00,-9.918504858132907,-28.20692152576318
100000003,2019-07-28 02:30:00,-11.61763154683645,-32.73447434678533
100000004,2019-07-28 02:30:00,-9.425898896417735,-29.32864566627795
240000000,2019-07-28 02:30:00,-7.260416666666661,-33.68750000000007
100000002,2019-07-28 02:35:00,-9.911545039878565,-28.203961771237267
100000003,2019-07-28 02:35:00,-11.630889038471404,-32.723489062412085
100000004,2019-07-28 02:35:00,-9.44028136158886,-29.31454837071309
240000000,2019-07-28 02:35:00,-7.269097222222216,-33.67708333333341
100000002,2019-07-28 02:40:00,-9.904585221624222,-28.201002016711357
100000003,2019-07-28 02:40:00,-11.644146530106358,-32.71250377803884
100000004,2019-07-28 02:40:00,-9.454663826759987,-29.30045107514823
240000000,2019-07-28 02:40:00,-7.2777777777777715,-33.66666666666674
100000002,2019-07-28 02:45:00,-9.89762540336988,-28.198042262185446
100000003,2019-07-28 02:45:00,-11.657404021741312,-32.70151849366559
100000004,2019-07-28 02:45:00,-9.469046291931113,-29.286353779583372
240000000,2019-07-28 02:45:00,-7.286458333333327,-33.65625000000008
100000002,2019-07-28 02:50:00,-9.890665585115537,-28.195082507659535
100000003,2019-07-28 02:50:00,-11.670661513376267,-32.69053320929234
100000004,2019-07-28 02:50:00,-9.483428757102239,-29.272256484018513
240000000,2019-07-28 02:50:00,-7.295138888888882,-33.645833333333414
100000002,2019-07-28 02:55:00,-9.883705766861194,-28.192122753133624
100000003,2019-07-28 02:55:00,-11.683919005011221,-32.67954792491909
100000004,2019-07-28 02:55:00,-9.497811222273365,-29.258159188453654
240000000,2019-07-28 02:55:00,-7.3038194444444375,-33.63541666666675
100000002,2019-07-28 03:00:00,-9.876745948606851,-28.189162998607713
100000003,2019-07-28 03:00:00,-11.697176496646176,-32.668562640545844
100000004,2019-07-28 03:00:00,-9.51219368744449,-29.244061892888794
240000000,2019-07-28 03:00:00,-7.312499999999993,-33.625000000000085
100000002,2019-07-28 03:05:00,-9.869786130352509,-28.186203244081803
100000003,2019-07-28 03:05:00,-11.71043398828113,-32.657577356172595
100000004,2019-07-28 03:05:00,-9.526576152615617,-29.229964597323935
240000000,2019-07-28 03:05:00,-7.321180555555548,-33.61458333333342
100000002,2019-07-28 03:10:00,-9.862826312098166,-28.183243489555892
100000003,2019-07-28 03:10:00,-11.723691479916084,-32.64659207179935
100000004,2019-07-28 03:10:00,-9.540958617786742,-29.215867301759076
240000000,2019-07-28 03:10:00,-7.329861111111104,-33.60416666666676
100000002,2019-07-28 03:15:00,-9.855866493843823,-28.18028373502998
100000003,2019-07-28 03:15:00,-11.736948971551039,-32.6356067874261
100000004,2019-07-28 03:15:00,-9.555341082957868,-29.201770006194216
240000000,2019-07-28 03:15:00,-7.338541666666659,-33.59375000000009
100000002,2019-07-28 03:20:00,-9.84890667558948,-28.17732398050407
100000003,2019-07-28 03:20:00,-11.750206463185993,-32.62462150305285
100000004,2019-07-28 03:20:00,-9.569723548128994,-29.187672710629357
240000000,2019-07-28 03:20:00,-7.347222222222214,-33.58333333333343
100000002,2019-07-28 03:25:00,-9.841946857335138,-28.17436422597816
100000003,2019-07-28 03:25:00,-11.763463954820947,-32.6136362186796
100000004,2019-07-28 03:25:00,-9.58410601330012,-29.173575415064498
240000000,2019-07-28 03:25:00,-7.35590277777777,-33.572916666666764
100000002,2019-07-28 03:30:00,-9.834987039080795,-28.17140447145225
100000003,2019-07-28 03:30:00,-11.776721446455902,-32.602650934306354
100000004,2019-07-28 03:30:00,-9.598488478471246,-29.15947811949964
240000000,2019-07-28 03:30:00,-7.364583333333325,-33.5625000000001
100000002,2019-07-28 03:35:00,-9.828027220826453,-28.168444716926338
100000003,2019-07-28 03:35:00,-11.789978938090856,-32.591665649933105
100000004,2019-07-28 03:35:00,-9.612870943642372,-29.14538082393478
240000000,2019-07-28 03:35:00,-7.37326388888888,-33.552083333333435
100000002,2019-07-28 03:40:00,-9.82106740257211,-28.165484962400427
100000003,2019-07-28 03:40:00,-11.80323642972581,-32.58068036555986
100000004,2019-07-28 03:40:00,-9.627253408813498,-29.13128352836992
240000000,2019-07-28 03:40:00,-7.381944444444436,-33.54166666666677
100000002,2019-07-28 03:45:00,-9.814107584317767,-28.162525207874516
100000003,2019-07-28 03:45:00,-11.816493921360765,-32.56969508118661
100000004,2019-07-28 03:45:00,-9.641635873984624,-29.11718623280506
240000000,2019-07-28 03:45:00,-7.390624999999991,-33.53125000000011
100000002,2019-07-28 03:50:00,-9.807147766063425,-28.159565453348606
100000003,2019-07-28 03:50:00,-11.82975141299572,-32.55870979681336
100000004,2019-07-28 03:50:00,-9.65601833915575,-29.1030889372402
240000000,2019-07-28 03:50:00,-7.3993055555555465,-33.52083333333344
100000002,2019-07-28 03:55:00,-9.800187947809082,-28.156605698822695
100000003,2019-07-28 03:55:00,-11.843008904630674,-32.54772451244011
100000004,2019-07-28 03:55:00,-9.670400804326876,-29.088991641675342
240000000,2019-07-28 03:55:00,-7.407986111111102,-33.51041666666678
100000002,2019-07-28 04:00:00,-9.79322812955474,-28.153645944296784
100000003,2019-07-28 04:00:00,-11.856266396265628,-32.536739228066864
100000004,2019-07-28 04:00:00,-9.684783269498002,-29.074894346110483
240000000,2019-07-28 04:00:00,-7.416666666666657,-33.500000000000114
100000002,2019-07-28 04:05:00,-9.786268311300397,-28.150686189770873
100000003,2019-07-28 04:05:00,-11.869523887900582,-32.525753943693616
100000004,2019-07-28 04:05:00,-9.699165734669128,-29.060797050545624
240000000,2019-07-28 04:05:00,-7.4253472222222126,-33.48958333333345
100000002,2019-07-28 04:10:00,-9.779308493046054,-28.147726435244962
100000003,2019-07-28 04:10:00,-11.882781379535537,-32.51476865932037
100000004,2019-07-28 04:10:00,-9.713548199840254,-29.046699754980764
240000000,2019-07-28 04:10:00,-7.434027777777768,-33.479166666666785
100000002,2019-07-28 04:15:00,-9.772348674791711,-28.14476668071905
100000003,2019-07-28 04:15:00,-11.896038871170491,-32.50378337494712
100000004,2019-07-28 04:15:00,-9.72793066501138,-29.032602459415905
240000000,2019-07-28 04:15:00,-7.442708333333323,-33.46875000000012
100000002,2019-07-28 04:20:00,-9.765388856537369,-28.14180692619314
100000003,2019-07-28 04:20:00,-11.909296362805446,-32.49279809057387
100000004,2019-07-28 04:20:00,-9.742313130182506,-29.018505163851046
240000000,2019-07-28 04:20:00,-7.451388888888879,-33.45833333333346
100000002,2019-07-28 04:25:00,-9.758429038283026,-28.13884717166723
100000003,2019-07-28 04:25:00,-11.9225538544404,-32.48181280620062
100000004,2019-07-28 04:25:00,-9.756695595353632,-29.004407868286187
240000000,2019-07-28 04:25:00,-7.460069444444434,-33.44791666666679
100000002,2019-07-28 04:30:00,-9.751469220028683,-28.13588741714132
100000003,2019-07-28 04:30:00,-11.935811346075354,-32.470827521827374
100000004,2019-07-28 04:30:00,-9.771078060524758,-28.990310572721327
240000000,2019-07-28 04:30:00,-7.468749999999989,-33.43750000000013
100000002,2019-07-28 04:35:00,-9.74450940177434,-28.13292766261541
100000003,2019-07-28 04:35:00,-11.949068837710309,-32.459842237454126
100000004,2019-07-28 04:35:00,-9.785460525695884,-28.976213277156468
240000000,2019-07-28 04:35:00,-7.477430555555545,-33.427083333333464
100000002,2019-07-28 04:40:00,-9.737549583519998,-28.129967908089498
100000003,2019-07-28 04:40:00,-11.962326329345263,-32.44885695308088
100000004,2019-07-28 04:40:00,-9.79984299086701,-28.96211598159161
240000000,2019-07-28 04:40:00,-7.4861111111111,-33.4166666666668
100000002,2019-07-28 04:45:00,-9.730589765265655,-28.127008153563587
100000003,2019-07-28 04:45:00,-11.975583820980217,-32.43787166870763
100000004,2019-07-28 04:45:00,-9.814225456038136,-28.94801868602675
240000000,2019-07-28 04:45:00,-7.494791666666655,-33.406250000000135
100000002,2019-07-28 04:50:00,-9.723629947011313,-28.124048399037676
100000003,2019-07-28 04:50:00,-11.988841312615172,-32.42688638433438
100000004,2019-07-28 04:50:00,-9.828607921209262,-28.93392139046189
240000000,2019-07-28 04:50:00,-7.503472222222211,-33.39583333333347
100000002,2019-07-28 04:55:00,-9.71667012875697,-28.121088644511765
100000003,2019-07-28 04:55:00,-12.002098804250126,-32.41590109996113
100000004,2019-07-28 04:55:00,-9.842990386380388,-28.91982409489703
240000000,2019-07-28 04:55:00,-7.512152777777766,-33.385416666666806
100000002,2019-07-28 05:00:00,-9.709710310502627,-28.118128889985854
100000003,2019-07-28 05:00:00,-12.01535629588508,-32.404915815587884
100000004,2019-07-28 05:00:00,-9.857372851551514,-28.90572679933217
240000000,2019-07-28 05:00:00,-7.5208333333333215,-33.37500000000014
100000002,2019-07-28 05:05:00,-9.702750492248285,-28.115169135459944
100000003,2019-07-28 05:05:00,-12.028613787520035,-32.393930531214636
100000004,2019-07-28 05:05:00,-9.87175531672264,-28.891629503767312
240000000,2019-07-28 05:05:00,-7.529513888888877,-33.36458333333348
100000002,2019-07-28 05:10:00,-9.695790673993942,-28.112209380934033
100000003,2019-07-28 05:10:00,-12.04187127915499,-32.38294524684139
100000004,2019-07-28 05:10:00,-9.886137781893765,-28.877532208202453
240000000,2019-07-28 05:10:00,-7.538194444444432,-33.35416666666681
100000002,2019-07-28 05:15:00,-9.6888308557396,-28.109249626408122
100000003,2019-07-28 05:15:00,-12.055128770789944,-32.37195996246814
100000004,2019-07-28 05:15:00,-9.900520247064891,-28.863434912637594
240000000,2019-07-28 05:15:00,-7.546874999999988,-33.34375000000015
100000002,2019-07-28 05:20:00,-9.681871037485257,-28.10628987188221
100000003,2019-07-28 05:20:00,-12.068386262424898,-32.36097467809489
100000004,2019-07-28 05:20:00,-9.914902712236017,-28.849337617072734
240000000,2019-07-28 05:20:00,-7.555555555555543,-33.333333333333485
100000002,2019-07-28 05:25:00,-9.674911219230914,-28.1033301173563
100000003,2019-07-28 05:25:00,-12.081643754059852,-32.34998939372164
100000004,2019-07-28 05:25:00,-9.929285177407143,-28.835240321507875
240000000,2019-07-28 05:25:00,-7.564236111111098,-33.32291666666682
100000002,2019-07-28 05:30:00,-9.667951400976571,-28.10037036283039
100000003,2019-07-28 05:30:00,-12.094901245694807,-32.339004109348394
100000004,2019-07-28 05:30:00,-9.94366764257827,-28.821143025943016
240000000,2019-07-28 05:30:00,-7.572916666666654,-33.312500000000156
100000002,2019-07-28 05:35:00,-9.660991582722229,-28.09741060830448
100000003,2019-07-28 05:35:00,-12.108158737329761,-32.328018824975146
100000004,2019-07-28 05:35:00,-9.958050107749395,-28.807045730378157
240000000,2019-07-28 05:35:00,-7.581597222222209,-33.30208333333349
100000002,2019-07-28 05:40:00,-9.654031764467886,-28.094450853778568
100000003,2019-07-28 05:40:00,-12.121416228964716,-32.3170335406019
100000004,2019-07-28 05:40:00,-9.972432572920521,-28.792948434813297
240000000,2019-07-28 05:40:00,-7.590277777777764,-33.29166666666683
100000002,2019-07-28 05:45:00,-9.647071946213543,-28.091491099252657
100000003,2019-07-28 05:45:00,-12.13467372059967,-32.30604825622865
100000004,2019-07-28 05:45:00,-9.986815038091647,-28.778851139248438
240000000,2019-07-28 05:45:00,-7.59895833333332,-33.28125000000016
100000002,2019-07-28 05:50:00,-9.6401121279592,-28.088531344726746
100000003,2019-07-28 05:50:00,-12.147931212234624,-32.2950629718554
100000004,2019-07-28 05:50:00,-10.001197503262773,-28.76475384368358
240000000,2019-07-28 05:50:00,-7.607638888888875,-33.2708333333335
100000002,2019-07-28 05:55:00,-9.633152309704858,-28.085571590200836
100000003,2019-07-28 05:55:00,-12.161188703869579,-32.28407768748215
100000004,2019-07-28 05:55:00,-10.015579968433899,-28.75065654811872
240000000,2019-07-28 05:55:00,-7.61631944444443,-33.260416666666835
100000002,2019-07-28 06:00:00,-9.626192491450515,-28.082611835674925
100000003,2019-07-28 06:00:00,-12.174446195504533,-32.273092403108905
100000004,2019-07-28 06:00:00,-10.029962433605025,-28.73655925255386
240000000,2019-07-28 06:00:00,-7.624999999999986,-33.25000000000017
100000002,2019-07-28 06:05:00,-9.619232673196173,-28.079652081149014
100000003,2019-07-28 06:05:00,-12.187703687139487,-32.262107118735656
100000004,2019-07-28 06:05:00,-10.044344898776151,-28.722461956989
240000000,2019-07-28 06:05:00,-7.633680555555541,-33.239583333333506
100000002,2019-07-28 06:10:00,-9.61227285494183,-28.076692326623103
100000003,2019-07-28 06:10:00,-12.200961178774442,-32.25112183436241
100000004,2019-07-28 06:10:00,-10.058727363947277,-28.70836466142414
240000000,2019-07-28 06:10:00,-7.6423611111110965,-33.22916666666684
100000002,2019-07-28 06:15:00,-9.605313036687487,-28.073732572097192
100000003,2019-07-28 06:15:00,-12.214218670409396,-32.24013654998916
100000004,2019-07-28 06:15:00,-10.073109829118403,-28.694267365859282
240000000,2019-07-28 06:15:00,-7.651041666666652,-33.21875000000018
100000002,2019-07-28 06:20:00,-9.598353218433145,-28.07077281757128
100000003,2019-07-28 06:20:00,-12.22747616204435,-32.22915126561591
100000004,2019-07-28 06:20:00,-10.087492294289529,-28.680170070294423
240000000,2019-07-28 06:20:00,-7.659722222222207,-33.20833333333351
100000002,2019-07-28 06:25:00,-9.591393400178802,-28.06781306304537
100000003,2019-07-28 06:25:00,-12.240733653679305,-32.21816598124266
100000004,2019-07-28 06:25:00,-10.101874759460655,-28.666072774729564
240000000,2019-07-28 06:25:00,-7.668402777777763,-33.19791666666685
100000002,2019-07-28 06:30:00,-9.58443358192446,-28.06485330851946
100000003,2019-07-28 06:30:00,-12.25399114531426,-32.207180696869415
100000004,2019-07-28 06:30:00,-10.11625722463178,-28.651975479164705
240000000,2019-07-28 06:30:00,-7.677083333333318,-33.187500000000185
100000002,2019-07-28 06:35:00,-9.577473763670117,-28.06189355399355
100000003,2019-07-28 06:35:00,-12.267248636949214,-32.19619541249617
100000004,2019-07-28 06:35:00,-10.130639689802907,-28.637878183599845
240000000,2019-07-28 06:35:00,-7.685763888888873,-33.17708333333352
100000002,2019-07-28 06:40:00,-9.570513945415774,-28.05893379946764
100000003,2019-07-28 06:40:00,-12.280506128584168,-32.18521012812292
100000004,2019-07-28 06:40:00,-10.145022154974033,-28.623780888034986
240000000,2019-07-28 06:40:00,-7.694444444444429,-33.166666666666856
100000002,2019-07-28 06:45:00,-9.563554127161431,-28.055974044941728
100000003,2019-07-28 06:45:00,-12.293763620219123,-32.17422484374967
100000004,2019-07-28 06:45:00,-10.159404620145159,-28.609683592470127
240000000,2019-07-28 06:45:00,-7.703124999999984,-33.15625000000019
100000002,2019-07-28 06:50:00,-9.556594308907089,-28.053014290415817
100000003,2019-07-28 06:50:00,-12.307021111854077,-32.16323955937642
100000004,2019-07-28 06:50:00,-10.173787085316285,-28.595586296905267
240000000,2019-07-28 06:50:00,-7.711805555555539,-33.14583333333353
100000002,2019-07-28 06:55:00,-9.549634490652746,-28.050054535889906
100000003,2019-07-28 06:55:00,-12.320278603489031,-32.15225427500317
100000004,2019-07-28 06:55:00,-10.18816955048741,-28.581489001340408
240000000,2019-07-28 06:55:00,-7.720486111111095,-33.13541666666686
100000002,2019-07-28 07:00:00,-9.542674672398404,-28.047094781363995
100000003,2019-07-28 07:00:00,-12.333536095123986,-32.141268990629925
100000004,2019-07-28 07:00:00,-10.202552015658537,-28.56739170577555
240000000,2019-07-28 07:00:00,-7.72916666666665,-33.1250000000002
100000002,2019-07-28 07:05:00,-9.53571485414406,-28.044135026838084
100000003,2019-07-28 07:05:00,-12.34679358675894,-32.13028370625668
100000004,2019-07-28 07:05:00,-10.216934480829662,-28.55329441021069
240000000,2019-07-28 07:05:00,-7.7378472222222054,-33.114583333333535
100000002,2019-07-28 07:10:00,-9.528755035889718,-28.041175272312174
100000003,2019-07-28 07:10:00,-12.360051078393894,-32.11929842188343
100000004,2019-07-28 07:10:00,-10.231316946000788,-28.53919711464583
240000000,2019-07-28 07:10:00,-7.746527777777761,-33.10416666666687
100000002,2019-07-28 07:15:00,-9.521795217635376,-28.038215517786263
100000003,2019-07-28 07:15:00,-12.373308570028849,-32.10831313751018
100000004,2019-07-28 07:15:00,-10.245699411171914,-28.52509981908097
240000000,2019-07-28 07:15:00,-7.755208333333316,-33.093750000000206
100000002,2019-07-28 07:20:00,-9.514835399381033,-28.035255763260352
100000003,2019-07-28 07:20:00,-12.386566061663803,-32.09732785313693
100000004,2019-07-28 07:20:00,-10.26008187634304,-28.51100252351611
240000000,2019-07-28 07:20:00,-7.7638888888888715,-33.08333333333354
100000002,2019-07-28 07:25:00,-9.50787558112669,-28.03229600873444
100000003,2019-07-28 07:25:00,-12.399823553298758,-32.08634256876368
100000004,2019-07-28 07:25:00,-10.274464341514166,-28.496905227951252
240000000,2019-07-28 07:25:00,-7.772569444444427,-33.07291666666688
100000002,2019-07-28 07:30:00,-9.500915762872348,-28.02933625420853
100000003,2019-07-28 07:30:00,-12.413081044933712,-32.075357284390435
100000004,2019-07-28 07:30:00,-10.288846806685292,-28.482807932386393
240000000,2019-07-28 07:30:00,-7.781249999999982,-33.06250000000021
100000002,2019-07-28 07:35:00,-9.493955944618005,-28.02637649968262
100000003,2019-07-28 07:35:00,-12.426338536568666,-32.06437200001719
100000004,2019-07-28 07:35:00,-10.303229271856418,-28.468710636821534
240000000,2019-07-28 07:35:00,-7.789930555555538,-33.05208333333355
100000002,2019-07-28 07:40:00,-9.486996126363662,-28.02341674515671
100000003,2019-07-28 07:40:00,-12.43959602820362,-32.05338671564394
100000004,2019-07-28 07:40:00,-10.317611737027544,-28.454613341256675
240000000,2019-07-28 07:40:00,-7.798611111111093,-33.041666666666885
100000002,2019-07-28 07:45:00,-9.48003630810932,-28.020456990630798
100000003,2019-07-28 07:45:00,-12.452853519838575,-32.04240143127069
100000004,2019-07-28 07:45:00,-10.33199420219867,-28.440516045691815
240000000,2019-07-28 07:45:00,-7.807291666666648,-33.03125000000022
100000002,2019-07-28 07:50:00,-9.473076489854977,-28.017497236104887
100000003,2019-07-28 07:50:00,-12.46611101147353,-32.03141614689744
100000004,2019-07-28 07:50:00,-10.346376667369796,-28.426418750126956
240000000,2019-07-28 07:50:00,-7.815972222222204,-33.020833333333556
100000002,2019-07-28 07:55:00,-9.466116671600634,-28.014537481578976
100000003,2019-07-28 07:55:00,-12.479368503108484,-32.020430862524194
100000004,2019-07-28 07:55:00,-10.360759132540922,-28.412321454562097
240000000,2019-07-28 07:55:00,-7.824652777777759,-33.01041666666689
100000002,2019-07-28 08:00:00,-9.459156853346292,-28.011577727053066
100000003,2019-07-28 08:00:00,-12.492625994743438,-32.009445578150945
100000004,2019-07-28 08:00:00,-10.375141597712048,-28.398224158997238
240000000,2019-07-28 08:00:00,-7.833333333333314,-33.00000000000023
100000002,2019-07-28 08:05:00,-9.452197035091949,-28.008617972527155
100000003,2019-07-28 08:05:00,-12.505883486378393,-31.998460293777697
100000004,2019-07-28 08:05:00,-10.389524062883174,-28.38412686343238
240000000,2019-07-28 08:05:00,-7.84201388888887,-32.98958333333356
100000002,2019-07-28 08:10:00,-9.445237216837606,-28.005658218001244
100000003,2019-07-28 08:10:00,-12.519140978013347,-31.98747500940445
100000004,2019-07-28 08:10:00,-10.4039065280543,-28.37002956786752
240000000,2019-07-28 08:10:00,-7.850694444444425,-32.9791666666669
100000002,2019-07-28 08:15:00,-9.438277398583264,-28.002698463475333
100000003,2019-07-28 08:15:00,-12.532398469648301,-31.9764897250312
100000004,2019-07-28 08:15:00,-10.418288993225426,-28.35593227230266
240000000,2019-07-28 08:15:00,-7.8593749999999805,-32.968750000000234
100000002,2019-07-28 08:20:00,-9.43131758032892,-27.999738708949423
100000003,2019-07-28 08:20:00,-12.545655961283256,-31.965504440657952
100000004,2019-07-28 08:20:00,-10.432671458396552,-28.3418349767378
240000000,2019-07-28 08:20:00,-7.868055555555536,-32.95833333333357
100000002,2019-07-28 08:25:00,-9.424357762074578,-27.99677895442351
100000003,2019-07-28 08:25:00,-12.55891345291821,-31.954519156284704
100000004,2019-07-28 08:25:00,-10.447053923567678,-28.32773768117294
240000000,2019-07-28 08:25:00,-7.876736111111091,-32.947916666666906
100000002,2019-07-28 08:30:00,-9.417397943820236,-27.9938191998976
100000003,2019-07-28 08:30:00,-12.572170944553164,-31.943533871911455
100000004,2019-07-28 08:30:00,-10.461436388738804,-28.313640385608082
240000000,2019-07-28 08:30:00,-7.8854166666666465,-32.93750000000024
100000002,2019-07-28 08:35:00,-9.410438125565893,-27.99085944537169
100000003,2019-07-28 08:35:00,-12.585428436188119,-31.932548587538207
100000004,2019-07-28 08:35:00,-10.47581885390993,-28.299543090043223
240000000,2019-07-28 08:35:00,-7.894097222222202,-32.92708333333358
100000002,2019-07-28 08:40:00,-9.40347830731155,-27.98789969084578
100000003,2019-07-28 08:40:00,-12.598685927823073,-31.92156330316496
100000004,2019-07-28 08:40:00,-10.490201319081056,-28.285445794478363
240000000,2019-07-28 08:40:00,-7.902777777777757,-32.91666666666691
100000002,2019-07-28 08:45:00,-9.396518489057208,-27.98493993631987
100000003,2019-07-28 08:45:00,-12.611943419458028,-31.91057801879171
100000004,2019-07-28 08:45:00,-10.504583784252182,-28.271348498913504
240000000,2019-07-28 08:45:00,-7.911458333333313,-32.90625000000025
100000002,2019-07-28 08:50:00,-9.389558670802865,-27.981980181793958
100000003,2019-07-28 08:50:00,-12.625200911092982,-31.899592734418462
100000004,2019-07-28 08:50:00,-10.518966249423308,-28.257251203348645
240000000,2019-07-28 08:50:00,-7.920138888888868,-32.895833333333584
100000002,2019-07-28 08:55:00,-9.382598852548522,-27.979020427268047
100000003,2019-07-28 08:55:00,-12.638458402727936,-31.888607450045214
100000004,2019-07-28 08:55:00,-10.533348714594434,-28.243153907783785
240000000,2019-07-28 08:55:00,-7.928819444444423,-32.88541666666692
100000002,2019-07-28 09:00:00,-9.37563903429418,-27.976060672742136
100000003,2019-07-28 09:00:00,-12.65171589436289,-31.877622165671966
100000004,2019-07-28 09:00:00,-10.54773117976556,-28.229056612218926
240000000,2019-07-28 09:00:00,-7.937499999999979,-32.875000000000256
100000002,2019-07-28 09:05:00,-9.368679216039837,-27.973100918216225
100000003,2019-07-28 09:05:00,-12.664973385997845,-31.866636881298717
100000004,2019-07-28 09:05:00,-10.562113644936685,-28.214959316654067
240000000,2019-07-28 09:05:00,-7.946180555555534,-32.86458333333359
100000002,2019-07-28 09:10:00,-9.361719397785494,-27.970141163690315
100000003,2019-07-28 09:10:00,-12.6782308776328,-31.85565159692547
100000004,2019-07-28 09:10:00,-10.576496110107811,-28.200862021089208
240000000,2019-07-28 09:10:00,-7.954861111111089,-32.85416666666693
100000002,2019-07-28 09:15:00,-9.354759579531152,-27.967181409164404
100000003,2019-07-28 09:15:00,-12.691488369267754,-31.84466631255222
100000004,2019-07-28 09:15:00,-10.590878575278937,-28.18676472552435
240000000,2019-07-28 09:15:00,-7.963541666666645,-32.84375000000026
100000002,2019-07-28 09:20:00,-9.347799761276809,-27.964221654638493
100000003,2019-07-28 09:20:00,-12.704745860902708,-31.833681028178972
100000004,2019-07-28 09:20:00,-10.605261040450063,-28.17266742995949
240000000,2019-07-28 09:20:00,-7.9722222222222,-32.8333333333336
100000002,2019-07-28 09:25:00,-9.340839943022466,-27.961261900112582
100000003,2019-07-28 09:25:00,-12.718003352537663,-31.822695743805724
100000004,2019-07-28 09:25:00,-10.61964350562119,-28.15857013439463
240000000,2019-07-28 09:25:00,-7.9809027777777555,-32.822916666666934
100000002,2019-07-28 09:30:00,-9.333880124768124,-27.95830214558667
100000003,2019-07-28 09:30:00,-12.731260844172617,-31.811710459432476
100000004,2019-07-28 09:30:00,-10.634025970792315,-28.14447283882977
240000000,2019-07-28 09:30:00,-7.989583333333311,-32.81250000000027
100000002,2019-07-28 09:35:00,-9.326920306513781,-27.95534239106076
100000003,2019-07-28 09:35:00,-12.744518335807571,-31.800725175059227
100000004,2019-07-28 09:35:00,-10.648408435963441,-28.13037554326491
240000000,2019-07-28 09:35:00,-7.998263888888866,-32.802083333333606
100000002,2019-07-28 09:40:00,-9.319960488259438,-27.95238263653485
100000003,2019-07-28 09:40:00,-12.757775827442526,-31.78973989068598
100000004,2019-07-28 09:40:00,-10.662790901134567,-28.116278247700052
240000000,2019-07-28 09:40:00,-8.006944444444422,-32.79166666666694
100000002,2019-07-28 09:45:00,-9.313000670005096,-27.94942288200894
100000003,2019-07-28 09:45:00,-12.77103331907748,-31.77875460631273
100000004,2019-07-28 09:45:00,-10.677173366305693,-28.102180952135193
240000000,2019-07-28 09:45:00,-8.015624999999977,-32.78125000000028
100000002,2019-07-28 09:50:00,-9.306040851750753,-27.946463127483028
100000003,2019-07-28 09:50:00,-12.784290810712434,-31.767769321939483
100000004,2019-07-28 09:50:00,-10.691555831476819,-28.088083656570333
240000000,2019-07-28 09:50:00,-8.024305555555532,-32.77083333333361
100000002,2019-07-28 09:55:00,-9.29908103349641,-27.943503372957117
100000003,2019-07-28 09:55:00,-12.797548302347389,-31.756784037566234
100000004,2019-07-28 09:55:00,-10.705938296647945,-28.073986361005474
240000000,2019-07-28 09:55:00,-8.032986111111088,-32.76041666666695
100000002,2019-07-28 10:00:00,-9.292121215242068,-27.940543618431207
100000003,2019-07-28 10:00:00,-12.810805793982343,-31.745798753192986
100000004,2019-07-28 10:00:00,-10.720320761819071,-28.059889065440615
240000000,2019-07-28 10:00:00,-8.041666666666643,-32.750000000000284
100000002,2019-07-28 10:05:00,-9.285161396987725,-27.937583863905296
100000003,2019-07-28 10:05:00,-12.824063285617298,-31.734813468819738
100000004,2019-07-28 10:05:00,-10.734703226990197,-28.045791769875756
240000000,2019-07-28 10:05:00,-8.050347222222198,-32.73958333333362
100000002,2019-07-28 10:10:00,-9.278201578733382,-27.934624109379385
100000003,2019-07-28 10:10:00,-12.837320777252252,-31.72382818444649
100000004,2019-07-28 10:10:00,-10.749085692161323,-28.031694474310896
240000000,2019-07-28 10:10:00,-8.059027777777754,-32.729166666666956
100000002,2019-07-28 10:15:00,-9.27124176047904,-27.931664354853474
100000003,2019-07-28 10:15:00,-12.850578268887206,-31.71284290007324
100000004,2019-07-28 10:15:00,-10.763468157332449,-28.017597178746037
240000000,2019-07-28 10:15:00,-8.067708333333309,-32.71875000000029
100000002,2019-07-28 10:20:00,-9.264281942224697,-27.928704600327563
100000003,2019-07-28 10:20:00,-12.86383576052216,-31.701857615699993
100000004,2019-07-28 10:20:00,-10.777850622503575,-28.003499883181178
240000000,2019-07-28 10:20:00,-8.076388888888864,-32.70833333333363
100000002,2019-07-28 10:25:00,-9.257322123970354,-27.925744845801653
100000003,2019-07-28 10:25:00,-12.877093252157115,-31.690872331326744
100000004,2019-07-28 10:25:00,-10.7922330876747,-27.98940258761632
240000000,2019-07-28 10:25:00,-8.08506944444442,-32.69791666666696
100000002,2019-07-28 10:30:00,-9.250362305716012,-27.922785091275742
100000003,2019-07-28 10:30:00,-12.89035074379207,-31.679887046953496
100000004,2019-07-28 10:30:00,-10.806615552845827,-27.97530529205146
240000000,2019-07-28 10:30:00,-8.093749999999975,-32.6875000000003
100000002,2019-07-28 10:35:00,-9.243402487461669,-27.91982533674983
100000003,2019-07-28 10:35:00,-12.903608235427024,-31.668901762580248
100000004,2019-07-28 10:35:00,-10.820998018016953,-27.9612079964866
240000000,2019-07-28 10:35:00,-8.10243055555553,-32.677083333333634
100000002,2019-07-28 10:40:00,-9.236442669207326,-27.91686558222392
100000003,2019-07-28 10:40:00,-12.916865727061978,-31.657916478207
100000004,2019-07-28 10:40:00,-10.835380483188079,-27.94711070092174
240000000,2019-07-28 10:40:00,-8.111111111111086,-32.66666666666697
100000002,2019-07-28 10:45:00,-9.229482850952984,-27.91390582769801
100000003,2019-07-28 10:45:00,-12.930123218696933,-31.64693119383375
100000004,2019-07-28 10:45:00,-10.849762948359205,-27.93301340535688
240000000,2019-07-28 10:45:00,-8.119791666666641,-32.656250000000306
100000002,2019-07-28 10:50:00,-9.222523032698641,-27.9109460731721
100000003,2019-07-28 10:50:00,-12.943380710331887,-31.635945909460503
100000004,2019-07-28 10:50:00,-10.86414541353033,-27.918916109792022
240000000,2019-07-28 10:50:00,-8.128472222222197,-32.64583333333364
100000002,2019-07-28 10:55:00,-9.215563214444298,-27.907986318646188
100000003,2019-07-28 10:55:00,-12.956638201966841,-31.624960625087255
100000004,2019-07-28 10:55:00,-10.878527878701457,-27.904818814227163
240000000,2019-07-28 10:55:00,-8.137152777777752,-32.63541666666698
100000002,2019-07-28 11:00:00,-9.208603396189956,-27.905026564120277
100000003,2019-07-28 11:00:00,-12.969895693601796,-31.613975340714006
100000004,2019-07-28 11:00:00,-10.892910343872583,-27.890721518662303
240000000,2019-07-28 11:00:00,-8.145833333333307,-32.62500000000031
100000002,2019-07-28 11:05:00,-9.201643577935613,-27.902066809594366
100000003,2019-07-28 11:05:00,-12.98315318523675,-31.602990056340758
100000004,2019-07-28 11:05:00,-10.907292809043708,-27.876624223097444
240000000,2019-07-28 11:05:00,-8.154513888888863,-32.61458333333365
100000002,2019-07-28 11:10:00,-9.19468375968127,-27.899107055068455
100000003,2019-07-28 11:10:00,-12.996410676871704,-31.59200477196751
100000004,2019-07-28 11:10:00,-10.921675274214834,-27.862526927532585
240000000,2019-07-28 11:10:00,-8.163194444444418,-32.604166666666984
100000002,2019-07-28 11:15:00,-9.187723941426928,-27.896147300542545
100000003,2019-07-28 11:15:00,-13.009668168506659,-31.58101948759426
100000004,2019-07-28 11:15:00,-10.93605773938596,-27.848429631967726
240000000,2019-07-28 11:15:00,-8.171874999999973,-32.59375000000032
100000002,2019-07-28 11:20:00,-9.180764123172585,-27.893187546016634
100000003,2019-07-28 11:20:00,-13.022925660141613,-31.570034203221013
100000004,2019-07-28 11:20:00,-10.950440204557086,-27.834332336402866
240000000,2019-07-28 11:20:00,-8.180555555555529,-32.583333333333655
100000002,2019-07-28 11:25:00,-9.173804304918242,-27.890227791490723
100000003,2019-07-28 11:25:00,-13.036183151776568,-31.559048918847765
100000004,2019-07-28 11:25:00,-10.964822669728212,-27.820235040838007
240000000,2019-07-28 11:25:00,-8.189236111111084,-32.57291666666699
100000002,2019-07-28 11:30:00,-9.1668444866639,-27.887268036964812
100000003,2019-07-28 11:30:00,-13.049440643411522,-31.548063634474516
100000004,2019-07-28 11:30:00,-10.979205134899338,-27.806137745273148
240000000,2019-07-28 11:30:00,-8.19791666666664,-32.56250000000033
100000002,2019-07-28 11:35:00,-9.159884668409557,-27.8843082824389
100000003,2019-07-28 11:35:00,-13.062698135046476,-31.537078350101268
100000004,2019-07-28 11:35:00,-10.993587600070464,-27.79204044970829
240000000,2019-07-28 11:35:00,-8.206597222222195,-32.55208333333366
100000002,2019-07-28 11:40:00,-9.152924850155214,-27.88134852791299
100000003,2019-07-28 11:40:00,-13.07595562668143,-31.52609306572802
100000004,2019-07-28 11:40:00,-11.00797006524159,-27.77794315414343
240000000,2019-07-28 11:40:00,-8.21527777777775,-32.541666666667
100000002,2019-07-28 11:45:00,-9.145965031900872,-27.87838877338708
100000003,2019-07-28 11:45:00,-13.089213118316385,-31.51510778135477
100000004,2019-07-28 11:45:00,-11.022352530412716,-27.76384585857857
240000000,2019-07-28 11:45:00,-8.223958333333306,-32.531250000000334
100000002,2019-07-28 11:50:00,-9.139005213646529,-27.87542901886117
100000003,2019-07-28 11:50:00,-13.10247060995134,-31.504122496981523
100000004,2019-07-28 11:50:00,-11.036734995583842,-27.74974856301371
240000000,2019-07-28 11:50:00,-8.23263888888886,-32.52083333333367
100000002,2019-07-28 11:55:00,-9.132045395392186,-27.87246926433526
100000003,2019-07-28 11:55:00,-13.115728101586294,-31.493137212608275
100000004,2019-07-28 11:55:00,-11.051117460754968,-27.73565126744885
240000000,2019-07-28 11:55:00,-8.241319444444416,-32.510416666667005
100000002,2019-07-28 12:00:00,-9.125085577137844,-27.869509509809347
100000003,2019-07-28 12:00:00,-13.128985593221248,-31.482151928235027
100000004,2019-07-28 12:00:00,-11.065499925926094,-27.721553971883992
240000000,2019-07-28 12:00:00,-8.249999999999972,-32.50000000000034
100000002,2019-07-28 12:05:00,-9.118125758883501,-27.866549755283437
100000003,2019-07-28 12:05:00,-13.142243084856203,-31.47116664386178
100000004,2019-07-28 12:05:00,-11.07988239109722,-27.707456676319133
240000000,2019-07-28 12:05:00,-8.258680555555527,-32.48958333333368
100000002,2019-07-28 12:10:00,-9.111165940629158,-27.863590000757526
100000003,2019-07-28 12:10:00,-13.155500576491157,-31.46018135948853
100000004,2019-07-28 12:10:00,-11.094264856268346,-27.693359380754274
240000000,2019-07-28 12:10:00,-8.267361111111082,-32.47916666666701
100000002,2019-07-28 12:15:00,-9.104206122374816,-27.860630246231615
100000003,2019-07-28 12:15:00,-13.168758068126111,-31.44919607511528
100000004,2019-07-28 12:15:00,-11.108647321439472,-27.679262085189414
240000000,2019-07-28 12:15:00,-8.276041666666638,-32.46875000000035
100000002,2019-07-28 12:20:00,-9.097246304120473,-27.857670491705704
100000003,2019-07-28 12:20:00,-13.182015559761066,-31.438210790742033
100000004,2019-07-28 12:20:00,-11.123029786610598,-27.665164789624555
240000000,2019-07-28 12:20:00,-8.284722222222193,-32.458333333333684
100000002,2019-07-28 12:25:00,-9.09028648586613,-27.854710737179794
100000003,2019-07-28 12:25:00,-13.19527305139602,-31.427225506368785
100000004,2019-07-28 12:25:00,-11.137412251781724,-27.651067494059696
240000000,2019-07-28 12:25:00,-8.293402777777748,-32.44791666666702
100000002,2019-07-28 12:30:00,-9.083326667611788,-27.851750982653883
100000003,2019-07-28 12:30:00,-13.208530543030975,-31.416240221995537
100000004,2019-07-28 12:30:00,-11.15179471695285,-27.636970198494836
240000000,2019-07-28 12:30:00,-8.302083333333304,-32.437500000000355
100000002,2019-07-28 12:35:00,-9.076366849357445,-27.848791228127972
100000003,2019-07-28 12:35:00,-13.221788034665929,-31.40525493762229
100000004,2019-07-28 12:35:00,-11.166177182123976,-27.622872902929977
240000000,2019-07-28 12:35:00,-8.310763888888859,-32.42708333333369
100000002,2019-07-28 12:40:00,-9.069407031103102,-27.84583147360206
100000003,2019-07-28 12:40:00,-13.235045526300883,-31.39426965324904
100000004,2019-07-28 12:40:00,-11.180559647295102,-27.608775607365118
240000000,2019-07-28 12:40:00,-8.319444444444414,-32.41666666666703
100000002,2019-07-28 12:45:00,-9.06244721284876,-27.84287171907615
100000003,2019-07-28 12:45:00,-13.248303017935838,-31.383284368875792
100000004,2019-07-28 12:45:00,-11.194942112466228,-27.59467831180026
240000000,2019-07-28 12:45:00,-8.32812499999997,-32.40625000000036
100000002,2019-07-28 12:50:00,-9.055487394594417,-27.83991196455024
100000003,2019-07-28 12:50:00,-13.261560509570792,-31.372299084502544
100000004,2019-07-28 12:50:00,-11.209324577637354,-27.5805810162354
240000000,2019-07-28 12:50:00,-8.336805555555525,-32.3958333333337
100000002,2019-07-28 12:55:00,-9.048527576340074,-27.83695221002433
100000003,2019-07-28 12:55:00,-13.274818001205746,-31.361313800129295
100000004,2019-07-28 12:55:00,-11.22370704280848,-27.56648372067054
240000000,2019-07-28 12:55:00,-8.34548611111108,-32.385416666667034
100000002,2019-07-28 13:00:00,-9.041567758085732,-27.833992455498418
100000003,2019-07-28 13:00:00,-13.2880754928407,-31.350328515756047
100000004,2019-07-28 13:00:00,-11.238089507979605,-27.55238642510568
240000000,2019-07-28 13:00:00,-8.354166666666636,-32.37500000000037
100000002,2019-07-28 13:05:00,-9.034607939831389,-27.831032700972507
100000003,2019-07-28 13:05:00,-13.301332984475655,-31.3393432313828
100000004,2019-07-28 13:05:00,-11.252471973150731,-27.53828912954082
240000000,2019-07-28 13:05:00,-8.362847222222191,-32.364583333333705
100000002,2019-07-28 13:10:00,-9.027648121577046,-27.828072946446596
100000003,2019-07-28 13:10:00,-13.31459047611061,-31.32835794700955
100000004,2019-07-28 13:10:00,-11.266854438321857,-27.524191833975962
240000000,2019-07-28 13:10:00,-8.371527777777747,-32.35416666666704
100000002,2019-07-28 13:15:00,-9.020688303322704,-27.825113191920686
100000003,2019-07-28 13:15:00,-13.327847967745564,-31.317372662636302
100000004,2019-07-28 13:15:00,-11.281236903492983,-27.510094538411103
240000000,2019-07-28 13:15:00,-8.380208333333302,-32.34375000000038
100000002,2019-07-28 13:20:00,-9.013728485068361,-27.822153437394775
100000003,2019-07-28 13:20:00,-13.341105459380518,-31.306387378263054
100000004,2019-07-28 13:20:00,-11.29561936866411,-27.495997242846244
240000000,2019-07-28 13:20:00,-8.388888888888857,-32.33333333333371
100000002,2019-07-28 13:25:00,-9.006768666814018,-27.819193682868864
100000003,2019-07-28 13:25:00,-13.354362951015473,-31.295402093889805
100000004,2019-07-28 13:25:00,-11.310001833835235,-27.481899947281384
240000000,2019-07-28 13:25:00,-8.397569444444413,-32.32291666666705
100000002,2019-07-28 13:30:00,-8.999808848559676,-27.816233928342953
100000003,2019-07-28 13:30:00,-13.367620442650427,-31.284416809516557
100000004,2019-07-28 13:30:00,-11.324384299006361,-27.467802651716525
240000000,2019-07-28 13:30:00,-8.406249999999968,-32.312500000000384
100000002,2019-07-28 13:35:00,-8.992849030305333,-27.813274173817042
100000003,2019-07-28 13:35:00,-13.380877934285381,-31.27343152514331
100000004,2019-07-28 13:35:00,-11.338766764177487,-27.453705356151666
240000000,2019-07-28 13:35:00,-8.414930555555523,-32.30208333333372
100000002,2019-07-28 13:40:00,-8.98588921205099,-27.81031441929113
100000003,2019-07-28 13:40:00,-13.394135425920336,-31.26244624077006
100000004,2019-07-28 13:40:00,-11.353149229348613,-27.439608060586806
240000000,2019-07-28 13:40:00,-8.423611111111079,-32.291666666667055
100000002,2019-07-28 13:45:00,-8.978929393796648,-27.80735466476522
100000003,2019-07-28 13:45:00,-13.40739291755529,-31.251460956396812
100000004,2019-07-28 13:45:00,-11.367531694519739,-27.425510765021947
240000000,2019-07-28 13:45:00,-8.432291666666634,-32.28125000000039
100000002,2019-07-28 13:50:00,-8.971969575542305,-27.80439491023931
100000003,2019-07-28 13:50:00,-13.420650409190245,-31.240475672023564
100000004,2019-07-28 13:50:00,-11.381914159690865,-27.411413469457088
240000000,2019-07-28 13:50:00,-8.44097222222219,-32.27083333333373
100000002,2019-07-28 13:55:00,-8.965009757287962,-27.8014351557134
100000003,2019-07-28 13:55:00,-13.433907900825199,-31.229490387650316
100000004,2019-07-28 13:55:00,-11.396296624861991,-27.39731617389223
240000000,2019-07-28 13:55:00,-8.449652777777745,-32.26041666666706
100000002,2019-07-28 14:00:00,-8.95804993903362,-27.79847540118749
100000003,2019-07-28 14:00:00,-13.447165392460153,-31.218505103277067
100000004,2019-07-28 14:00:00,-11.410679090033117,-27.38321887832737
240000000,2019-07-28 14:00:00,-8.4583333333333,-32.2500000000004
100000002,2019-07-28 14:05:00,-8.951090120779277,-27.795515646661578
100000003,2019-07-28 14:05:00,-13.460422884095108,-31.20751981890382
100000004,2019-07-28 14:05:00,-11.425061555204243,-27.36912158276251
240000000,2019-07-28 14:05:00,-8.467013888888856,-32.239583333333734
100000002,2019-07-28 14:10:00,-8.944130302524934,-27.792555892135667
100000003,2019-07-28 14:10:00,-13.473680375730062,-31.19653453453057
100000004,2019-07-28 14:10:00,-11.439444020375369,-27.35502428719765
240000000,2019-07-28 14:10:00,-8.475694444444411,-32.22916666666707
100000002,2019-07-28 14:15:00,-8.937170484270592,-27.789596137609756
100000003,2019-07-28 14:15:00,-13.486937867365016,-31.185549250157322
100000004,2019-07-28 14:15:00,-11.453826485546495,-27.34092699163279
240000000,2019-07-28 14:15:00,-8.484374999999966,-32.218750000000405
100000002,2019-07-28 14:20:00,-8.930210666016249,-27.786636383083845
100000003,2019-07-28 14:20:00,-13.50019535899997,-31.174563965784074
100000004,2019-07-28 14:20:00,-11.46820895071762,-27.326829696067932
240000000,2019-07-28 14:20:00,-8.493055555555522,-32.20833333333374
100000002,2019-07-28 14:25:00,-8.923250847761906,-27.783676628557934
100000003,2019-07-28 14:25:00,-13.513452850634925,-31.163578681410826
100000004,2019-07-28 14:25:00,-11.482591415888747,-27.312732400503073
240000000,2019-07-28 14:25:00,-8.501736111111077,-32.197916666667076
100000002,2019-07-28 14:30:00,-8.916291029507564,-27.780716874032024
100000003,2019-07-28 14:30:00,-13.52671034226988,-31.152593397037577
100000004,2019-07-28 14:30:00,-11.496973881059873,-27.298635104938214
240000000,2019-07-28 14:30:00,-8.510416666666632,-32.18750000000041
100000002,2019-07-28 14:35:00,-8.909331211253221,-27.777757119506113
100000003,2019-07-28 14:35:00,-13.539967833904834,-31.14160811266433
100000004,2019-07-28 14:35:00,-11.511356346230999,-27.284537809373354
240000000,2019-07-28 14:35:00,-8.519097222222188,-32.17708333333375
100000002,2019-07-28 14:40:00,-8.902371392998878,-27.774797364980202
100000003,2019-07-28 14:40:00,-13.553225325539788,-31.13062282829108
100000004,2019-07-28 14:40:00,-11.525738811402125,-27.270440513808495
240000000,2019-07-28 14:40:00,-8.527777777777743,-32.16666666666708
100000002,2019-07-28 14:45:00,-8.895411574744536,-27.77183761045429
100000003,2019-07-28 14:45:00,-13.566482817174743,-31.119637543917833
100000004,2019-07-28 14:45:00,-11.54012127657325,-27.256343218243636
240000000,2019-07-28 14:45:00,-8.536458333333298,-32.15625000000042
100000002,2019-07-28 14:50:00,-8.888451756490193,-27.76887785592838
100000003,2019-07-28 14:50:00,-13.579740308809697,-31.108652259544584
100000004,2019-07-28 14:50:00,-11.554503741744377,-27.242245922678777
240000000,2019-07-28 14:50:00,-8.545138888888854,-32.145833333333755
100000002,2019-07-28 14:55:00,-8.88149193823585,-27.76591810140247
100000003,2019-07-28 14:55:00,-13.592997800444651,-31.097666975171336
100000004,2019-07-28 14:55:00,-11.568886206915503,-27.228148627113917
240000000,2019-07-28 14:55:00,-8.55381944444441,-32.13541666666709
100000002,2019-07-28 15:00:00,-8.874532119981508,-27.76295834687656
100000003,2019-07-28 15:00:00,-13.606255292079606,-31.086681690798088
100000004,2019-07-28 15:00:00,-11.583268672086628,-27.214051331549058
240000000,2019-07-28 15:00:00,-8.562499999999964,-32.125000000000426
100000002,2019-07-28 15:05:00,-8.867572301727165,-27.759998592350648
100000003,2019-07-28 15:05:00,-13.61951278371456,-31.07569640642484
100000004,2019-07-28 15:05:00,-11.597651137257754,-27.1999540359842
240000000,2019-07-28 15:05:00,-8.57118055555552,-32.11458333333376
100000002,2019-07-28 15:10:00,-8.860612483472822,-27.757038837824737
100000003,2019-07-28 15:10:00,-13.632770275349515,-31.06471112205159
100000004,2019-07-28 15:10:00,-11.61203360242888,-27.18585674041934
240000000,2019-07-28 15:10:00,-8.579861111111075,-32.1041666666671
100000002,2019-07-28 15:15:00,-8.85365266521848,-27.754079083298826
100000003,2019-07-28 15:15:00,-13.646027766984469,-31.053725837678343
100000004,2019-07-28 15:15:00,-11.626416067600006,-27.17175944485448
240000000,2019-07-28 15:15:00,-8.58854166666663,-32.09375000000043
100000002,2019-07-28 15:20:00,-8.846692846964137,-27.751119328772916
100000003,2019-07-28 15:20:00,-13.659285258619423,-31.042740553305094
100000004,2019-07-28 15:20:00,-11.640798532771132,-27.15766214928962
240000000,2019-07-28 15:20:00,-8.597222222222186,-32.08333333333377
100000002,2019-07-28 15:25:00,-8.839733028709794,-27.748159574247005
100000003,2019-07-28 15:25:00,-13.672542750254378,-31.031755268931846
100000004,2019-07-28 15:25:00,-11.655180997942258,-27.14356485372476
240000000,2019-07-28 15:25:00,-8.605902777777741,-32.072916666667105
100000002,2019-07-28 15:30:00,-8.832773210455452,-27.745199819721094
100000003,2019-07-28 15:30:00,-13.685800241889332,-31.020769984558598
100000004,2019-07-28 15:30:00,-11.669563463113384,-27.129467558159902
240000000,2019-07-28 15:30:00,-8.614583333333297,-32.06250000000044
100000002,2019-07-28 15:35:00,-8.825813392201109,-27.742240065195183
100000003,2019-07-28 15:35:00,-13.699057733524286,-31.00978470018535
100000004,2019-07-28 15:35:00,-11.68394592828451,-27.115370262595043
240000000,2019-07-28 15:35:00,-8.623263888888852,-32.052083333333776
100000002,2019-07-28 15:40:00,-8.818853573946766,-27.739280310669272
100000003,2019-07-28 15:40:00,-13.71231522515924,-30.9987994158121
100000004,2019-07-28 15:40:00,-11.698328393455636,-27.101272967030184
240000000,2019-07-28 15:40:00,-8.631944444444407,-32.04166666666711
100000002,2019-07-28 15:45:00,-8.811893755692424,-27.73632055614336
100000003,2019-07-28 15:45:00,-13.725572716794195,-30.987814131438853
100000004,2019-07-28 15:45:00,-11.712710858626762,-27.087175671465324
240000000,2019-07-28 15:45:00,-8.640624999999963,-32.03125000000045
100000002,2019-07-28 15:50:00,-8.804933937438081,-27.73336080161745
100000003,2019-07-28 15:50:00,-13.73883020842915,-30.976828847065605
100000004,2019-07-28 15:50:00,-11.727093323797888,-27.073078375900465
240000000,2019-07-28 15:50:00,-8.649305555555518,-32.02083333333378
100000002,2019-07-28 15:55:00,-8.797974119183738,-27.73040104709154
100000003,2019-07-28 15:55:00,-13.752087700064104,-30.965843562692356
100000004,2019-07-28 15:55:00,-11.741475788969014,-27.058981080335606
240000000,2019-07-28 15:55:00,-8.657986111111073,-32.01041666666712
100000002,2019-07-28 16:00:00,-8.791014300929396,-27.72744129256563
100000003,2019-07-28 16:00:00,-13.765345191699058,-30.954858278319108
100000004,2019-07-28 16:00:00,-11.75585825414014,-27.044883784770747
240000000,2019-07-28 16:00:00,-8.666666666666629,-32.000000000000455
100000002,2019-07-28 16:05:00,-8.784054482675053,-27.72448153803972
100000003,2019-07-28 16:05:00,-13.778602683334013,-30.94387299394586
100000004,2019-07-28 16:05:00,-11.770240719311266,-27.030786489205887
240000000,2019-07-28 16:05:00,-8.675347222222184,-31.989583333333787
100000002,2019-07-28 16:10:00,-8.77709466442071,-27.721521783513808
100000003,2019-07-28 16:10:00,-13.791860174968967,-30.93288770957261
100000004,2019-07-28 16:10:00,-11.784623184482392,-27.016689193641028
240000000,2019-07-28 16:10:00,-8.68402777777774,-31.97916666666712
100000002,2019-07-28 16:15:00,-8.770134846166368,-27.718562028987897
100000003,2019-07-28 16:15:00,-13.805117666603921,-30.921902425199363
100000004,2019-07-28 16:15:00,-11.799005649653518,-27.00259189807617
240000000,2019-07-28 16:15:00,-8.692708333333295,-31.96875000000045
100000002,2019-07-28 16:20:00,-8.763175027912025,-27.715602274461986
100000003,2019-07-28 16:20:00,-13.818375158238876,-30.910917140826115
100000004,2019-07-28 16:20:00,-11.813388114824644,-26.98849460251131
240000000,2019-07-28 16:20:00,-8.70138888888885,-31.958333333333783
100000002,2019-07-28 16:25:00,-8.756215209657682,-27.712642519936075
100000003,2019-07-28 16:25:00,-13.83163264987383,-30.899931856452866
100000004,2019-07-28 16:25:00,-11.82777057999577,-26.97439730694645
240000000,2019-07-28 16:25:00,-8.710069444444406,-31.947916666667115
100000002,2019-07-28 16:30:00,-8.74925539140334,-27.709682765410165
100000003,2019-07-28 16:30:00,-13.844890141508785,-30.888946572079618
100000004,2019-07-28 16:30:00,-11.842153045166896,-26.96030001138159
240000000,2019-07-28 16:30:00,-8.718749999999961,-31.937500000000448
100000002,2019-07-28 16:35:00,-8.742295573148997,-27.706723010884254
100000003,2019-07-28 16:35:00,-13.858147633143739,-30.87796128770637
100000004,2019-07-28 16:35:00,-11.856535510338022,-26.94620271581673
240000000,2019-07-28 16:35:00,-8.727430555555516,-31.92708333333378
100000002,2019-07-28 16:40:00,-8.735335754894654,-27.703763256358343
100000003,2019-07-28 16:40:00,-13.871405124778693,-30.86697600333312
100000004,2019-07-28 16:40:00,-11.870917975509148,-26.932105420251872
240000000,2019-07-28 16:40:00,-8.736111111111072,-31.916666666667112
100000002,2019-07-28 16:45:00,-8.728375936640312,-27.700803501832432
100000003,2019-07-28 16:45:00,-13.884662616413648,-30.855990718959873
100000004,2019-07-28 16:45:00,-11.885300440680274,-26.918008124687013
240000000,2019-07-28 16:45:00,-8.744791666666627,-31.906250000000444
100000002,2019-07-28 16:50:00,-8.721416118385969,-27.69784374730652
100000003,2019-07-28 16:50:00,-13.897920108048602,-30.845005434586625
100000004,2019-07-28 16:50:00,-11.8996829058514,-26.903910829122154
240000000,2019-07-28 16:50:00,-8.753472222222182,-31.895833333333776
100000002,2019-07-28 16:55:00,-8.714456300131626,-27.69488399278061
100000003,2019-07-28 16:55:00,-13.911177599683556,-30.834020150213377
100000004,2019-07-28 16:55:00,-11.914065371022525,-26.889813533557295
240000000,2019-07-28 16:55:00,-8.762152777777738,-31.88541666666711
100000002,2019-07-28 17:00:00,-8.707496481877284,-27.6919242382547
100000003,2019-07-28 17:00:00,-13.92443509131851,-30.82303486584013
100000004,2019-07-28 17:00:00,-11.928447836193651,-26.875716237992435
240000000,2019-07-28 17:00:00,-8.770833333333293,-31.87500000000044
100000002,2019-07-28 17:05:00,-8.700536663622941,-27.68896448372879
100000003,2019-07-28 17:05:00,-13.937692582953465,-30.81204958146688
100000004,2019-07-28 17:05:00,-11.942830301364777,-26.861618942427576
240000000,2019-07-28 17:05:00,-8.779513888888848,-31.864583333333773
100000002,2019-07-28 17:10:00,-8.693576845368598,-27.686004729202878
100000003,2019-07-28 17:10:00,-13.95095007458842,-30.80106429709363
100000004,2019-07-28 17:10:00,-11.957212766535903,-26.847521646862717
240000000,2019-07-28 17:10:00,-8.788194444444404,-31.854166666667105
100000002,2019-07-28 17:15:00,-8.686617027114256,-27.683044974676967
100000003,2019-07-28 17:15:00,-13.964207566223374,-30.790079012720383
100000004,2019-07-28 17:15:00,-11.97159523170703,-26.833424351297857
240000000,2019-07-28 17:15:00,-8.79687499999996,-31.843750000000437
100000002,2019-07-28 17:20:00,-8.679657208859913,-27.680085220151057
100000003,2019-07-28 17:20:00,-13.977465057858328,-30.779093728347135
100000004,2019-07-28 17:20:00,-11.985977696878155,-26.819327055732998
240000000,2019-07-28 17:20:00,-8.805555555555515,-31.83333333333377
100000002,2019-07-28 17:25:00,-8.67269739060557,-27.677125465625146
100000003,2019-07-28 17:25:00,-13.990722549493283,-30.768108443973887
100000004,2019-07-28 17:25:00,-12.000360162049281,-26.80522976016814
240000000,2019-07-28 17:25:00,-8.81423611111107,-31.8229166666671
100000002,2019-07-28 17:30:00,-8.665737572351228,-27.674165711099235
100000003,2019-07-28 17:30:00,-14.003980041128237,-30.75712315960064
100000004,2019-07-28 17:30:00,-12.014742627220407,-26.79113246460328
240000000,2019-07-28 17:30:00,-8.822916666666625,-31.812500000000433
100000002,2019-07-28 17:35:00,-8.658777754096885,-27.671205956573324
100000003,2019-07-28 17:35:00,-14.017237532763192,-30.74613787522739
100000004,2019-07-28 17:35:00,-12.029125092391533,-26.77703516903842
240000000,2019-07-28 17:35:00,-8.83159722222218,-31.802083333333766
100000002,2019-07-28 17:40:00,-8.651817935842542,-27.668246202047413
100000003,2019-07-28 17:40:00,-14.030495024398146,-30.735152590854142
100000004,2019-07-28 17:40:00,-12.04350755756266,-26.76293787347356
240000000,2019-07-28 17:40:00,-8.840277777777736,-31.791666666667098
100000002,2019-07-28 17:45:00,-8.6448581175882,-27.665286447521503
100000003,2019-07-28 17:45:00,-14.0437525160331,-30.724167306480894
100000004,2019-07-28 17:45:00,-12.057890022733785,-26.7488405779087
240000000,2019-07-28 17:45:00,-8.848958333333291,-31.78125000000043
100000002,2019-07-28 17:50:00,-8.637898299333857,-27.66232669299559
100000003,2019-07-28 17:50:00,-14.057010007668055,-30.713182022107645
100000004,2019-07-28 17:50:00,-12.072272487904911,-26.734743282343842
240000000,2019-07-28 17:50:00,-8.857638888888847,-31.770833333333762
100000002,2019-07-28 17:55:00,-8.630938481079514,-27.65936693846968
100000003,2019-07-28 17:55:00,-14.070267499303009,-30.702196737734397
100000004,2019-07-28 17:55:00,-12.086654953076037,-26.720645986778983
240000000,2019-07-28 17:55:00,-8.866319444444402,-31.760416666667094
100000002,2019-07-28 18:00:00,-8.623978662825172,-27.65640718394377
100000003,2019-07-28 18:00:00,-14.083524990937963,-30.69121145336115
100000004,2019-07-28 18:00:00,-12.101037418247163,-26.706548691214124
240000000,2019-07-28 18:00:00,-8.874999999999957,-31.750000000000426
100000002,2019-07-28 18:05:00,-8.61701884457083,-27.65344742941786
100000003,2019-07-28 18:05:00,-14.096782482572918,-30.6802261689879
100000004,2019-07-28 18:05:00,-12.115419883418289,-26.692451395649265
240000000,2019-07-28 18:05:00,-8.883680555555513,-31.73958333333376
100000002,2019-07-28 18:10:00,-8.610059026316486,-27.65048767489195
100000003,2019-07-28 18:10:00,-14.110039974207872,-30.669240884614652
100000004,2019-07-28 18:10:00,-12.129802348589415,-26.678354100084405
240000000,2019-07-28 18:10:00,-8.892361111111068,-31.72916666666709
100000002,2019-07-28 18:15:00,-8.603099208062144,-27.647527920366038
100000003,2019-07-28 18:15:00,-14.123297465842827,-30.658255600241404
100000004,2019-07-28 18:15:00,-12.14418481376054,-26.664256804519546
240000000,2019-07-28 18:15:00,-8.901041666666623,-31.718750000000423
100000002,2019-07-28 18:20:00,-8.596139389807801,-27.644568165840127
100000003,2019-07-28 18:20:00,-14.136554957477781,-30.647270315868155
100000004,2019-07-28 18:20:00,-12.158567278931667,-26.650159508954687
240000000,2019-07-28 18:20:00,-8.909722222222179,-31.708333333333755
100000002,2019-07-28 18:25:00,-8.589179571553458,-27.641608411314216
100000003,2019-07-28 18:25:00,-14.149812449112735,-30.636285031494907
100000004,2019-07-28 18:25:00,-12.172949744102793,-26.636062213389827
240000000,2019-07-28 18:25:00,-8.918402777777734,-31.697916666667087
100000002,2019-07-28 18:30:00,-8.582219753299116,-27.638648656788305
100000003,2019-07-28 18:30:00,-14.16306994074769,-30.62529974712166
100000004,2019-07-28 18:30:00,-12.187332209273919,-26.621964917824968
240000000,2019-07-28 18:30:00,-8.92708333333329,-31.68750000000042
100000002,2019-07-28 18:35:00,-8.575259935044773,-27.635688902262395
100000003,2019-07-28 18:35:00,-14.176327432382644,-30.61431446274841
100000004,2019-07-28 18:35:00,-12.201714674445045,-26.60786762226011
240000000,2019-07-28 18:35:00,-8.935763888888845,-31.67708333333375
100000002,2019-07-28 18:40:00,-8.56830011679043,-27.632729147736484
100000003,2019-07-28 18:40:00,-14.189584924017598,-30.603329178375162
100000004,2019-07-28 18:40:00,-12.21609713961617,-26.59377032669525
240000000,2019-07-28 18:40:00,-8.9444444444444,-31.666666666667084
100000002,2019-07-28 18:45:00,-8.561340298536088,-27.629769393210573
100000003,2019-07-28 18:45:00,-14.202842415652553,-30.592343894001914
100000004,2019-07-28 18:45:00,-12.230479604787297,-26.57967303113039
240000000,2019-07-28 18:45:00,-8.953124999999956,-31.656250000000416
100000002,2019-07-28 18:50:00,-8.554380480281745,-27.626809638684662
100000003,2019-07-28 18:50:00,-14.216099907287507,-30.581358609628666
100000004,2019-07-28 18:50:00,-12.244862069958423,-26.56557573556553
240000000,2019-07-28 18:50:00,-8.961805555555511,-31.645833333333748
100000002,2019-07-28 18:55:00,-8.547420662027402,-27.62384988415875
100000003,2019-07-28 18:55:00,-14.229357398922462,-30.570373325255417
100000004,2019-07-28 18:55:00,-12.259244535129548,-26.551478440000672
240000000,2019-07-28 18:55:00,-8.970486111111066,-31.63541666666708
100000002,2019-07-28 19:00:00,-8.54046084377306,-27.62089012963284
100000003,2019-07-28 19:00:00,-14.242614890557416,-30.55938804088217
100000004,2019-07-28 19:00:00,-12.273627000300674,-26.537381144435813
240000000,2019-07-28 19:00:00,-8.979166666666622,-31.625000000000412
100000002,2019-07-28 19:05:00,-8.533501025518717,-27.61793037510693
100000003,2019-07-28 19:05:00,-14.25587238219237,-30.54840275650892
100000004,2019-07-28 19:05:00,-12.2880094654718,-26.523283848870953
240000000,2019-07-28 19:05:00,-8.987847222222177,-31.614583333333744
100000002,2019-07-28 19:10:00,-8.526541207264374,-27.61497062058102
100000003,2019-07-28 19:10:00,-14.269129873827325,-30.537417472135672
100000004,2019-07-28 19:10:00,-12.302391930642926,-26.509186553306094
240000000,2019-07-28 19:10:00,-8.996527777777732,-31.604166666667076
100000002,2019-07-28 19:15:00,-8.519581389010032,-27.61201086605511
100000003,2019-07-28 19:15:00,-14.282387365462279,-30.526432187762424
100000004,2019-07-28 19:15:00,-12.316774395814052,-26.495089257741235
240000000,2019-07-28 19:15:00,-9.005208333333288,-31.59375000000041
100000002,2019-07-28 19:20:00,-8.51262157075569,-27.609051111529197
100000003,2019-07-28 19:20:00,-14.295644857097233,-30.515446903389176
100000004,2019-07-28 19:20:00,-12.331156860985178,-26.480991962176375
240000000,2019-07-28 19:20:00,-9.013888888888843,-31.58333333333374
100000002,2019-07-28 19:25:00,-8.505661752501346,-27.606091357003287
100000003,2019-07-28 19:25:00,-14.308902348732188,-30.504461619015927
100000004,2019-07-28 19:25:00,-12.345539326156304,-26.466894666611516
240000000,2019-07-28 19:25:00,-9.022569444444398,-31.572916666667073
100000002,2019-07-28 19:30:00,-8.498701934247004,-27.603131602477376
100000003,2019-07-28 19:30:00,-14.322159840367142,-30.49347633464268
100000004,2019-07-28 19:30:00,-12.35992179132743,-26.452797371046657
240000000,2019-07-28 19:30:00,-9.031249999999954,-31.562500000000405
100000002,2019-07-28 19:35:00,-8.491742115992661,-27.600171847951465
100000003,2019-07-28 19:35:00,-14.335417332002097,-30.48249105026943
100000004,2019-07-28 19:35:00,-12.374304256498556,-26.438700075481798
240000000,2019-07-28 19:35:00,-9.03993055555551,-31.552083333333737
100000002,2019-07-28 19:40:00,-8.484782297738318,-27.597212093425554
100000003,2019-07-28 19:40:00,-14.348674823637051,-30.471505765896183
100000004,2019-07-28 19:40:00,-12.388686721669682,-26.42460277991694
240000000,2019-07-28 19:40:00,-9.048611111111065,-31.54166666666707
100000002,2019-07-28 19:45:00,-8.477822479483976,-27.594252338899643
100000003,2019-07-28 19:45:00,-14.361932315272005,-30.460520481522934
100000004,2019-07-28 19:45:00,-12.403069186840808,-26.41050548435208
240000000,2019-07-28 19:45:00,-9.05729166666662,-31.5312500000004
100000002,2019-07-28 19:50:00,-8.470862661229633,-27.591292584373733
100000003,2019-07-28 19:50:00,-14.37518980690696,-30.449535197149686
100000004,2019-07-28 19:50:00,-12.417451652011934,-26.39640818878722
240000000,2019-07-28 19:50:00,-9.065972222222175,-31.520833333333734
100000002,2019-07-28 19:55:00,-8.46390284297529,-27.588332829847822
100000003,2019-07-28 19:55:00,-14.388447298541914,-30.438549912776438
100000004,2019-07-28 19:55:00,-12.43183411718306,-26.38231089322236
240000000,2019-07-28 19:55:00,-9.07465277777773,-31.510416666667066
100000002,2019-07-28 20:00:00,-8.456943024720948,-27.58537307532191
100000003,2019-07-28 20:00:00,-14.401704790176868,-30.42756462840319
100000004,2019-07-28 20:00:00,-12.446216582354186,-26.3682135976575
240000000,2019-07-28 20:00:00,-9.083333333333286,-31.500000000000398
100000002,2019-07-28 20:05:00,-8.449983206466605,-27.582413320796
100000003,2019-07-28 20:05:00,-14.414962281811823,-30.41657934402994
100000004,2019-07-28 20:05:00,-12.460599047525312,-26.354116302092642
240000000,2019-07-28 20:05:00,-9.092013888888841,-31.48958333333373
100000002,2019-07-28 20:10:00,-8.443023388212263,-27.57945356627009
100000003,2019-07-28 20:10:00,-14.428219773446777,-30.405594059656693
100000004,2019-07-28 20:10:00,-12.474981512696438,-26.340019006527783
240000000,2019-07-28 20:10:00,-9.100694444444397,-31.479166666667062
100000002,2019-07-28 20:15:00,-8.43606356995792,-27.57649381174418
100000003,2019-07-28 20:15:00,-14.441477265081732,-30.394608775283444
100000004,2019-07-28 20:15:00,-12.489363977867564,-26.325921710962923
240000000,2019-07-28 20:15:00,-9.109374999999952,-31.468750000000394
100000002,2019-07-28 20:20:00,-8.429103751703577,-27.573534057218268
100000003,2019-07-28 20:20:00,-14.454734756716686,-30.383623490910196
100000004,2019-07-28 20:20:00,-12.50374644303869,-26.311824415398064
240000000,2019-07-28 20:20:00,-9.118055555555507,-31.458333333333727
100000002,2019-07-28 20:25:00,-8.422143933449235,-27.570574302692357
100000003,2019-07-28 20:25:00,-14.46799224835164,-30.372638206536948
100000004,2019-07-28 20:25:00,-12.518128908209816,-26.297727119833205
240000000,2019-07-28 20:25:00,-9.126736111111063,-31.44791666666706
100000002,2019-07-28 20:30:00,-8.415184115194892,-27.567614548166446
100000003,2019-07-28 20:30:00,-14.481249739986595,-30.3616529221637
100000004,2019-07-28 20:30:00,-12.532511373380942,-26.283629824268345
240000000,2019-07-28 20:30:00,-9.135416666666618,-31.43750000000039
100000002,2019-07-28 20:35:00,-8.40822429694055,-27.564654793640536
100000003,2019-07-28 20:35:00,-14.494507231621549,-30.35066763779045
100000004,2019-07-28 20:35:00,-12.546893838552068,-26.269532528703486
240000000,2019-07-28 20:35:00,-9.144097222222173,-31.427083333333723
100000002,2019-07-28 20:40:00,-8.401264478686207,-27.561695039114625
100000003,2019-07-28 20:40:00,-14.507764723256503,-30.339682353417203
100000004,2019-07-28 20:40:00,-12.561276303723194,-26.255435233138627
240000000,2019-07-28 20:40:00,-9.152777777777729,-31.416666666667055
100000002,2019-07-28 20:45:00,-8.394304660431864,-27.558735284588714
100000003,2019-07-28 20:45:00,-14.521022214891458,-30.328697069043955
100000004,2019-07-28 20:45:00,-12.57565876889432,-26.241337937573768
240000000,2019-07-28 20:45:00,-9.161458333333284,-31.406250000000387
100000002,2019-07-28 20:50:00,-8.387344842177521,-27.555775530062803
100000003,2019-07-28 20:50:00,-14.534279706526412,-30.317711784670706
100000004,2019-07-28 20:50:00,-12.590041234065446,-26.22724064200891
240000000,2019-07-28 20:50:00,-9.17013888888884,-31.39583333333372
100000002,2019-07-28 20:55:00,-8.380385023923179,-27.552815775536892
100000003,2019-07-28 20:55:00,-14.547537198161367,-30.306726500297458
100000004,2019-07-28 20:55:00,-12.604423699236571,-26.21314334644405
240000000,2019-07-28 20:55:00,-9.178819444444395,-31.38541666666705
100000002,2019-07-28 21:00:00,-8.373425205668836,-27.54985602101098
100000003,2019-07-28 21:00:00,-14.560794689796321,-30.29574121592421
100000004,2019-07-28 21:00:00,-12.618806164407697,-26.19904605087919
240000000,2019-07-28 21:00:00,-9.18749999999995,-31.375000000000384
100000002,2019-07-28 21:05:00,-8.366465387414493,-27.54689626648507
100000003,2019-07-28 21:05:00,-14.574052181431275,-30.28475593155096
100000004,2019-07-28 21:05:00,-12.633188629578823,-26.18494875531433
240000000,2019-07-28 21:05:00,-9.196180555555506,-31.364583333333716
100000002,2019-07-28 21:10:00,-8.35950556916015,-27.54393651195916
100000003,2019-07-28 21:10:00,-14.58730967306623,-30.273770647177713
100000004,2019-07-28 21:10:00,-12.64757109474995,-26.17085145974947
240000000,2019-07-28 21:10:00,-9.204861111111061,-31.354166666667048
100000002,2019-07-28 21:15:00,-8.352545750905808,-27.54097675743325
100000003,2019-07-28 21:15:00,-14.600567164701184,-30.262785362804465
100000004,2019-07-28 21:15:00,-12.661953559921075,-26.156754164184612
240000000,2019-07-28 21:15:00,-9.213541666666616,-31.34375000000038
100000002,2019-07-28 21:20:00,-8.345585932651465,-27.53801700290734
100000003,2019-07-28 21:20:00,-14.613824656336138,-30.251800078431216
100000004,2019-07-28 21:20:00,-12.676336025092201,-26.142656868619753
240000000,2019-07-28 21:20:00,-9.222222222222172,-31.333333333333712
100000002,2019-07-28 21:25:00,-8.338626114397123,-27.535057248381428
100000003,2019-07-28 21:25:00,-14.627082147971093,-30.240814794057968
100000004,2019-07-28 21:25:00,-12.690718490263327,-26.128559573054893
240000000,2019-07-28 21:25:00,-9.230902777777727,-31.322916666667044
100000002,2019-07-28 21:30:00,-8.33166629614278,-27.532097493855517
100000003,2019-07-28 21:30:00,-14.640339639606047,-30.22982950968472
100000004,2019-07-28 21:30:00,-12.705100955434453,-26.114462277490034
240000000,2019-07-28 21:30:00,-9.239583333333282,-31.312500000000377
100000002,2019-07-28 21:35:00,-8.324706477888437,-27.529137739329606
100000003,2019-07-28 21:35:00,-14.653597131241002,-30.21884422531147
100000004,2019-07-28 21:35:00,-12.71948342060558,-26.100364981925175
240000000,2019-07-28 21:35:00,-9.248263888888838,-31.30208333333371
100000002,2019-07-28 21:40:00,-8.317746659634095,-27.526177984803695
100000003,2019-07-28 21:40:00,-14.666854622875956,-30.207858940938223
100000004,2019-07-28 21:40:00,-12.733865885776705,-26.086267686360316
240000000,2019-07-28 21:40:00,-9.256944444444393,-31.29166666666704
100000002,2019-07-28 21:45:00,-8.310786841379752,-27.523218230277784
100000003,2019-07-28 21:45:00,-14.68011211451091,-30.196873656564975
100000004,2019-07-28 21:45:00,-12.748248350947831,-26.072170390795456
240000000,2019-07-28 21:45:00,-9.265624999999948,-31.281250000000373
100000002,2019-07-28 21:50:00,-8.30382702312541,-27.520258475751874
100000003,2019-07-28 21:50:00,-14.693369606145865,-30.185888372191727
100000004,2019-07-28 21:50:00,-12.762630816118957,-26.058073095230597
240000000,2019-07-28 21:50:00,-9.274305555555504,-31.270833333333705
100000002,2019-07-28 21:55:00,-8.296867204871067,-27.517298721225963
100000003,2019-07-28 21:55:00,-14.70662709778082,-30.17490308781848
100000004,2019-07-28 21:55:00,-12.777013281290083,-26.043975799665738
240000000,2019-07-28 21:55:00,-9.28298611111106,-31.260416666667037
100000002,2019-07-28 22:00:00,-8.289907386616724,-27.514338966700052
100000003,2019-07-28 22:00:00,-14.719884589415773,-30.16391780344523
100000004,2019-07-28 22:00:00,-12.791395746461209,-26.02987850410088
240000000,2019-07-28 22:00:00,-9.291666666666615,-31.25000000000037
100000002,2019-07-28 22:05:00,-8.282947568362381,-27.51137921217414
100000003,2019-07-28 22:05:00,-14.733142081050728,-30.15293251907198
100000004,2019-07-28 22:05:00,-12.805778211632335,-26.01578120853602
240000000,2019-07-28 22:05:00,-9.30034722222217,-31.2395833333337
100000002,2019-07-28 22:10:00,-8.275987750108039,-27.50841945764823
100000003,2019-07-28 22:10:00,-14.746399572685682,-30.141947234698733
100000004,2019-07-28 22:10:00,-12.82016067680346,-26.00168391297116
240000000,2019-07-28 22:10:00,-9.309027777777725,-31.229166666667034
100000002,2019-07-28 22:15:00,-8.269027931853696,-27.50545970312232
100000003,2019-07-28 22:15:00,-14.759657064320637,-30.130961950325485
100000004,2019-07-28 22:15:00,-12.834543141974587,-25.9875866174063
240000000,2019-07-28 22:15:00,-9.31770833333328,-31.218750000000366
100000002,2019-07-28 22:20:00,-8.262068113599353,-27.50249994859641
100000003,2019-07-28 22:20:00,-14.772914555955591,-30.119976665952237
100000004,2019-07-28 22:20:00,-12.848925607145713,-25.97348932184144
240000000,2019-07-28 22:20:00,-9.326388888888836,-31.208333333333698
100000002,2019-07-28 22:25:00,-8.25510829534501,-27.499540194070498
100000003,2019-07-28 22:25:00,-14.786172047590545,-30.10899138157899
100000004,2019-07-28 22:25:00,-12.863308072316839,-25.959392026276582
240000000,2019-07-28 22:25:00,-9.335069444444391,-31.19791666666703
100000002,2019-07-28 22:30:00,-8.248148477090668,-27.496580439544587
100000003,2019-07-28 22:30:00,-14.7994295392255,-30.09800609720574
100000004,2019-07-28 22:30:00,-12.877690537487965,-25.945294730711723
240000000,2019-07-28 22:30:00,-9.343749999999947,-31.187500000000362
100000002,2019-07-28 22:35:00,-8.241188658836325,-27.493620685018676
100000003,2019-07-28 22:35:00,-14.812687030860454,-30.087020812832492
100000004,2019-07-28 22:35:00,-12.89207300265909,-25.931197435146863
240000000,2019-07-28 22:35:00,-9.352430555555502,-31.177083333333695
100000002,2019-07-28 22:40:00,-8.234228840581983,-27.490660930492766
100000003,2019-07-28 22:40:00,-14.825944522495409,-30.076035528459244
100000004,2019-07-28 22:40:00,-12.906455467830217,-25.917100139582004
240000000,2019-07-28 22:40:00,-9.361111111111057,-31.166666666667027
100000002,2019-07-28 22:45:00,-8.22726902232764,-27.487701175966855
100000003,2019-07-28 22:45:00,-14.839202014130363,-30.065050244085995
100000004,2019-07-28 22:45:00,-12.920837933001343,-25.903002844017145
240000000,2019-07-28 22:45:00,-9.369791666666613,-31.15625000000036
100000002,2019-07-28 22:50:00,-8.220309204073297,-27.484741421440944
100000003,2019-07-28 22:50:00,-14.852459505765317,-30.054064959712747
100000004,2019-07-28 22:50:00,-12.935220398172468,-25.888905548452286
240000000,2019-07-28 22:50:00,-9.378472222222168,-31.14583333333369
100000002,2019-07-28 22:55:00,-8.213349385818955,-27.481781666915033
100000003,2019-07-28 22:55:00,-14.865716997400272,-30.0430796753395
100000004,2019-07-28 22:55:00,-12.949602863343594,-25.874808252887426
240000000,2019-07-28 22:55:00,-9.387152777777724,-31.135416666667023
100000002,2019-07-28 23:00:00,-8.206389567564612,-27.478821912389122
100000003,2019-07-28 23:00:00,-14.878974489035226,-30.03209439096625
100000004,2019-07-28 23:00:00,-12.96398532851472,-25.860710957322567
240000000,2019-07-28 23:00:00,-9.395833333333279,-31.125000000000355
100000002,2019-07-28 23:05:00,-8.19942974931027,-27.47586215786321
100000003,2019-07-28 23:05:00,-14.89223198067018,-30.021109106593002
100000004,2019-07-28 23:05:00,-12.978367793685846,-25.846613661757708
240000000,2019-07-28 23:05:00,-9.404513888888834,-31.114583333333687
100000002,2019-07-28 23:10:00,-8.192469931055927,-27.4729024033373
100000003,2019-07-28 23:10:00,-14.905489472305135,-30.010123822219754
100000004,2019-07-28 23:10:00,-12.992750258856972,-25.83251636619285
240000000,2019-07-28 23:10:00,-9.41319444444439,-31.10416666666702
100000002,2019-07-28 23:15:00,-8.185510112801584,-27.46994264881139
100000003,2019-07-28 23:15:00,-14.91874696394009,-29.999138537846505
100000004,2019-07-28 23:15:00,-13.007132724028098,-25.81841907062799
240000000,2019-07-28 23:15:00,-9.421874999999945,-31.09375000000035
100000002,2019-07-28 23:20:00,-8.178550294547241,-27.46698289428548
100000003,2019-07-28 23:20:00,-14.932004455575044,-29.988153253473257
100000004,2019-07-28 23:20:00,-13.021515189199224,-25.80432177506313
240000000,2019-07-28 23:20:00,-9.4305555555555,-31.083333333333684
100000002,2019-07-28 23:25:00,-8.171590476292899,-27.46402313975957
100000003,2019-07-28 23:25:00,-14.945261947209998,-29.97716796910001
100000004,2019-07-28 23:25:00,-13.03589765437035,-25.79022447949827
240000000,2019-07-28 23:25:00,-9.439236111111056,-31.072916666667016
100000002,2019-07-28 23:30:00,-8.164630658038556,-27.461063385233658
100000003,2019-07-28 23:30:00,-14.958519438844952,-29.96618268472676
100000004,2019-07-28 23:30:00,-13.050280119541476,-25.77612718393341
240000000,2019-07-28 23:30:00,-9.447916666666611,-31.062500000000348
100000002,2019-07-28 23:35:00,-8.157670839784213,-27.458103630707747
100000003,2019-07-28 23:35:00,-14.971776930479907,-29.955197400353512
100000004,2019-07-28 23:35:00,-13.064662584712602,-25.762029888368552
240000000,2019-07-28 23:35:00,-9.456597222222166,-31.05208333333368
100000002,2019-07-28 23:40:00,-8.15071102152987,-27.455143876181836
100000003,2019-07-28 23:40:00,-14.985034422114861,-29.944212115980264
100000004,2019-07-28 23:40:00,-13.079045049883728,-25.747932592803693
240000000,2019-07-28 23:40:00,-9.465277777777722,-31.041666666667012
100000002,2019-07-28 23:45:00,-8.143751203275528,-27.452184121655925
100000003,2019-07-28 23:45:00,-14.998291913749815,-29.933226831607016
100000004,2019-07-28 23:45:00,-13.093427515054854,-25.733835297238834
240000000,2019-07-28 23:45:00,-9.473958333333277,-31.031250000000345
100000002,2019-07-28 23:50:00,-8.136791385021185,-27.449224367130014
100000003,2019-07-28 23:50:00,-15.01154940538477,-29.922241547233767
100000004,2019-07-28 23:50:00,-13.10780998022598,-25.719738001673974
240000000,2019-07-28 23:50:00,-9.482638888888832,-31.020833333333677
100000002,2019-07-28 23:55:00,-8.129831566766843,-27.446264612604104
100000003,2019-07-28 23:55:00,-15.024806897019724,-29.91125626286052
100000004,2019-07-28 23:55:00,-13.122192445397106,-25.705640706109115
240000000,2019-07-28 23:55:00,-9.491319444444388,-31.01041666666701
100000002,2019-07-29 00:00:00,-8.1228717485125,-27.443304858078193
100000003,2019-07-29 00:00:00,-15.038064388654679,-29.90027097848727
100000004,2019-07-29 00:00:00,-13.136574910568232,-25.691543410544256
240000000,2019-07-29 00:00:00,-9.499999999999943,-31.00000000000034
100000002,2019-07-29 00:05:00,-8.115911930258157,-27.440345103552282
100000003,2019-07-29 00:05:00,-15.051321880289633,-29.889285694114022
100000004,2019-07-29 00:05:00,-13.150957375739358,-25.677446114979396
240000000,2019-07-29 00:05:00,-9.508680555555499,-30.989583333333673
100000002,2019-07-29 00:10:00,-8.108952112003815,-27.43738534902637
100000003,2019-07-29 00:10:00,-15.064579371924587,-29.878300409740774
100000004,2019-07-29 00:10:00,-13.165339840910484,-25.663348819414537
240000000,2019-07-29 00:10:00,-9.517361111111054,-30.979166666667005
100000002,2019-07-29 00:15:00,-8.101992293749472,-27.43442559450046
100000003,2019-07-29 00:15:00,-15.077836863559542,-29.867315125367526
100000004,2019-07-29 00:15:00,-13.17972230608161,-25.649251523849678
240000000,2019-07-29 00:15:00,-9.52604166666661,-30.968750000000338
100000002,2019-07-29 00:20:00,-8.09503247549513,-27.43146583997455
100000003,2019-07-29 00:20:00,-15.091094355194496,-29.856329840994277
100000004,2019-07-29 00:20:00,-13.194104771252736,-25.63515422828482
240000000,2019-07-29 00:20:00,-9.534722222222165,-30.95833333333367
100000002,2019-07-29 00:25:00,-8.088072657240787,-27.42850608544864
100000003,2019-07-29 00:25:00,-15.10435184682945,-29.84534455662103
100000004,2019-07-29 00:25:00,-13.208487236423862,-25.62105693271996
240000000,2019-07-29 00:25:00,-9.54340277777772,-30.947916666667002
100000002,2019-07-29 00:30:00,-8.081112838986444,-27.425546330922728
100000003,2019-07-29 00:30:00,-15.117609338464405,-29.83435927224778
100000004,2019-07-29 00:30:00,-13.222869701594988,-25.6069596371551
240000000,2019-07-29 00:30:00,-9.552083333333275,-30.937500000000334
100000002,2019-07-29 00:35:00,-8.074153020732101,-27.422586576396817
100000003,2019-07-29 00:35:00,-15.13086683009936,-29.823373987874533
100000004,2019-07-29 00:35:00,-13.237252166766114,-25.59286234159024
240000000,2019-07-29 00:35:00,-9.56076388888883,-30.927083333333666
100000002,2019-07-29 00:40:00,-8.067193202477759,-27.419626821870906
100000003,2019-07-29 00:40:00,-15.144124321734314,-29.812388703501284
100000004,2019-07-29 00:40:00,-13.25163463193724,-25.57876504602538
240000000,2019-07-29 00:40:00,-9.569444444444386,-30.916666666667
100000002,2019-07-29 00:45:00,-8.060233384223416,-27.416667067344996
100000003,2019-07-29 00:45:00,-15.157381813369268,-29.801403419128036
100000004,2019-07-29 00:45:00,-13.266017097108366,-25.564667750460522
240000000,2019-07-29 00:45:00,-9.578124999999941,-30.90625000000033
100000002,2019-07-29 00:50:00,-8.053273565969073,-27.413707312819085
100000003,2019-07-29 00:50:00,-15.170639305004222,-29.790418134754788
100000004,2019-07-29 00:50:00,-13.280399562279491,-25.550570454895663
240000000,2019-07-29 00:50:00,-9.586805555555497,-30.895833333333663
100000002,2019-07-29 00:55:00,-8.04631374771473,-27.410747558293174
100000003,2019-07-29 00:55:00,-15.183896796639177,-29.77943285038154
100000004,2019-07-29 00:55:00,-13.294782027450617,-25.536473159330804
240000000,2019-07-29 00:55:00,-9.595486111111052,-30.885416666666995
100000002,2019-07-29 01:00:00,-8.039353929460388,-27.407787803767263
100000003,2019-07-29 01:00:00,-15.197154288274131,-29.76844756600829
100000004,2019-07-29 01:00:00,-13.309164492621743,-25.522375863765944
240000000,2019-07-29 01:00:00,-9.604166666666607,-30.875000000000327
100000002,2019-07-29 01:05:00,-8.032394111206045,-27.404828049241353
100000003,2019-07-29 01:05:00,-15.210411779909085,-29.757462281635043
100000004,2019-07-29 01:05:00,-13.32354695779287,-25.508278568201085
240000000,2019-07-29 01:05:00,-9.612847222222163,-30.86458333333366
100000002,2019-07-29 01:10:00,-8.025434292951703,-27.40186829471544
100000003,2019-07-29 01:10:00,-15.22366927154404,-29.746476997261794
100000004,2019-07-29 01:10:00,-13.337929422963995,-25.494181272636226
240000000,2019-07-29 01:10:00,-9.621527777777718,-30.85416666666699
100000002,2019-07-29 01:15:00,-8.01847447469736,-27.39890854018953
100000003,2019-07-29 01:15:00,-15.236926763178994,-29.735491712888546
100000004,2019-07-29 01:15:00,-13.352311888135121,-25.480083977071367
240000000,2019-07-29 01:15:00,-9.630208333333274,-30.843750000000323
100000002,2019-07-29 01:20:00,-8.011514656443017,-27.39594878566362
100000003,2019-07-29 01:20:00,-15.250184254813949,-29.724506428515298
100000004,2019-07-29 01:20:00,-13.366694353306247,-25.465986681506507
240000000,2019-07-29 01:20:00,-9.638888888888829,-30.833333333333655
100000002,2019-07-29 01:25:00,-8.004554838188675,-27.39298903113771
100000003,2019-07-29 01:25:00,-15.263441746448903,-29.71352114414205
100000004,2019-07-29 01:25:00,-13.381076818477373,-25.451889385941648
240000000,2019-07-29 01:25:00,-9.647569444444384,-30.822916666666988
100000002,2019-07-29 01:30:00,-7.997595019934333,-27.3900292766118
100000003,2019-07-29 01:30:00,-15.276699238083857,-29.7025358597688
100000004,2019-07-29 01:30:00,-13.3954592836485,-25.43779209037679
240000000,2019-07-29 01:30:00,-9.65624999999994,-30.81250000000032
100000002,2019-07-29 01:35:00,-7.990635201679991,-27.387069522085888
100000003,2019-07-29 01:35:00,-15.289956729718812,-29.691550575395553
100000004,2019-07-29 01:35:00,-13.409841748819625,-25.42369479481193
240000000,2019-07-29 01:35:00,-9.664930555555495,-30.802083333333652
100000002,2019-07-29 01:40:00,-7.983675383425649,-27.384109767559977
100000003,2019-07-29 01:40:00,-15.303214221353766,-29.680565291022305
100000004,2019-07-29 01:40:00,-13.424224213990751,-25.40959749924707
240000000,2019-07-29 01:40:00,-9.67361111111105,-30.791666666666984
100000002,2019-07-29 01:45:00,-7.9767155651713075,-27.381150013034066
100000003,2019-07-29 01:45:00,-15.31647171298872,-29.669580006649056
100000004,2019-07-29 01:45:00,-13.438606679161877,-25.39550020368221
240000000,2019-07-29 01:45:00,-9.682291666666606,-30.781250000000316
100000002,2019-07-29 01:50:00,-7.969755746916966,-27.378190258508155
100000003,2019-07-29 01:50:00,-15.329729204623675,-29.658594722275808
100000004,2019-07-29 01:50:00,-13.452989144333003,-25.38140290811735
240000000,2019-07-29 01:50:00,-9.690972222222161,-30.77083333333365
100000002,2019-07-29 01:55:00,-7.962795928662624,-27.375230503982245
100000003,2019-07-29 01:55:00,-15.34298669625863,-29.64760943790256
100000004,2019-07-29 01:55:00,-13.467371609504129,-25.367305612552492
240000000,2019-07-29 01:55:00,-9.699652777777716,-30.76041666666698
100000002,2019-07-29 02:00:00,-7.955836110408282,-27.372270749456334
100000003,2019-07-29 02:00:00,-15.356244187893584,-29.63662415352931
100000004,2019-07-29 02:00:00,-13.481754074675255,-25.353208316987633
240000000,2019-07-29 02:00:00,-9.708333333333272,-30.750000000000313
100000002,2019-07-29 02:05:00,-7.94887629215394,-27.369310994930423
100000003,2019-07-29 02:05:00,-15.369501679528538,-29.625638869156063
100000004,2019-07-29 02:05:00,-13.49613653984638,-25.339111021422774
240000000,2019-07-29 02:05:00,-9.717013888888827,-30.739583333333645
100000002,2019-07-29 02:10:00,-7.941916473899599,-27.366351240404512
100000003,2019-07-29 02:10:00,-15.382759171163492,-29.614653584782815
100000004,2019-07-29 02:10:00,-13.510519005017507,-25.325013725857914
240000000,2019-07-29 02:10:00,-9.725694444444382,-30.729166666666977
100000002,2019-07-29 02:15:00,-7.934956655645257,-27.3633914858786
100000003,2019-07-29 02:15:00,-15.396016662798447,-29.603668300409566
100000004,2019-07-29 02:15:00,-13.524901470188633,-25.310916430293055
240000000,2019-07-29 02:15:00,-9.734374999999938,-30.71875000000031
100000002,2019-07-29 02:20:00,-7.927996837390915,-27.36043173135269
100000003,2019-07-29 02:20:00,-15.409274154433401,-29.592683016036318
100000004,2019-07-29 02:20:00,-13.539283935359759,-25.296819134728196
240000000,2019-07-29 02:20:00,-9.743055555555493,-30.70833333333364
100000002,2019-07-29 02:25:00,-7.921037019136573,-27.35747197682678
100000003,2019-07-29 02:25:00,-15.422531646068355,-29.58169773166307
100000004,2019-07-29 02:25:00,-13.553666400530885,-25.282721839163337
240000000,2019-07-29 02:25:00,-9.751736111111049,-30.697916666666973
100000002,2019-07-29 02:30:00,-7.9140772008822315,-27.35451222230087
100000003,2019-07-29 02:30:00,-15.43578913770331,-29.57071244728982
100000004,2019-07-29 02:30:00,-13.56804886570201,-25.268624543598477
240000000,2019-07-29 02:30:00,-9.760416666666604,-30.687500000000306
100000002,2019-07-29 02:35:00,-7.90711738262789,-27.351552467774958
100000003,2019-07-29 02:35:00,-15.449046629338264,-29.559727162916573
100000004,2019-07-29 02:35:00,-13.582431330873137,-25.254527248033618
240000000,2019-07-29 02:35:00,-9.76909722222216,-30.677083333333638
100000002,2019-07-29 02:40:00,-7.900157564373548,-27.348592713249047
100000003,2019-07-29 02:40:00,-15.462304120973219,-29.548741878543325
100000004,2019-07-29 02:40:00,-13.596813796044263,-25.24042995246876
240000000,2019-07-29 02:40:00,-9.777777777777715,-30.66666666666697
100000002,2019-07-29 02:45:00,-7.893197746119206,-27.345632958723137
100000003,2019-07-29 02:45:00,-15.475561612608173,-29.537756594170077
100000004,2019-07-29 02:45:00,-13.611196261215389,-25.2263326569039
240000000,2019-07-29 02:45:00,-9.78645833333327,-30.656250000000302
100000002,2019-07-29 02:50:00,-7.886237927864864,-27.342673204197226
100000003,2019-07-29 02:50:00,-15.488819104243127,-29.52677130979683
100000004,2019-07-29 02:50:00,-13.625578726386514,-25.21223536133904
240000000,2019-07-29 02:50:00,-9.795138888888825,-30.645833333333634
100000002,2019-07-29 02:55:00,-7.879278109610523,-27.339713449671315
100000003,2019-07-29 02:55:00,-15.502076595878082,-29.51578602542358
100000004,2019-07-29 02:55:00,-13.63996119155764,-25.19813806577418
240000000,2019-07-29 02:55:00,-9.80381944444438,-30.635416666666966
100000002,2019-07-29 03:00:00,-7.872318291356181,-27.336753695145404
100000003,2019-07-29 03:00:00,-15.515334087513036,-29.50480074105033
100000004,2019-07-29 03:00:00,-13.654343656728766,-25.18404077020932
240000000,2019-07-29 03:00:00,-9.812499999999936,-30.6250000000003
100000002,2019-07-29 03:05:00,-7.865358473101839,-27.333793940619493
100000003,2019-07-29 03:05:00,-15.52859157914799,-29.493815456677083
100000004,2019-07-29 03:05:00,-13.668726121899892,-25.169943474644462
240000000,2019-07-29 03:05:00,-9.821180555555491,-30.61458333333363
100000002,2019-07-29 03:10:00,-7.858398654847497,-27.330834186093583
100000003,2019-07-29 03:10:00,-15.541849070782945,-29.482830172303835
100000004,2019-07-29 03:10:00,-13.683108587071018,-25.155846179079603
240000000,2019-07-29 03:10:00,-9.829861111111047,-30.604166666666963
100000002,2019-07-29 03:15:00,-7.851438836593156,-27.327874431567672
100000003,2019-07-29 03:15:00,-15.5551065624179,-29.471844887930587
100000004,2019-07-29 03:15:00,-13.697491052242144,-25.141748883514744
240000000,2019-07-29 03:15:00,-9.838541666666602,-30.593750000000295
100000002,2019-07-29 03:20:00,-7.844479018338814,-27.32491467704176
100000003,2019-07-29 03:20:00,-15.568364054052854,-29.46085960355734
100000004,2019-07-29 03:20:00,-13.71187351741327,-25.127651587949885
240000000,2019-07-29 03:20:00,-9.847222222222157,-30.583333333333627
100000002,2019-07-29 03:25:00,-7.837519200084472,-27.32195492251585
100000003,2019-07-29 03:25:00,-15.581621545687808,-29.44987431918409
100000004,2019-07-29 03:25:00,-13.726255982584396,-25.113554292385025
240000000,2019-07-29 03:25:00,-9.855902777777713,-30.57291666666696
100000002,2019-07-29 03:30:00,-7.83055938183013,-27.31899516798994
100000003,2019-07-29 03:30:00,-15.594879037322762,-29.438889034810842
100000004,2019-07-29 03:30:00,-13.740638447755522,-25.099456996820166
240000000,2019-07-29 03:30:00,-9.864583333333268,-30.56250000000029
100000002,2019-07-29 03:35:00,-7.8235995635757885,-27.31603541346403
100000003,2019-07-29 03:35:00,-15.608136528957717,-29.427903750437594
100000004,2019-07-29 03:35:00,-13.755020912926648,-25.085359701255307
240000000,2019-07-29 03:35:00,-9.873263888888824,-30.552083333333623
100000002,2019-07-29 03:40:00,-7.816639745321447,-27.313075658938118
100000003,2019-07-29 03:40:00,-15.621394020592671,-29.416918466064345
100000004,2019-07-29 03:40:00,-13.769403378097774,-25.071262405690447
240000000,2019-07-29 03:40:00,-9.881944444444379,-30.541666666666956
100000002,2019-07-29 03:45:00,-7.809679927067105,-27.310115904412207
100000003,2019-07-29 03:45:00,-15.634651512227626,-29.405933181691097
100000004,2019-07-29 03:45:00,-13.7837858432689,-25.057165110125588
240000000,2019-07-29 03:45:00,-9.890624999999934,-30.531250000000288
100000002,2019-07-29 03:50:00,-7.802720108812763,-27.307156149886296
100000003,2019-07-29 03:50:00,-15.64790900386258,-29.39494789731785
100000004,2019-07-29 03:50:00,-13.798168308440026,-25.04306781456073
240000000,2019-07-29 03:50:00,-9.89930555555549,-30.52083333333362
100000002,2019-07-29 03:55:00,-7.795760290558421,-27.304196395360385
100000003,2019-07-29 03:55:00,-15.661166495497534,-29.3839626129446
100000004,2019-07-29 03:55:00,-13.812550773611152,-25.02897051899587
240000000,2019-07-29 03:55:00,-9.907986111111045,-30.510416666666952
100000002,2019-07-29 04:00:00,-7.78880047230408,-27.301236640834475
100000003,2019-07-29 04:00:00,-15.674423987132489,-29.372977328571352
100000004,2019-07-29 04:00:00,-13.826933238782278,-25.01487322343101
240000000,2019-07-29 04:00:00,-9.9166666666666,-30.500000000000284
100000002,2019-07-29 04:05:00,-7.781840654049738,-27.298276886308564
100000003,2019-07-29 04:05:00,-15.687681478767443,-29.361992044198104
100000004,2019-07-29 04:05:00,-13.841315703953404,-25.00077592786615
240000000,2019-07-29 04:05:00,-9.925347222222156,-30.489583333333616
100000002,2019-07-29 04:10:00,-7.774880835795396,-27.295317131782653
100000003,2019-07-29 04:10:00,-15.700938970402397,-29.351006759824855
100000004,2019-07-29 04:10:00,-13.85569816912453,-24.98667863230129
240000000,2019-07-29 04:10:00,-9.934027777777711,-30.47916666666695
100000002,2019-07-29 04:15:00,-7.767921017541054,-27.292357377256742
100000003,2019-07-29 04:15:00,-15.714196462037352,-29.340021475451607
100000004,2019-07-29 04:15:00,-13.870080634295656,-24.972581336736432
240000000,2019-07-29 04:15:00,-9.942708333333266,-30.46875000000028
100000002,2019-07-29 04:20:00,-7.7609611992867125,-27.28939762273083
100000003,2019-07-29 04:20:00,-15.727453953672306,-29.32903619107836
100000004,2019-07-29 04:20:00,-13.884463099466782,-24.958484041171573
240000000,2019-07-29 04:20:00,-9.951388888888822,-30.458333333333613
100000002,2019-07-29 04:25:00,-7.754001381032371,-27.28643786820492
100000003,2019-07-29 04:25:00,-15.74071144530726,-29.31805090670511
100000004,2019-07-29 04:25:00,-13.898845564637908,-24.944386745606714
240000000,2019-07-29 04:25:00,-9.960069444444377,-30.447916666666945
100000002,2019-07-29 04:30:00,-7.747041562778029,-27.28347811367901
100000003,2019-07-29 04:30:00,-15.753968936942215,-29.307065622331862
100000004,2019-07-29 04:30:00,-13.913228029809034,-24.930289450041855
240000000,2019-07-29 04:30:00,-9.968749999999932,-30.437500000000277
100000002,2019-07-29 04:35:00,-7.740081744523687,-27.2805183591531
100000003,2019-07-29 04:35:00,-15.76722642857717,-29.296080337958614
100000004,2019-07-29 04:35:00,-13.92761049498016,-24.916192154476995
240000000,2019-07-29 04:35:00,-9.977430555555488,-30.42708333333361
100000002,2019-07-29 04:40:00,-7.733121926269345,-27.27755860462719
100000003,2019-07-29 04:40:00,-15.780483920212124,-29.285095053585366
100000004,2019-07-29 04:40:00,-13.941992960151286,-24.902094858912136
240000000,2019-07-29 04:40:00,-9.986111111111043,-30.41666666666694
100000002,2019-07-29 04:45:00,-7.726162108015004,-27.274598850101277
100000003,2019-07-29 04:45:00,-15.793741411847078,-29.274109769212117
100000004,2019-07-29 04:45:00,-13.956375425322411,-24.887997563347277
100000002,2019-07-29 04:50:00,-7.719202289760662,-27.271639095575367
100000003,2019-07-29 04:50:00,-15.806998903482032,-29.26312448483887
100000004,2019-07-29 04:50:00,-13.970757890493537,-24.873900267782417
100000002,2019-07-29 04:55:00,-7.71224247150632,-27.268679341049456
100000003,2019-07-29 04:55:00,-15.820256395116987,-29.25213920046562
100000004,2019-07-29 04:55:00,-13.985140355664663,-24.859802972217558
100000002,2019-07-29 05:00:00,-7.705282653251978,-27.265719586523545
100000003,2019-07-29 05:00:00,-15.833513886751941,-29.241153916092372
100000004,2019-07-29 05:00:00,-13.99952282083579,-24.8457056766527
100000002,2019-07-29 05:05:00,-7.6983228349976365,-27.262759831997634
100000003,2019-07-29 05:05:00,-15.846771378386896,-29.230168631719124
100000004,2019-07-29 05:05:00,-14.013905286006915,-24.83160838108784
100000002,2019-07-29 05:10:00,-7.691363016743295,-27.259800077471724
100000003,2019-07-29 05:10:00,-15.86002887002185,-29.219183347345876
100000004,2019-07-29 05:10:00,-14.028287751178041,-24.81751108552298
100000002,2019-07-29 05:15:00,-7.684403198488953,-27.256840322945813
100000003,2019-07-29 05:15:00,-15.873286361656804,-29.208198062972627
100000004,2019-07-29 05:15:00,-14.042670216349167,-24.80341378995812
100000002,2019-07-29 05:20:00,-7.677443380234611,-27.253880568419902
100000003,2019-07-29 05:20:00,-15.886543853291759,-29.19721277859938
100000004,2019-07-29 05:20:00,-14.057052681520293,-24.789316494393262
100000002,2019-07-29 05:25:00,-7.670483561980269,-27.25092081389399
100000003,2019-07-29 05:25:00,-15.899801344926713,-29.18622749422613
100000004,2019-07-29 05:25:00,-14.07143514669142,-24.775219198828403
100000002,2019-07-29 05:30:00,-7.663523743725928,-27.24796105936808
100000003,2019-07-29 05:30:00,-15.913058836561667,-29.175242209852883
100000004,2019-07-29 05:30:00,-14.085817611862545,-24.761121903263543
100000002,2019-07-29 05:35:00,-7.656563925471586,-27.24500130484217
100000003,2019-07-29 05:35:00,-15.926316328196622,-29.164256925479634
100000004,2019-07-29 05:35:00,-14.100200077033671,-24.747024607698684
100000002,2019-07-29 05:40:00,-7.649604107217244,-27.24204155031626
100000003,2019-07-29 05:40:00,-15.939573819831576,-29.153271641106386
100000004,2019-07-29 05:40:00,-14.114582542204797,-24.732927312133825
100000002,2019-07-29 05:45:00,-7.642644288962902,-27.239081795790348
100000003,2019-07-29 05:45:00,-15.95283131146653,-29.142286356733138
100000004,2019-07-29 05:45:00,-14.128965007375923,-24.718830016568965
100000002,2019-07-29 05:50:00,-7.6356844707085605,-27.236122041264437
100000003,2019-07-29 05:50:00,-15.966088803101485,-29.13130107235989
100000004,2019-07-29 05:50:00,-14.143347472547049,-24.704732721004106
100000002,2019-07-29 05:55:00,-7.628724652454219,-27.233162286738526
100000003,2019-07-29 05:55:00,-15.97934629473644,-29.12031578798664
100000004,2019-07-29 05:55:00,-14.157729937718175,-24.690635425439247
100000002,2019-07-29 06:00:00,-7.621764834199877,-27.230202532212616
100000003,2019-07-29 06:00:00,-15.992603786371394,-29.109330503613393
100000004,2019-07-29 06:00:00,-14.1721124028893,-24.676538129874388
100000002,2019-07-29 06:05:00,-7.614805015945535,-27.227242777686705
100000003,2019-07-29 06:05:00,-16.005861278006346,-29.098345219240144
100000004,2019-07-29 06:05:00,-14.186494868060427,-24.66244083430953
100000002,2019-07-29 06:10:00,-7.607845197691193,-27.224283023160794
100000003,2019-07-29 06:10:00,-16.0191187696413,-29.087359934866896
100000004,2019-07-29 06:10:00,-14.200877333231553,-24.64834353874467
100000002,2019-07-29 06:15:00,-7.600885379436852,-27.221323268634883
100000003,2019-07-29 06:15:00,-16.03237626127625,-29.076374650493648
100000004,2019-07-29 06:15:00,-14.215259798402679,-24.63424624317981
100000002,2019-07-29 06:20:00,-7.59392556118251,-27.218363514108972
100000003,2019-07-29 06:20:00,-16.045633752911204,-29.0653893661204
100000004,2019-07-29 06:20:00,-14.229642263573805,-24.62014894761495
100000002,2019-07-29 06:25:00,-7.586965742928168,-27.21540375958306
100000003,2019-07-29 06:25:00,-16.058891244546157,-29.05440408174715
100000004,2019-07-29 06:25:00,-14.24402472874493,-24.60605165205009
100000002,2019-07-29 06:30:00,-7.580005924673826,-27.21244400505715
100000003,2019-07-29 06:30:00,-16.07214873618111,-29.043418797373903
100000004,2019-07-29 06:30:00,-14.258407193916057,-24.591954356485232
100000002,2019-07-29 06:35:00,-7.5730461064194845,-27.20948425053124
100000003,2019-07-29 06:35:00,-16.085406227816062,-29.032433513000655
100000004,2019-07-29 06:35:00,-14.272789659087183,-24.577857060920373
100000002,2019-07-29 06:40:00,-7.566086288165143,-27.20652449600533
100000003,2019-07-29 06:40:00,-16.098663719451014,-29.021448228627406
100000004,2019-07-29 06:40:00,-14.287172124258309,-24.563759765355513
100000002,2019-07-29 06:45:00,-7.559126469910801,-27.20356474147942
100000003,2019-07-29 06:45:00,-16.111921211085967,-29.010462944254158
100000004,2019-07-29 06:45:00,-14.301554589429434,-24.549662469790654
100000002,2019-07-29 06:50:00,-7.552166651656459,-27.200604986953508
100000003,2019-07-29 06:50:00,-16.12517870272092,-28.99947765988091
100000004,2019-07-29 06:50:00,-14.31593705460056,-24.535565174225795
100000002,2019-07-29 06:55:00,-7.545206833402117,-27.197645232427597
100000003,2019-07-29 06:55:00,-16.138436194355872,-28.98849237550766
100000004,2019-07-29 06:55:00,-14.330319519771686,-24.521467878660935
100000002,2019-07-29 07:00:00,-7.538247015147776,-27.194685477901686
100000003,2019-07-29 07:00:00,-16.151693685990825,-28.977507091134413
100000004,2019-07-29 07:00:00,-14.344701984942812,-24.507370583096076
100000002,2019-07-29 07:05:00,-7.531287196893434,-27.191725723375775
100000003,2019-07-29 07:05:00,-16.164951177625777,-28.966521806761165
100000004,2019-07-29 07:05:00,-14.359084450113938,-24.493273287531217
100000002,2019-07-29 07:10:00,-7.524327378639092,-27.188765968849864
100000003,2019-07-29 07:10:00,-16.17820866926073,-28.955536522387916
100000004,2019-07-29 07:10:00,-14.373466915285064,-24.479175991966358
100000002,2019-07-29 07:15:00,-7.51736756038475,-27.185806214323954
100000003,2019-07-29 07:15:00,-16.191466160895683,-28.944551238014668
100000004,2019-07-29 07:15:00,-14.38784938045619,-24.4650786964015
100000002,2019-07-29 07:20:00,-7.5104077421304085,-27.182846459798043
100000003,2019-07-29 07:20:00,-16.204723652530635,-28.93356595364142
100000004,2019-07-29 07:20:00,-14.402231845627316,-24.45098140083664
100000002,2019-07-29 07:25:00,-7.503447923876067,-27.179886705272132
100000003,2019-07-29 07:25:00,-16.217981144165588,-28.92258066926817
100000004,2019-07-29 07:25:00,-14.416614310798442,-24.43688410527178
100000002,2019-07-29 07:30:00,-7.496488105621725,-27.17692695074622
100000003,2019-07-29 07:30:00,-16.23123863580054,-28.911595384894923
100000004,2019-07-29 07:30:00,-14.430996775969568,-24.42278680970692
100000002,2019-07-29 07:35:00,-7.489528287367383,-27.17396719622031
100000003,2019-07-29 07:35:00,-16.244496127435493,-28.900610100521675
100000004,2019-07-29 07:35:00,-14.445379241140694,-24.40868951414206
100000002,2019-07-29 07:40:00,-7.482568469113041,-27.1710074416944
100000003,2019-07-29 07:40:00,-16.257753619070446,-28.889624816148427
100000004,2019-07-29 07:40:00,-14.45976170631182,-24.394592218577202
100000002,2019-07-29 07:45:00,-7.4756086508587,-27.16804768716849
100000003,2019-07-29 07:45:00,-16.2710111107054,-28.87863953177518
100000004,2019-07-29 07:45:00,-14.474144171482946,-24.380494923012343
100000002,2019-07-29 07:50:00,-7.468648832604358,-27.165087932642578
100000003,2019-07-29 07:50:00,-16.28426860234035,-28.86765424740193
100000004,2019-07-29 07:50:00,-14.488526636654072,-24.366397627447483
100000002,2019-07-29 07:55:00,-7.461689014350016,-27.162128178116667
100000003,2019-07-29 07:55:00,-16.297526093975303,-28.85666896302868
100000004,2019-07-29 07:55:00,-14.502909101825198,-24.352300331882624
100000002,2019-07-29 08:00:00,-7.454729196095674,-27.159168423590756
100000003,2019-07-29 08:00:00,-16.310783585610256,-28.845683678655433
100000004,2019-07-29 08:00:00,-14.517291566996324,-24.338203036317765
100000002,2019-07-29 08:05:00,-7.4477693778413325,-27.156208669064846
100000003,2019-07-29 08:05:00,-16.32404107724521,-28.834698394282185
100000004,2019-07-29 08:05:00,-14.53167403216745,-24.324105740752906
100000002,2019-07-29 08:10:00,-7.440809559586991,-27.153248914538935
100000003,2019-07-29 08:10:00,-16.33729856888016,-28.823713109908937
100000004,2019-07-29 08:10:00,-14.546056497338576,-24.310008445188046
100000002,2019-07-29 08:15:00,-7.433849741332649,-27.150289160013024
100000003,2019-07-29 08:15:00,-16.350556060515114,-28.81272782553569
100000004,2019-07-29 08:15:00,-14.560438962509702,-24.295911149623187
100000002,2019-07-29 08:20:00,-7.426889923078307,-27.147329405487113
100000003,2019-07-29 08:20:00,-16.363813552150066,-28.80174254116244
100000004,2019-07-29 08:20:00,-14.574821427680828,-24.281813854058328
100000002,2019-07-29 08:25:00,-7.419930104823965,-27.144369650961202
100000003,2019-07-29 08:25:00,-16.37707104378502,-28.790757256789192
100000004,2019-07-29 08:25:00,-14.589203892851954,-24.26771655849347
100000002,2019-07-29 08:30:00,-7.412970286569624,-27.14140989643529
100000003,2019-07-29 08:30:00,-16.39032853541997,-28.779771972415944
100000004,2019-07-29 08:30:00,-14.60358635802308,-24.25361926292861
100000002,2019-07-29 08:35:00,-7.406010468315282,-27.13845014190938
100000003,2019-07-29 08:35:00,-16.403586027054924,-28.768786688042695
100000004,2019-07-29 08:35:00,-14.617968823194206,-24.23952196736375
100000002,2019-07-29 08:40:00,-7.39905065006094,-27.13549038738347
100000003,2019-07-29 08:40:00,-16.416843518689877,-28.757801403669447
100000004,2019-07-29 08:40:00,-14.632351288365331,-24.22542467179889
100000002,2019-07-29 08:45:00,-7.392090831806598,-27.13253063285756
100000003,2019-07-29 08:45:00,-16.43010101032483,-28.7468161192962
100000004,2019-07-29 08:45:00,-14.646733753536457,-24.21132737623403
100000002,2019-07-29 08:50:00,-7.3851310135522565,-27.12957087833165
100000003,2019-07-29 08:50:00,-16.443358501959782,-28.73583083492295
100000004,2019-07-29 08:50:00,-14.661116218707583,-24.197230080669172
100000002,2019-07-29 08:55:00,-7.378171195297915,-27.126611123805738
100000003,2019-07-29 08:55:00,-16.456615993594735,-28.724845550549702
100000004,2019-07-29 08:55:00,-14.67549868387871,-24.183132785104313
100000002,2019-07-29 09:00:00,-7.371211377043573,-27.123651369279827
100000003,2019-07-29 09:00:00,-16.469873485229687,-28.713860266176454
100000004,2019-07-29 09:00:00,-14.689881149049835,-24.169035489539453
100000002,2019-07-29 09:05:00,-7.364251558789231,-27.120691614753916
100000003,2019-07-29 09:05:00,-16.48313097686464,-28.702874981803205
100000004,2019-07-29 09:05:00,-14.704263614220961,-24.154938193974594
100000002,2019-07-29 09:10:00,-7.357291740534889,-27.117731860228005
100000003,2019-07-29 09:10:00,-16.496388468499593,-28.691889697429957
100000004,2019-07-29 09:10:00,-14.718646079392087,-24.140840898409735
100000002,2019-07-29 09:15:00,-7.350331922280548,-27.114772105702095
100000003,2019-07-29 09:15:00,-16.509645960134545,-28.68090441305671
100000004,2019-07-29 09:15:00,-14.733028544563213,-24.126743602844876
100000002,2019-07-29 09:20:00,-7.343372104026206,-27.111812351176184
100000003,2019-07-29 09:20:00,-16.522903451769498,-28.66991912868346
100000004,2019-07-29 09:20:00,-14.74741100973434,-24.112646307280016
100000002,2019-07-29 09:25:00,-7.336412285771864,-27.108852596650273
100000003,2019-07-29 09:25:00,-16.53616094340445,-28.658933844310212
100000004,2019-07-29 09:25:00,-14.761793474905465,-24.098549011715157
100000002,2019-07-29 09:30:00,-7.329452467517522,-27.105892842124362
100000003,2019-07-29 09:30:00,-16.549418435039403,-28.647948559936964
100000004,2019-07-29 09:30:00,-14.776175940076591,-24.084451716150298
100000002,2019-07-29 09:35:00,-7.3224926492631806,-27.10293308759845
100000003,2019-07-29 09:35:00,-16.562675926674356,-28.636963275563716
100000004,2019-07-29 09:35:00,-14.790558405247717,-24.07035442058544
100000002,2019-07-29 09:40:00,-7.315532831008839,-27.09997333307254
100000003,2019-07-29 09:40:00,-16.575933418309308,-28.625977991190467
100000004,2019-07-29 09:40:00,-14.804940870418843,-24.05625712502058
100000002,2019-07-29 09:45:00,-7.308573012754497,-27.09701357854663
100000003,2019-07-29 09:45:00,-16.58919090994426,-28.61499270681722
100000004,2019-07-29 09:45:00,-14.819323335589969,-24.04215982945572
100000002,2019-07-29 09:50:00,-7.301613194500155,-27.09405382402072
100000003,2019-07-29 09:50:00,-16.602448401579213,-28.60400742244397
100000004,2019-07-29 09:50:00,-14.833705800761095,-24.02806253389086
100000002,2019-07-29 09:55:00,-7.2946533762458134,-27.091094069494808
100000003,2019-07-29 09:55:00,-16.615705893214166,-28.593022138070722
100000004,2019-07-29 09:55:00,-14.84808826593222,-24.013965238326
100000002,2019-07-29 10:00:00,-7.287693557991472,-27.088134314968897
100000003,2019-07-29 10:00:00,-16.62896338484912,-28.582036853697474
100000004,2019-07-29 10:00:00,-14.862470731103347,-23.999867942761142
100000002,2019-07-29 10:05:00,-7.28073373973713,-27.085174560442987
100000003,2019-07-29 10:05:00,-16.64222087648407,-28.571051569324226
100000004,2019-07-29 10:05:00,-14.876853196274473,-23.985770647196283
100000002,2019-07-29 10:10:00,-7.273773921482788,-27.082214805917076
100000003,2019-07-29 10:10:00,-16.655478368119024,-28.560066284950977
100000004,2019-07-29 10:10:00,-14.891235661445599,-23.971673351631424
100000002,2019-07-29 10:15:00,-7.266814103228446,-27.079255051391165
100000003,2019-07-29 10:15:00,-16.668735859753976,-28.54908100057773
100000004,2019-07-29 10:15:00,-14.905618126616725,-23.957576056066564
100000002,2019-07-29 10:20:00,-7.259854284974105,-27.076295296865254
100000003,2019-07-29 10:20:00,-16.68199335138893,-28.53809571620448
100000004,2019-07-29 10:20:00,-14.92000059178785,-23.943478760501705
100000002,2019-07-29 10:25:00,-7.252894466719763,-27.073335542339343
100000003,2019-07-29 10:25:00,-16.69525084302388,-28.527110431831233
100000004,2019-07-29 10:25:00,-14.934383056958977,-23.929381464936846
100000002,2019-07-29 10:30:00,-7.245934648465421,-27.070375787813433
100000003,2019-07-29 10:30:00,-16.708508334658834,-28.516125147457984
100000004,2019-07-29 10:30:00,-14.948765522130103,-23.915284169371986
100000002,2019-07-29 10:35:00,-7.238974830211079,-27.06741603328752
100000003,2019-07-29 10:35:00,-16.721765826293787,-28.505139863084736
100000004,2019-07-29 10:35:00,-14.963147987301229,-23.901186873807127
100000002,2019-07-29 10:40:00,-7.2320150119567375,-27.06445627876161
100000003,2019-07-29 10:40:00,-16.73502331792874,-28.494154578711488
100000004,2019-07-29 10:40:00,-14.977530452472354,-23.887089578242268
100000002,2019-07-29 10:45:00,-7.225055193702396,-27.0614965242357
100000003,2019-07-29 10:45:00,-16.748280809563692,-28.48316929433824
100000004,2019-07-29 10:45:00,-14.99191291764348,-23.87299228267741
240000000,2019-07-29 10:45:00,-10.619791666666584,-29.65625000000019
100000002,2019-07-29 10:50:00,-7.218095375448054,-27.05853676970979
100000003,2019-07-29 10:50:00,-16.761538301198645,-28.47218400996499
100000004,2019-07-29 10:50:00,-15.006295382814606,-23.85889498711255
240000000,2019-07-29 10:50:00,-10.62847222222214,-29.64583333333352
100000002,2019-07-29 10:55:00,-7.211135557193712,-27.05557701518388
100000003,2019-07-29 10:55:00,-16.774795792833597,-28.461198725591743
100000004,2019-07-29 10:55:00,-15.020677847985732,-23.84479769154769
240000000,2019-07-29 10:55:00,-10.637152777777695,-29.635416666666853
100000002,2019-07-29 11:00:00,-7.20417573893937,-27.052617260657968
100000003,2019-07-29 11:00:00,-16.78805328446855,-28.450213441218494
100000004,2019-07-29 11:00:00,-15.035060313156858,-23.83070039598283
240000000,2019-07-29 11:00:00,-10.64583333333325,-29.625000000000185
100000002,2019-07-29 11:05:00,-7.197215920685029,-27.049657506132057
100000003,2019-07-29 11:05:00,-16.801310776103502,-28.439228156845246
100000004,2019-07-29 11:05:00,-15.049442778327984,-23.81660310041797
240000000,2019-07-29 11:05:00,-10.654513888888806,-29.614583333333517
100000002,2019-07-29 11:10:00,-7.190256102430687,-27.046697751606146
100000003,2019-07-29 11:10:00,-16.814568267738455,-28.428242872471998
100000004,2019-07-29 11:10:00,-15.06382524349911,-23.802505804853112
240000000,2019-07-29 11:10:00,-10.663194444444361,-29.60416666666685
100000002,2019-07-29 11:15:00,-7.183296284176345,-27.043737997080235
100000003,2019-07-29 11:15:00,-16.827825759373408,-28.41725758809875
100000004,2019-07-29 11:15:00,-15.078207708670236,-23.788408509288253
240000000,2019-07-29 11:15:00,-10.671874999999917,-29.59375000000018
100000002,2019-07-29 11:20:00,-7.176336465922003,-27.040778242554325
100000003,2019-07-29 11:20:00,-16.84108325100836,-28.4062723037255
100000004,2019-07-29 11:20:00,-15.092590173841362,-23.774311213723394
240000000,2019-07-29 11:20:00,-10.680555555555472,-29.583333333333513
100000002,2019-07-29 11:25:00,-7.1693766476676615,-27.037818488028414
100000003,2019-07-29 11:25:00,-16.854340742643313,-28.395287019352253
100000004,2019-07-29 11:25:00,-15.106972639012488,-23.760213918158534
240000000,2019-07-29 11:25:00,-10.689236111111027,-29.572916666666845
100000002,2019-07-29 11:30:00,-7.16241682941332,-27.034858733502503
100000003,2019-07-29 11:30:00,-16.867598234278265,-28.384301734979005
100000004,2019-07-29 11:30:00,-15.121355104183614,-23.746116622593675
240000000,2019-07-29 11:30:00,-10.697916666666583,-29.562500000000178
100000002,2019-07-29 11:35:00,-7.155457011158978,-27.031898978976592
100000003,2019-07-29 11:35:00,-16.880855725913218,-28.373316450605756
100000004,2019-07-29 11:35:00,-15.13573756935474,-23.732019327028816
240000000,2019-07-29 11:35:00,-10.706597222222138,-29.55208333333351
100000002,2019-07-29 11:40:00,-7.148497192904636,-27.02893922445068
100000003,2019-07-29 11:40:00,-16.89411321754817,-28.362331166232508
100000004,2019-07-29 11:40:00,-15.150120034525866,-23.717922031463957
240000000,2019-07-29 11:40:00,-10.715277777777693,-29.541666666666842
100000002,2019-07-29 11:45:00,-7.141537374650294,-27.02597946992477
100000003,2019-07-29 11:45:00,-16.907370709183123,-28.35134588185926
100000004,2019-07-29 11:45:00,-15.164502499696992,-23.703824735899097
240000000,2019-07-29 11:45:00,-10.723958333333249,-29.531250000000174
100000002,2019-07-29 11:50:00,-7.134577556395953,-27.02301971539886
100000003,2019-07-29 11:50:00,-16.920628200818076,-28.34036059748601
100000004,2019-07-29 11:50:00,-15.178884964868118,-23.689727440334238
240000000,2019-07-29 11:50:00,-10.732638888888804,-29.520833333333506
100000002,2019-07-29 11:55:00,-7.127617738141611,-27.02005996087295
100000003,2019-07-29 11:55:00,-16.93388569245303,-28.329375313112763
100000004,2019-07-29 11:55:00,-15.193267430039244,-23.67563014476938
240000000,2019-07-29 11:55:00,-10.74131944444436,-29.51041666666684
100000002,2019-07-29 12:00:00,-7.120657919887269,-27.01710020634704
100000003,2019-07-29 12:00:00,-16.94714318408798,-28.318390028739515
100000004,2019-07-29 12:00:00,-15.20764989521037,-23.66153284920452
240000000,2019-07-29 12:00:00,-10.749999999999915,-29.50000000000017
100000002,2019-07-29 12:05:00,-7.113698101632927,-27.014140451821127
100000003,2019-07-29 12:05:00,-16.960400675722934,-28.307404744366266
100000004,2019-07-29 12:05:00,-15.222032360381496,-23.64743555363966
240000000,2019-07-29 12:05:00,-10.75868055555547,-29.489583333333503
100000002,2019-07-29 12:10:00,-7.1067382833785855,-27.011180697295217
100000003,2019-07-29 12:10:00,-16.973658167357886,-28.296419459993018
100000004,2019-07-29 12:10:00,-15.236414825552622,-23.6333382580748
240000000,2019-07-29 12:10:00,-10.767361111111025,-29.479166666666835
100000002,2019-07-29 12:15:00,-7.099778465124244,-27.008220942769306
100000003,2019-07-29 12:15:00,-16.98691565899284,-28.28543417561977
100000004,2019-07-29 12:15:00,-15.250797290723748,-23.61924096250994
240000000,2019-07-29 12:15:00,-10.77604166666658,-29.468750000000167
100000002,2019-07-29 12:20:00,-7.092818646869902,-27.005261188243395
100000003,2019-07-29 12:20:00,-17.00017315062779,-28.27444889124652
100000004,2019-07-29 12:20:00,-15.265179755894874,-23.605143666945082
240000000,2019-07-29 12:20:00,-10.784722222222136,-29.4583333333335
100000002,2019-07-29 12:25:00,-7.08585882861556,-27.002301433717484
100000003,2019-07-29 12:25:00,-17.013430642262744,-28.263463606873273
100000004,2019-07-29 12:25:00,-15.279562221066,-23.591046371380223
240000000,2019-07-29 12:25:00,-10.793402777777692,-29.44791666666683
100000002,2019-07-29 12:30:00,-7.078899010361218,-26.999341679191573
100000003,2019-07-29 12:30:00,-17.026688133897697,-28.252478322500025
100000004,2019-07-29 12:30:00,-15.293944686237126,-23.576949075815364
240000000,2019-07-29 12:30:00,-10.802083333333247,-29.437500000000163
100000002,2019-07-29 12:35:00,-7.071939192106877,-26.996381924665663
100000003,2019-07-29 12:35:00,-17.03994562553265,-28.241493038126777
100000004,2019-07-29 12:35:00,-15.308327151408252,-23.562851780250504
240000000,2019-07-29 12:35:00,-10.810763888888802,-29.427083333333496
100000002,2019-07-29 12:40:00,-7.064979373852535,-26.993422170139752
100000003,2019-07-29 12:40:00,-17.0532031171676,-28.23050775375353
100000004,2019-07-29 12:40:00,-15.322709616579377,-23.548754484685645
240000000,2019-07-29 12:40:00,-10.819444444444358,-29.416666666666828
100000002,2019-07-29 12:45:00,-7.058019555598193,-26.99046241561384
100000003,2019-07-29 12:45:00,-17.066460608802554,-28.21952246938028
100000004,2019-07-29 12:45:00,-15.337092081750503,-23.534657189120786
240000000,2019-07-29 12:45:00,-10.828124999999913,-29.40625000000016
100000002,2019-07-29 12:50:00,-7.051059737343851,-26.98750266108793
100000003,2019-07-29 12:50:00,-17.079718100437507,-28.20853718500703
100000004,2019-07-29 12:50:00,-15.35147454692163,-23.520559893555927
240000000,2019-07-29 12:50:00,-10.836805555555468,-29.395833333333492
100000002,2019-07-29 12:55:00,-7.0440999190895095,-26.98454290656202
100000003,2019-07-29 12:55:00,-17.09297559207246,-28.197551900633783
100000004,2019-07-29 12:55:00,-15.365857012092755,-23.506462597991067
240000000,2019-07-29 12:55:00,-10.845486111111024,-29.385416666666824
100000002,2019-07-29 13:00:00,-7.037140100835168,-26.98158315203611
100000003,2019-07-29 13:00:00,-17.106233083707412,-28.186566616260535
100000004,2019-07-29 13:00:00,-15.380239477263881,-23.492365302426208
240000000,2019-07-29 13:00:00,-10.854166666666579,-29.375000000000156
100000002,2019-07-29 13:05:00,-7.030180282580826,-26.978623397510198
100000003,2019-07-29 13:05:00,-17.119490575342365,-28.175581331887287
100000004,2019-07-29 13:05:00,-15.394621942435007,-23.47826800686135
240000000,2019-07-29 13:05:00,-10.862847222222134,-29.36458333333349
100000002,2019-07-29 13:10:00,-7.023220464326484,-26.975663642984287
100000003,2019-07-29 13:10:00,-17.132748066977317,-28.16459604751404
100000004,2019-07-29 13:10:00,-15.409004407606133,-23.46417071129649
240000000,2019-07-29 13:10:00,-10.87152777777769,-29.35416666666682
100000002,2019-07-29 13:15:00,-7.016260646072142,-26.972703888458376
100000003,2019-07-29 13:15:00,-17.14600555861227,-28.15361076314079
100000004,2019-07-29 13:15:00,-15.42338687277726,-23.45007341573163
240000000,2019-07-29 13:15:00,-10.880208333333245,-29.343750000000153
100000002,2019-07-29 13:20:00,-7.009300827817801,-26.969744133932466
100000003,2019-07-29 13:20:00,-17.159263050247223,-28.142625478767542
100000004,2019-07-29 13:20:00,-15.437769337948385,-23.43597612016677
240000000,2019-07-29 13:20:00,-10.8888888888888,-29.333333333333485
100000002,2019-07-29 13:25:00,-7.002341009563459,-26.966784379406555
100000003,2019-07-29 13:25:00,-17.172520541882175,-28.131640194394294
100000004,2019-07-29 13:25:00,-15.452151803119511,-23.42187882460191
240000000,2019-07-29 13:25:00,-10.897569444444356,-29.322916666666817
100000002,2019-07-29 13:30:00,-6.995381191309117,-26.963824624880644
100000003,2019-07-29 13:30:00,-17.185778033517128,-28.120654910021045
100000004,2019-07-29 13:30:00,-15.466534268290637,-23.407781529037052
240000000,2019-07-29 13:30:00,-10.906249999999911,-29.31250000000015
100000002,2019-07-29 13:35:00,-6.988421373054775,-26.960864870354733
100000003,2019-07-29 13:35:00,-17.19903552515208,-28.109669625647797
100000004,2019-07-29 13:35:00,-15.480916733461763,-23.393684233472193
240000000,2019-07-29 13:35:00,-10.914930555555467,-29.30208333333348
100000002,2019-07-29 13:40:00,-6.9814615548004335,-26.957905115828822
100000003,2019-07-29 13:40:00,-17.212293016787033,-28.09868434127455
100000004,2019-07-29 13:40:00,-15.495299198632889,-23.379586937907334
240000000,2019-07-29 13:40:00,-10.923611111111022,-29.291666666666814
100000002,2019-07-29 13:45:00,-6.974501736546092,-26.95494536130291
100000003,2019-07-29 13:45:00,-17.225550508421986,-28.0876990569013
100000004,2019-07-29 13:45:00,-15.509681663804015,-23.365489642342474
240000000,2019-07-29 13:45:00,-10.932291666666577,-29.281250000000146
100000002,2019-07-29 13:50:00,-6.96754191829175,-26.951985606777
100000003,2019-07-29 13:50:00,-17.238808000056938,-28.076713772528052
100000004,2019-07-29 13:50:00,-15.52406412897514,-23.351392346777615
240000000,2019-07-29 13:50:00,-10.940972222222133,-29.270833333333478
100000002,2019-07-29 13:55:00,-6.960582100037408,-26.94902585225109
100000003,2019-07-29 13:55:00,-17.25206549169189,-28.065728488154804
100000004,2019-07-29 13:55:00,-15.538446594146267,-23.337295051212756
240000000,2019-07-29 13:55:00,-10.949652777777688,-29.26041666666681
100000002,2019-07-29 14:00:00,-6.953622281783066,-26.94606609772518
100000003,2019-07-29 14:00:00,-17.265322983326843,-28.054743203781555
100000004,2019-07-29 14:00:00,-15.552829059317393,-23.323197755647897
240000000,2019-07-29 14:00:00,-10.958333333333243,-29.250000000000142
100000002,2019-07-29 14:05:00,-6.946662463528725,-26.94310634319927
100000003,2019-07-29 14:05:00,-17.278580474961796,-28.043757919408307
100000004,2019-07-29 14:05:00,-15.567211524488519,-23.309100460083037
240000000,2019-07-29 14:05:00,-10.967013888888799,-29.239583333333474
100000002,2019-07-29 14:10:00,-6.939702645274383,-26.940146588673358
100000003,2019-07-29 14:10:00,-17.29183796659675,-28.03277263503506
100000004,2019-07-29 14:10:00,-15.581593989659645,-23.295003164518178
240000000,2019-07-29 14:10:00,-10.975694444444354,-29.229166666666806
100000002,2019-07-29 14:15:00,-6.932742827020041,-26.937186834147447
100000003,2019-07-29 14:15:00,-17.3050954582317,-28.02178735066181
100000004,2019-07-29 14:15:00,-15.59597645483077,-23.28090586895332
240000000,2019-07-29 14:15:00,-10.98437499999991,-29.21875000000014
100000002,2019-07-29 14:20:00,-6.925783008765699,-26.934227079621536
100000003,2019-07-29 14:20:00,-17.318352949866654,-28.010802066288562
100000004,2019-07-29 14:20:00,-15.610358920001897,-23.26680857338846
240000000,2019-07-29 14:20:00,-10.993055555555465,-29.20833333333347
100000002,2019-07-29 14:25:00,-6.9188231905113575,-26.931267325095625
100000003,2019-07-29 14:25:00,-17.331610441501606,-27.999816781915314
100000004,2019-07-29 14:25:00,-15.624741385173023,-23.2527112778236
240000000,2019-07-29 14:25:00,-11.00173611111102,-29.197916666666803
100000002,2019-07-29 14:30:00,-6.911863372257016,-26.928307570569714
100000003,2019-07-29 14:30:00,-17.34486793313656,-27.988831497542066
100000004,2019-07-29 14:30:00,-15.639123850344149,-23.23861398225874
240000000,2019-07-29 14:30:00,-11.010416666666575,-29.187500000000135
100000002,2019-07-29 14:35:00,-6.904903554002674,-26.925347816043804
100000003,2019-07-29 14:35:00,-17.35812542477151,-27.977846213168817
100000004,2019-07-29 14:35:00,-15.653506315515274,-23.22451668669388
240000000,2019-07-29 14:35:00,-11.01909722222213,-29.177083333333467
100000002,2019-07-29 14:40:00,-6.897943735748332,-26.922388061517893
100000003,2019-07-29 14:40:00,-17.371382916406464,-27.96686092879557
100000004,2019-07-29 14:40:00,-15.6678887806864,-23.210419391129022
240000000,2019-07-29 14:40:00,-11.027777777777686,-29.1666666666668
100000002,2019-07-29 14:45:00,-6.89098391749399,-26.919428306991982
100000003,2019-07-29 14:45:00,-17.384640408041417,-27.95587564442232
100000004,2019-07-29 14:45:00,-15.682271245857526,-23.196322095564163
240000000,2019-07-29 14:45:00,-11.036458333333242,-29.15625000000013
100000002,2019-07-29 14:50:00,-6.884024099239649,-26.91646855246607
100000003,2019-07-29 14:50:00,-17.39789789967637,-27.944890360049072
100000004,2019-07-29 14:50:00,-15.696653711028652,-23.182224799999304
240000000,2019-07-29 14:50:00,-11.045138888888797,-29.145833333333464
100000002,2019-07-29 14:55:00,-6.877064280985307,-26.91350879794016
100000003,2019-07-29 14:55:00,-17.411155391311322,-27.933905075675824
100000004,2019-07-29 14:55:00,-15.711036176199778,-23.168127504434445
240000000,2019-07-29 14:55:00,-11.053819444444352,-29.135416666666796
100000002,2019-07-29 15:00:00,-6.870104462730965,-26.91054904341425
100000003,2019-07-29 15:00:00,-17.424412882946275,-27.922919791302576
100000004,2019-07-29 15:00:00,-15.725418641370904,-23.154030208869585
240000000,2019-07-29 15:00:00,-11.062499999999908,-29.125000000000128
100000002,2019-07-29 15:05:00,-6.863144644476623,-26.90758928888834
100000003,2019-07-29 15:05:00,-17.437670374581227,-27.911934506929327
100000004,2019-07-29 15:05:00,-15.73980110654203,-23.139932913304726
240000000,2019-07-29 15:05:00,-11.071180555555463,-29.11458333333346
100000002,2019-07-29 15:10:00,-6.8561848262222815,-26.904629534362428
100000003,2019-07-29 15:10:00,-17.45092786621618,-27.90094922255608
100000004,2019-07-29 15:10:00,-15.754183571713156,-23.125835617739867
240000000,2019-07-29 15:10:00,-11.079861111111018,-29.104166666666792
100000002,2019-07-29 15:15:00,-6.84922500796794,-26.901669779836517
100000003,2019-07-29 15:15:00,-17.464185357851132,-27.88996393818283
100000004,2019-07-29 15:15:00,-15.768566036884282,-23.111738322175007
240000000,2019-07-29 15:15:00,-11.088541666666574,-29.093750000000124
100000002,2019-07-29 15:20:00,-6.842265189713598,-26.898710025310606
100000003,2019-07-29 15:20:00,-17.477442849486085,-27.878978653809583
100000004,2019-07-29 15:20:00,-15.782948502055408,-23.097641026610148
240000000,2019-07-29 15:20:00,-11.097222222222129,-29.083333333333456
100000002,2019-07-29 15:25:00,-6.835305371459256,-26.895750270784696
100000003,2019-07-29 15:25:00,-17.490700341121038,-27.867993369436334
100000004,2019-07-29 15:25:00,-15.797330967226534,-23.08354373104529
240000000,2019-07-29 15:25:00,-11.105902777777684,-29.07291666666679
100000002,2019-07-29 15:30:00,-6.828345553204914,-26.892790516258785
100000003,2019-07-29 15:30:00,-17.50395783275599,-27.857008085063086
100000004,2019-07-29 15:30:00,-15.81171343239766,-23.06944643548043
240000000,2019-07-29 15:30:00,-11.11458333333324,-29.06250000000012
100000002,2019-07-29 15:35:00,-6.821385734950573,-26.889830761732874
100000003,2019-07-29 15:35:00,-17.517215324390943,-27.846022800689838
100000004,2019-07-29 15:35:00,-15.826095897568786,-23.05534913991557
240000000,2019-07-29 15:35:00,-11.123263888888795,-29.052083333333453
100000002,2019-07-29 15:40:00,-6.814425916696231,-26.886871007206963
100000003,2019-07-29 15:40:00,-17.530472816025895,-27.83503751631659
100000004,2019-07-29 15:40:00,-15.840478362739912,-23.04125184435071
240000000,2019-07-29 15:40:00,-11.13194444444435,-29.041666666666785
100000002,2019-07-29 15:45:00,-6.807466098441889,-26.883911252681052
100000003,2019-07-29 15:45:00,-17.543730307660848,-27.82405223194334
100000004,2019-07-29 15:45:00,-15.854860827911038,-23.02715454878585
240000000,2019-07-29 15:45:00,-11.140624999999906,-29.031250000000117
100000002,2019-07-29 15:50:00,-6.800506280187547,-26.88095149815514
100000003,2019-07-29 15:50:00,-17.5569877992958,-27.813066947570093
100000004,2019-07-29 15:50:00,-15.869243293082164,-23.013057253220992
240000000,2019-07-29 15:50:00,-11.149305555555461,-29.02083333333345
100000002,2019-07-29 15:55:00,-6.7935464619332055,-26.87799174362923
100000003,2019-07-29 15:55:00,-17.570245290930753,-27.802081663196844
100000004,2019-07-29 15:55:00,-15.88362575825329,-22.998959957656133
240000000,2019-07-29 15:55:00,-11.157986111111017,-29.01041666666678
100000002,2019-07-29 16:00:00,-6.786586643678864,-26.87503198910332
100000003,2019-07-29 16:00:00,-17.583502782565706,-27.791096378823596
100000004,2019-07-29 16:00:00,-15.898008223424416,-22.984862662091274
240000000,2019-07-29 16:00:00,-11.166666666666572,-29.000000000000114
100000002,2019-07-29 16:05:00,-6.779626825424522,-26.87207223457741
100000003,2019-07-29 16:05:00,-17.59676027420066,-27.780111094450348
100000004,2019-07-29 16:05:00,-15.912390688595542,-22.970765366526415
240000000,2019-07-29 16:05:00,-11.175347222222127,-28.989583333333446
100000002,2019-07-29 16:10:00,-6.77266700717018,-26.8691124800515
100000003,2019-07-29 16:10:00,-17.61001776583561,-27.7691258100771
100000004,2019-07-29 16:10:00,-15.926773153766668,-22.956668070961555
240000000,2019-07-29 16:10:00,-11.184027777777683,-28.979166666666778
100000002,2019-07-29 16:15:00,-6.765707188915838,-26.866152725525588
100000003,2019-07-29 16:15:00,-17.623275257470564,-27.75814052570385
100000004,2019-07-29 16:15:00,-15.941155618937794,-22.942570775396696
240000000,2019-07-29 16:15:00,-11.192708333333238,-28.96875000000011
100000002,2019-07-29 16:20:00,-6.758747370661497,-26.863192970999677
100000003,2019-07-29 16:20:00,-17.636532749105516,-27.747155241330603
100000004,2019-07-29 16:20:00,-15.95553808410892,-22.928473479831837
240000000,2019-07-29 16:20:00,-11.201388888888793,-28.958333333333442
100000002,2019-07-29 16:25:00,-6.751787552407155,-26.860233216473766
100000003,2019-07-29 16:25:00,-17.64979024074047,-27.736169956957355
100000004,2019-07-29 16:25:00,-15.969920549280046,-22.914376184266978
240000000,2019-07-29 16:25:00,-11.210069444444349,-28.947916666666774
100000002,2019-07-29 16:30:00,-6.744827734152813,-26.857273461947855
100000003,2019-07-29 16:30:00,-17.66304773237542,-27.725184672584106
100000004,2019-07-29 16:30:00,-15.984303014451172,-22.90027888870212
240000000,2019-07-29 16:30:00,-11.218749999999904,-28.937500000000107
100000002,2019-07-29 16:35:00,-6.737867915898471,-26.854313707421944
100000003,2019-07-29 16:35:00,-17.676305224010374,-27.714199388210858
100000004,2019-07-29 16:35:00,-15.998685479622297,-22.88618159313726
240000000,2019-07-29 16:35:00,-11.22743055555546,-28.92708333333344
100000002,2019-07-29 16:40:00,-6.73090809764413,-26.851353952896034
100000003,2019-07-29 16:40:00,-17.689562715645327,-27.70321410383761
100000004,2019-07-29 16:40:00,-16.013067944793423,-22.8720842975724
240000000,2019-07-29 16:40:00,-11.236111111111015,-28.91666666666677
100000002,2019-07-29 16:45:00,-6.723948279389788,-26.848394198370123
100000003,2019-07-29 16:45:00,-17.70282020728028,-27.69222881946436
100000004,2019-07-29 16:45:00,-16.027450409964548,-22.85798700200754
240000000,2019-07-29 16:45:00,-11.24479166666657,-28.906250000000103
100000002,2019-07-29 16:50:00,-6.716988461135446,-26.845434443844212
100000003,2019-07-29 16:50:00,-17.71607769891523,-27.681243535091113
100000004,2019-07-29 16:50:00,-16.041832875135672,-22.84388970644268
240000000,2019-07-29 16:50:00,-11.253472222222126,-28.895833333333435
100000002,2019-07-29 16:55:00,-6.710028642881104,-26.8424746893183
100000003,2019-07-29 16:55:00,-17.729335190550184,-27.670258250717865
100000004,2019-07-29 16:55:00,-16.056215340306796,-22.829792410877822
240000000,2019-07-29 16:55:00,-11.26215277777768,-28.885416666666767
100000002,2019-07-29 17:00:00,-6.7030688246267625,-26.83951493479239
100000003,2019-07-29 17:00:00,-17.742592682185137,-27.659272966344616
100000004,2019-07-29 17:00:00,-16.07059780547792,-22.815695115312963
240000000,2019-07-29 17:00:00,-11.270833333333236,-28.8750000000001
100000002,2019-07-29 17:05:00,-6.696109006372421,-26.83655518026648
100000003,2019-07-29 17:05:00,-17.75585017382009,-27.648287681971368
100000004,2019-07-29 17:05:00,-16.084980270649044,-22.801597819748103
240000000,2019-07-29 17:05:00,-11.279513888888792,-28.86458333333343
100000002,2019-07-29 17:10:00,-6.689149188118079,-26.83359542574057
100000003,2019-07-29 17:10:00,-17.769107665455042,-27.63730239759812
100000004,2019-07-29 17:10:00,-16.09936273582017,-22.787500524183244
240000000,2019-07-29 17:10:00,-11.288194444444347,-28.854166666666764
100000002,2019-07-29 17:15:00,-6.682189369863737,-26.830635671214658
100000003,2019-07-29 17:15:00,-17.782365157089995,-27.62631711322487
100000004,2019-07-29 17:15:00,-16.113745200991293,-22.773403228618385
240000000,2019-07-29 17:15:00,-11.296874999999902,-28.843750000000096
100000002,2019-07-29 17:20:00,-6.675229551609395,-26.827675916688747
100000003,2019-07-29 17:20:00,-17.795622648724947,-27.615331828851623
100000004,2019-07-29 17:20:00,-16.128127666162417,-22.759305933053525
240000000,2019-07-29 17:20:00,-11.305555555555458,-28.833333333333428
100000002,2019-07-29 17:25:00,-6.668269733355054,-26.824716162162836
100000003,2019-07-29 17:25:00,-17.8088801403599,-27.604346544478375
100000004,2019-07-29 17:25:00,-16.14251013133354,-22.745208637488666
240000000,2019-07-29 17:25:00,-11.314236111111013,-28.82291666666676
100000002,2019-07-29 17:30:00,-6.661309915100712,-26.821756407636926
100000003,2019-07-29 17:30:00,-17.822137631994853,-27.593361260105127
100000004,2019-07-29 17:30:00,-16.156892596504665,-22.731111341923807
240000000,2019-07-29 17:30:00,-11.322916666666568,-28.812500000000092
100000002,2019-07-29 17:35:00,-6.65435009684637,-26.818796653111015
100000003,2019-07-29 17:35:00,-17.835395123629805,-27.58237597573188
100000004,2019-07-29 17:35:00,-16.17127506167579,-22.717014046358948
240000000,2019-07-29 17:35:00,-11.331597222222124,-28.802083333333425
100000002,2019-07-29 17:40:00,-6.647390278592028,-26.815836898585104
100000003,2019-07-29 17:40:00,-17.848652615264758,-27.57139069135863
100000004,2019-07-29 17:40:00,-16.185657526846914,-22.70291675079409
240000000,2019-07-29 17:40:00,-11.340277777777679,-28.791666666666757
100000002,2019-07-29 17:45:00,-6.6404304603376865,-26.812877144059193
100000003,2019-07-29 17:45:00,-17.86191010689971,-27.56040540698538
100000004,2019-07-29 17:45:00,-16.200039992018038,-22.68881945522923
240000000,2019-07-29 17:45:00,-11.348958333333234,-28.78125000000009
100000002,2019-07-29 17:50:00,-6.633470642083345,-26.809917389533283
100000003,2019-07-29 17:50:00,-17.875167598534663,-27.549420122612133
100000004,2019-07-29 17:50:00,-16.214422457189162,-22.67472215966437
240000000,2019-07-29 17:50:00,-11.35763888888879,-28.77083333333342
100000002,2019-07-29 17:55:00,-6.626510823829003,-26.80695763500737
100000003,2019-07-29 17:55:00,-17.888425090169616,-27.538434838238885
100000004,2019-07-29 17:55:00,-16.228804922360286,-22.66062486409951
240000000,2019-07-29 17:55:00,-11.366319444444345,-28.760416666666753
100000002,2019-07-29 18:00:00,-6.619551005574661,-26.80399788048146
100000003,2019-07-29 18:00:00,-17.901682581804568,-27.527449553865637
100000004,2019-07-29 18:00:00,-16.24318738753141,-22.64652756853465
240000000,2019-07-29 18:00:00,-11.3749999999999,-28.750000000000085
100000002,2019-07-29 18:05:00,-6.612591187320319,-26.80103812595555
100000003,2019-07-29 18:05:00,-17.91494007343952,-27.51646426949239
100000004,2019-07-29 18:05:00,-16.257569852702535,-22.632430272969792
240000000,2019-07-29 18:05:00,-11.383680555555456,-28.739583333333417
100000002,2019-07-29 18:10:00,-6.605631369065978,-26.79807837142964
100000003,2019-07-29 18:10:00,-17.928197565074473,-27.50547898511914
100000004,2019-07-29 18:10:00,-16.27195231787366,-22.618332977404933
240000000,2019-07-29 18:10:00,-11.392361111111011,-28.72916666666675
100000002,2019-07-29 18:15:00,-6.598671550811636,-26.79511861690373
100000003,2019-07-29 18:15:00,-17.941455056709426,-27.494493700745892
100000004,2019-07-29 18:15:00,-16.286334783044783,-22.604235681840073
240000000,2019-07-29 18:15:00,-11.401041666666567,-28.71875000000008
100000002,2019-07-29 18:20:00,-6.591711732557294,-26.792158862377818
100000003,2019-07-29 18:20:00,-17.95471254834438,-27.483508416372644
100000004,2019-07-29 18:20:00,-16.300717248215907,-22.590138386275214
240000000,2019-07-29 18:20:00,-11.409722222222122,-28.708333333333414
100000002,2019-07-29 18:25:00,-6.584751914302952,-26.789199107851907
100000003,2019-07-29 18:25:00,-17.96797003997933,-27.472523131999395
100000004,2019-07-29 18:25:00,-16.31509971338703,-22.576041090710355
240000000,2019-07-29 18:25:00,-11.418402777777677,-28.697916666666746
100000002,2019-07-29 18:30:00,-6.5777920960486105,-26.786239353325996
100000003,2019-07-29 18:30:00,-17.981227531614284,-27.461537847626147
100000004,2019-07-29 18:30:00,-16.329482178558155,-22.561943795145496
240000000,2019-07-29 18:30:00,-11.427083333333233,-28.687500000000078
100000002,2019-07-29 18:35:00,-6.570832277794269,-26.783279598800085
100000003,2019-07-29 18:35:00,-17.994485023249236,-27.4505525632529
100000004,2019-07-29 18:35:00,-16.34386464372928,-22.547846499580636
240000000,2019-07-29 18:35:00,-11.435763888888788,-28.67708333333341
100000002,2019-07-29 18:40:00,-6.563872459539927,-26.780319844274175
100000003,2019-07-29 18:40:00,-18.00774251488419,-27.43956727887965
100000004,2019-07-29 18:40:00,-16.358247108900404,-22.533749204015777
240000000,2019-07-29 18:40:00,-11.444444444444343,-28.666666666666742
100000002,2019-07-29 18:45:00,-6.556912641285585,-26.777360089748264
100000003,2019-07-29 18:45:00,-18.02100000651914,-27.428581994506402
100000004,2019-07-29 18:45:00,-16.372629574071528,-22.519651908450918
240000000,2019-07-29 18:45:00,-11.453124999999899,-28.656250000000075
100000002,2019-07-29 18:50:00,-6.549952823031243,-26.774400335222353
100000003,2019-07-29 18:50:00,-18.034257498154094,-27.417596710133154
100000004,2019-07-29 18:50:00,-16.387012039242652,-22.50555461288606
240000000,2019-07-29 18:50:00,-11.461805555555454,-28.645833333333407
100000002,2019-07-29 18:55:00,-6.542993004776902,-26.771440580696442
100000003,2019-07-29 18:55:00,-18.047514989789047,-27.406611425759905
100000004,2019-07-29 18:55:00,-16.401394504413776,-22.4914573173212
240000000,2019-07-29 18:55:00,-11.47048611111101,-28.63541666666674
100000002,2019-07-29 19:00:00,-6.53603318652256,-26.76848082617053
100000003,2019-07-29 19:00:00,-18.060772481424,-27.395626141386657
100000004,2019-07-29 19:00:00,-16.4157769695849,-22.47736002175634
240000000,2019-07-29 19:00:00,-11.479166666666565,-28.62500000000007
100000002,2019-07-29 19:05:00,-6.529073368268218,-26.76552107164462
100000003,2019-07-29 19:05:00,-18.074029973058952,-27.38464085701341
100000004,2019-07-29 19:05:00,-16.430159434756025,-22.46326272619148
240000000,2019-07-29 19:05:00,-11.48784722222212,-28.614583333333403
100000002,2019-07-29 19:10:00,-6.522113550013876,-26.76256131711871
100000003,2019-07-29 19:10:00,-18.087287464693905,-27.37365557264016
100000004,2019-07-29 19:10:00,-16.44454189992715,-22.44916543062662
240000000,2019-07-29 19:10:00,-11.496527777777676,-28.604166666666735
100000002,2019-07-29 19:15:00,-6.5151537317595345,-26.7596015625928
100000003,2019-07-29 19:15:00,-18.100544956328857,-27.362670288266912
100000004,2019-07-29 19:15:00,-16.458924365098273,-22.435068135061762
240000000,2019-07-29 19:15:00,-11.505208333333231,-28.593750000000068
100000002,2019-07-29 19:20:00,-6.508193913505193,-26.756641808066888
100000003,2019-07-29 19:20:00,-18.11380244796381,-27.351685003893664
100000004,2019-07-29 19:20:00,-16.473306830269397,-22.420970839496903
240000000,2019-07-29 19:20:00,-11.513888888888786,-28.5833333333334
100000002,2019-07-29 19:25:00,-6.501234095250851,-26.753682053540977
100000003,2019-07-29 19:25:00,-18.127059939598762,-27.340699719520416
100000004,2019-07-29 19:25:00,-16.48768929544052,-22.406873543932043
240000000,2019-07-29 19:25:00,-11.522569444444342,-28.572916666666732
100000002,2019-07-29 19:30:00,-6.494274276996509,-26.750722299015067
100000003,2019-07-29 19:30:00,-18.140317431233715,-27.329714435147167
100000004,2019-07-29 19:30:00,-16.502071760611646,-22.392776248367184
240000000,2019-07-29 19:30:00,-11.531249999999897,-28.562500000000064
100000002,2019-07-29 19:35:00,-6.487314458742167,-26.747762544489156
100000003,2019-07-29 19:35:00,-18.153574922868668,-27.31872915077392
100000004,2019-07-29 19:35:00,-16.51645422578277,-22.378678952802325
240000000,2019-07-29 19:35:00,-11.539930555555452,-28.552083333333396
100000002,2019-07-29 19:40:00,-6.480354640487826,-26.744802789963245
100000003,2019-07-29 19:40:00,-18.16683241450362,-27.30774386640067
100000004,2019-07-29 19:40:00,-16.530836690953894,-22.364581657237466
240000000,2019-07-29 19:40:00,-11.548611111111008,-28.54166666666673
100000002,2019-07-29 19:45:00,-6.473394822233484,-26.741843035437334
100000003,2019-07-29 19:45:00,-18.180089906138573,-27.296758582027422
100000004,2019-07-29 19:45:00,-16.545219156125018,-22.350484361672606
240000000,2019-07-29 19:45:00,-11.557291666666563,-28.53125000000006
100000002,2019-07-29 19:50:00,-6.466435003979142,-26.738883280911423
100000003,2019-07-29 19:50:00,-18.193347397773525,-27.285773297654174
100000004,2019-07-29 19:50:00,-16.559601621296142,-22.336387066107747
240000000,2019-07-29 19:50:00,-11.565972222222118,-28.520833333333393
100000002,2019-07-29 19:55:00,-6.4594751857248,-26.735923526385513
100000003,2019-07-29 19:55:00,-18.206604889408478,-27.274788013280926
100000004,2019-07-29 19:55:00,-16.573984086467267,-22.322289770542888
240000000,2019-07-29 19:55:00,-11.574652777777674,-28.510416666666725
100000002,2019-07-29 20:00:00,-6.4525153674704585,-26.732963771859602
100000003,2019-07-29 20:00:00,-18.21986238104343,-27.263802728907677
100000004,2019-07-29 20:00:00,-16.58836655163839,-22.30819247497803
240000000,2019-07-29 20:00:00,-11.58333333333323,-28.500000000000057
100000002,2019-07-29 20:05:00,-6.445555549216117,-26.73000401733369
100000003,2019-07-29 20:05:00,-18.233119872678383,-27.25281744453443
100000004,2019-07-29 20:05:00,-16.602749016809515,-22.29409517941317
240000000,2019-07-29 20:05:00,-11.592013888888784,-28.48958333333339
100000002,2019-07-29 20:10:00,-6.438595730961775,-26.72704426280778
100000003,2019-07-29 20:10:00,-18.246377364313336,-27.24183216016118
100000004,2019-07-29 20:10:00,-16.61713148198064,-22.27999788384831
240000000,2019-07-29 20:10:00,-11.60069444444434,-28.47916666666672
100000002,2019-07-29 20:15:00,-6.431635912707433,-26.72408450828187
100000003,2019-07-29 20:15:00,-18.25963485594829,-27.230846875787933
100000004,2019-07-29 20:15:00,-16.631513947151763,-22.26590058828345
240000000,2019-07-29 20:15:00,-11.609374999999895,-28.468750000000053
100000002,2019-07-29 20:20:00,-6.424676094453091,-26.72112475375596
100000003,2019-07-29 20:20:00,-18.27289234758324,-27.219861591414684
100000004,2019-07-29 20:20:00,-16.645896412322887,-22.25180329271859
240000000,2019-07-29 20:20:00,-11.61805555555545,-28.458333333333385
100000002,2019-07-29 20:25:00,-6.41771627619875,-26.718164999230048
100000003,2019-07-29 20:25:00,-18.286149839218194,-27.208876307041436
100000004,2019-07-29 20:25:00,-16.66027887749401,-22.237705997153732
240000000,2019-07-29 20:25:00,-11.626736111111006,-28.447916666666718
100000002,2019-07-29 20:30:00,-6.410756457944408,-26.715205244704137
100000003,2019-07-29 20:30:00,-18.299407330853146,-27.197891022668188
100000004,2019-07-29 20:30:00,-16.674661342665136,-22.223608701588873
240000000,2019-07-29 20:30:00,-11.635416666666561,-28.43750000000005
100000002,2019-07-29 20:35:00,-6.403796639690066,-26.712245490178226
100000003,2019-07-29 20:35:00,-18.3126648224881,-27.18690573829494
100000004,2019-07-29 20:35:00,-16.68904380783626,-22.209511406024014
240000000,2019-07-29 20:35:00,-11.644097222222117,-28.427083333333382
100000002,2019-07-29 20:40:00,-6.396836821435724,-26.709285735652315
100000003,2019-07-29 20:40:00,-18.32592231412305,-27.17592045392169
100000004,2019-07-29 20:40:00,-16.703426273007384,-22.195414110459154
240000000,2019-07-29 20:40:00,-11.652777777777672,-28.416666666666714
100000002,2019-07-29 20:45:00,-6.3898770031813825,-26.706325981126405
100000003,2019-07-29 20:45:00,-18.339179805758004,-27.164935169548443
100000004,2019-07-29 20:45:00,-16.71780873817851,-22.181316814894295
240000000,2019-07-29 20:45:00,-11.661458333333227,-28.406250000000046
100000002,2019-07-29 20:50:00,-6.382917184927041,-26.703366226600494
100000003,2019-07-29 20:50:00,-18.352437297392957,-27.153949885175194
100000004,2019-07-29 20:50:00,-16.732191203349633,-22.167219519329436
240000000,2019-07-29 20:50:00,-11.670138888888783,-28.39583333333338
100000002,2019-07-29 20:55:00,-6.375957366672699,-26.700406472074583
100000003,2019-07-29 20:55:00,-18.36569478902791,-27.142964600801946
100000004,2019-07-29 20:55:00,-16.746573668520757,-22.153122223764576
240000000,2019-07-29 20:55:00,-11.678819444444338,-28.38541666666671
100000002,2019-07-29 21:00:00,-6.368997548418357,-26.697446717548672
100000003,2019-07-29 21:00:00,-18.378952280662862,-27.131979316428698
100000004,2019-07-29 21:00:00,-16.76095613369188,-22.139024928199717
240000000,2019-07-29 21:00:00,-11.687499999999893,-28.375000000000043
100000002,2019-07-29 21:05:00,-6.362037730164015,-26.69448696302276
100000003,2019-07-29 21:05:00,-18.392209772297814,-27.12099403205545
100000004,2019-07-29 21:05:00,-16.775338598863005,-22.124927632634858
240000000,2019-07-29 21:05:00,-11.696180555555449,-28.364583333333375
100000002,2019-07-29 21:10:00,-6.355077911909674,-26.69152720849685
100000003,2019-07-29 21:10:00,-18.405467263932767,-27.1100087476822
100000004,2019-07-29 21:10:00,-16.78972106403413,-22.11083033707
240000000,2019-07-29 21:10:00,-11.704861111111004,-28.354166666666707
100000002,2019-07-29 21:15:00,-6.348118093655332,-26.68856745397094
100000003,2019-07-29 21:15:00,-18.41872475556772,-27.099023463308953
100000004,2019-07-29 21:15:00,-16.804103529205253,-22.09673304150514
240000000,2019-07-29 21:15:00,-11.71354166666656,-28.34375000000004
100000002,2019-07-29 21:20:00,-6.34115827540099,-26.68560769944503
100000003,2019-07-29 21:20:00,-18.431982247202672,-27.088038178935705
100000004,2019-07-29 21:20:00,-16.818485994376378,-22.08263574594028
240000000,2019-07-29 21:20:00,-11.722222222222115,-28.33333333333337
100000002,2019-07-29 21:25:00,-6.334198457146648,-26.68264794491912
100000003,2019-07-29 21:25:00,-18.445239738837625,-27.077052894562456
100000004,2019-07-29 21:25:00,-16.8328684595475,-22.06853845037542
240000000,2019-07-29 21:25:00,-11.73090277777767,-28.322916666666703
100000002,2019-07-29 21:30:00,-6.3272386388923065,-26.679688190393207
100000003,2019-07-29 21:30:00,-18.458497230472577,-27.066067610189208
100000004,2019-07-29 21:30:00,-16.847250924718626,-22.05444115481056
240000000,2019-07-29 21:30:00,-11.739583333333226,-28.312500000000036
100000002,2019-07-29 21:35:00,-6.320278820637965,-26.676728435867297
100000003,2019-07-29 21:35:00,-18.47175472210753,-27.05508232581596
100000004,2019-07-29 21:35:00,-16.86163338988975,-22.040343859245702
240000000,2019-07-29 21:35:00,-11.748263888888781,-28.302083333333368
100000002,2019-07-29 21:40:00,-6.313319002383623,-26.673768681341386
100000003,2019-07-29 21:40:00,-18.485012213742483,-27.04409704144271
100000004,2019-07-29 21:40:00,-16.876015855060874,-22.026246563680843
240000000,2019-07-29 21:40:00,-11.756944444444336,-28.2916666666667
100000002,2019-07-29 21:45:00,-6.306359184129281,-26.670808926815475
100000003,2019-07-29 21:45:00,-18.498269705377435,-27.033111757069463
100000004,2019-07-29 21:45:00,-16.890398320232,-22.012149268115984
240000000,2019-07-29 21:45:00,-11.765624999999892,-28.281250000000032
100000002,2019-07-29 21:50:00,-6.299399365874939,-26.667849172289564
100000003,2019-07-29 21:50:00,-18.511527197012388,-27.022126472696215
100000004,2019-07-29 21:50:00,-16.904780785403123,-21.998051972551124
240000000,2019-07-29 21:50:00,-11.774305555555447,-28.270833333333364
100000002,2019-07-29 21:55:00,-6.292439547620598,-26.664889417763654
100000003,2019-07-29 21:55:00,-18.52478468864734,-27.011141188322966
100000004,2019-07-29 21:55:00,-16.919163250574247,-21.983954676986265
240000000,2019-07-29 21:55:00,-11.782986111111002,-28.260416666666696
100000002,2019-07-29 22:00:00,-6.285479729366256,-26.661929663237743
100000003,2019-07-29 22:00:00,-18.538042180282293,-27.000155903949718
100000004,2019-07-29 22:00:00,-16.93354571574537,-21.969857381421406
240000000,2019-07-29 22:00:00,-11.791666666666558,-28.25000000000003
100000002,2019-07-29 22:05:00,-6.278519911111914,-26.658969908711832
100000003,2019-07-29 22:05:00,-18.551299671917246,-26.98917061957647
100000004,2019-07-29 22:05:00,-16.947928180916495,-21.955760085856546
240000000,2019-07-29 22:05:00,-11.800347222222113,-28.23958333333336
100000002,2019-07-29 22:10:00,-6.271560092857572,-26.65601015418592
100000003,2019-07-29 22:10:00,-18.564557163552198,-26.97818533520322
100000004,2019-07-29 22:10:00,-16.96231064608762,-21.941662790291687
240000000,2019-07-29 22:10:00,-11.809027777777668,-28.229166666666693
100000002,2019-07-29 22:15:00,-6.2646002746032305,-26.65305039966001
100000003,2019-07-29 22:15:00,-18.57781465518715,-26.967200050829973
100000004,2019-07-29 22:15:00,-16.976693111258744,-21.927565494726828
240000000,2019-07-29 22:15:00,-11.817708333333224,-28.218750000000025
100000002,2019-07-29 22:20:00,-6.257640456348889,-26.6500906451341
100000003,2019-07-29 22:20:00,-18.591072146822103,-26.956214766456725
100000004,2019-07-29 22:20:00,-16.991075576429868,-21.91346819916197
240000000,2019-07-29 22:20:00,-11.82638888888878,-28.208333333333357
100000002,2019-07-29 22:25:00,-6.250680638094547,-26.64713089060819
100000003,2019-07-29 22:25:00,-18.604329638457056,-26.945229482083477
100000004,2019-07-29 22:25:00,-17.005458041600992,-21.89937090359711
240000000,2019-07-29 22:25:00,-11.835069444444335,-28.19791666666669
100000002,2019-07-29 22:30:00,-6.243720819840205,-26.644171136082278
100000003,2019-07-29 22:30:00,-18.61758713009201,-26.93424419771023
100000004,2019-07-29 22:30:00,-17.019840506772116,-21.88527360803225
240000000,2019-07-29 22:30:00,-11.84374999999989,-28.18750000000002
100000002,2019-07-29 22:35:00,-6.236761001585863,-26.641211381556367
100000003,2019-07-29 22:35:00,-18.63084462172696,-26.92325891333698
100000004,2019-07-29 22:35:00,-17.03422297194324,-21.87117631246739
240000000,2019-07-29 22:35:00,-11.852430555555445,-28.177083333333353
100000002,2019-07-29 22:40:00,-6.229801183331522,-26.638251627030456
100000003,2019-07-29 22:40:00,-18.644102113361914,-26.91227362896373
100000004,2019-07-29 22:40:00,-17.048605437114364,-21.85707901690253
240000000,2019-07-29 22:40:00,-11.861111111111,-28.166666666666686
100000002,2019-07-29 22:45:00,-6.22284136507718,-26.635291872504546
100000003,2019-07-29 22:45:00,-18.657359604996866,-26.901288344590483
100000004,2019-07-29 22:45:00,-17.06298790228549,-21.842981721337672
240000000,2019-07-29 22:45:00,-11.869791666666556,-28.156250000000018
100000002,2019-07-29 22:50:00,-6.215881546822838,-26.632332117978635
100000003,2019-07-29 22:50:00,-18.67061709663182,-26.890303060217235
100000004,2019-07-29 22:50:00,-17.077370367456613,-21.828884425772813
240000000,2019-07-29 22:50:00,-11.878472222222111,-28.14583333333335
100000002,2019-07-29 22:55:00,-6.208921728568496,-26.629372363452724
100000003,2019-07-29 22:55:00,-18.68387458826677,-26.879317775843987
100000004,2019-07-29 22:55:00,-17.091752832627737,-21.814787130207954
240000000,2019-07-29 22:55:00,-11.887152777777667,-28.135416666666682
100000002,2019-07-29 23:00:00,-6.201961910314155,-26.626412608926813
100000003,2019-07-29 23:00:00,-18.697132079901724,-26.86833249147074
100000004,2019-07-29 23:00:00,-17.10613529779886,-21.800689834643094
240000000,2019-07-29 23:00:00,-11.895833333333222,-28.125000000000014
100000002,2019-07-29 23:05:00,-6.195002092059813,-26.623452854400902
100000003,2019-07-29 23:05:00,-18.710389571536677,-26.85734720709749
100000004,2019-07-29 23:05:00,-17.120517762969985,-21.786592539078235
240000000,2019-07-29 23:05:00,-11.904513888888777,-28.114583333333346
100000002,2019-07-29 23:10:00,-6.188042273805471,-26.62049309987499
100000003,2019-07-29 23:10:00,-18.72364706317163,-26.846361922724242
100000004,2019-07-29 23:10:00,-17.13490022814111,-21.772495243513376
240000000,2019-07-29 23:10:00,-11.913194444444333,-28.10416666666668
100000002,2019-07-29 23:15:00,-6.181082455551129,-26.61753334534908
100000003,2019-07-29 23:15:00,-18.736904554806582,-26.835376638350994
100000004,2019-07-29 23:15:00,-17.149282693312234,-21.758397947948517
240000000,2019-07-29 23:15:00,-11.921874999999888,-28.09375000000001
100000002,2019-07-29 23:20:00,-6.1741226372967875,-26.61457359082317
100000003,2019-07-29 23:20:00,-18.750162046441535,-26.824391353977745
100000004,2019-07-29 23:20:00,-17.163665158483358,-21.744300652383657
240000000,2019-07-29 23:20:00,-11.930555555555443,-28.083333333333343
100000002,2019-07-29 23:25:00,-6.167162819042446,-26.61161383629726
100000003,2019-07-29 23:25:00,-18.763419538076487,-26.813406069604497
100000004,2019-07-29 23:25:00,-17.178047623654482,-21.730203356818798
240000000,2019-07-29 23:25:00,-11.939236111110999,-28.072916666666675
100000002,2019-07-29 23:30:00,-6.160203000788104,-26.60865408177135
100000003,2019-07-29 23:30:00,-18.77667702971144,-26.80242078523125
100000004,2019-07-29 23:30:00,-17.192430088825606,-21.71610606125394
240000000,2019-07-29 23:30:00,-11.947916666666554,-28.062500000000007
100000002,2019-07-29 23:35:00,-6.153243182533762,-26.605694327245438
100000003,2019-07-29 23:35:00,-18.789934521346392,-26.791435500858
100000004,2019-07-29 23:35:00,-17.20681255399673,-21.70200876568908
240000000,2019-07-29 23:35:00,-11.95659722222211,-28.05208333333334
100000002,2019-07-29 23:40:00,-6.14628336427942,-26.602734572719527
100000003,2019-07-29 23:40:00,-18.803192012981345,-26.780450216484752
100000004,2019-07-29 23:40:00,-17.221195019167855,-21.68791147012422
240000000,2019-07-29 23:40:00,-11.965277777777665,-28.04166666666667
100000002,2019-07-29 23:45:00,-6.139323546025079,-26.599774818193616
100000003,2019-07-29 23:45:00,-18.816449504616298,-26.769464932111504
100000004,2019-07-29 23:45:00,-17.23557748433898,-21.67381417455936
240000000,2019-07-29 23:45:00,-11.97395833333322,-28.031250000000004
100000002,2019-07-29 23:50:00,-6.132363727770737,-26.596815063667705
100000003,2019-07-29 23:50:00,-18.82970699625125,-26.758479647738255
100000004,2019-07-29 23:50:00,-17.249959949510103,-21.6597168789945
240000000,2019-07-29 23:50:00,-11.982638888888776,-28.020833333333336
100000002,2019-07-29 23:55:00,-6.125403909516395,-26.593855309141794
100000003,2019-07-29 23:55:00,-18.842964487886203,-26.747494363365007
100000004,2019-07-29 23:55:00,-17.264342414681227,-21.645619583429642
240000000,2019-07-29 23:55:00,-11.991319444444331,-28.010416666666668
