{
  "type": "FeatureCollection",
  "features": [
    {
      "type": "Feature",
      "geometry": {
        "type": "Polygon",
        "coordinates": [
          [
            [
              -33.8,
              -6.8
            ],
            [
              -34.1,
              -6.9
            ],
            [
              -34.2,
              -7.1
            ],
            [
              -33.9,
              -7.2
            ],
            [
              -33.8,
              -6.8
            ]
          ]
        ]
      },
      "properties": {
        "type": "oil_slick",
        "description": "2019 Brazil SAR Satellite Oil Slick Detection"
      }
    },
    {
      "type": "Feature",
      "geometry": {
        "type": "LineString",
        "coordinates": [
          [
            -45.0,
            5.0
          ],
          [
            -44.98610145934677,
            4.982626824183461
          ],
          [
            -44.97220291869354,
            4.965253648366922
          ],
          [
            -44.95830437804031,
            4.947880472550382
          ],
          [
            -44.94440583738708,
            4.930507296733843
          ],
          [
            -44.93050729673385,
            4.913134120917304
          ],
          [
            -44.91660875608062,
            4.895760945100765
          ],
          [
            -44.90271021542739,
            4.878387769284226
          ],
          [
            -44.88881167477416,
            4.8610145934676865
          ],
          [
            -44.87491313412093,
            4.843641417651147
          ],
          [
            -44.8610145934677,
            4.826268241834608
          ],
          [
            -44.84711605281447,
            4.808895066018069
          ],
          [
            -44.83321751216124,
            4.79152189020153
          ],
          [
            -44.81931897150801,
            4.7741487143849906
          ],
          [
            -44.80542043085478,
            4.756775538568451
          ],
          [
            -44.79152189020155,
            4.739402362751912
          ],
          [
            -44.77762334954832,
            4.722029186935373
          ],
          [
            -44.76372480889509,
            4.704656011118834
          ],
          [
            -44.74982626824186,
            4.687282835302295
          ],
          [
            -44.73592772758863,
            4.669909659485755
          ],
          [
            -44.7220291869354,
            4.652536483669216
          ],
          [
            -44.70813064628217,
            4.635163307852677
          ],
          [
            -44.69423210562894,
            4.617790132036138
          ],
          [
            -44.68033356497571,
            4.600416956219599
          ],
          [
            -44.66643502432248,
            4.5830437804030595
          ],
          [
            -44.65253648366925,
            4.56567060458652
          ],
          [
            -44.63863794301602,
            4.548297428769981
          ],
          [
            -44.62473940236279,
            4.530924252953442
          ],
          [
            -44.61084086170956,
            4.513551077136903
          ],
          [
            -44.59694232105633,
            4.4961779013203635
          ],
          [
            -44.5830437804031,
            4.478804725503824
          ],
          [
            -44.56914523974987,
            4.461431549687285
          ],
          [
            -44.55524669909664,
            4.444058373870746
          ],
          [
            -44.54134815844341,
            4.426685198054207
          ],
          [
            -44.52744961779018,
            4.409312022237668
          ],
          [
            -44.51355107713695,
            4.391938846421128
          ],
          [
            -44.49965253648372,
            4.374565670604589
          ],
          [
            -44.48575399583049,
            4.35719249478805
          ],
          [
            -44.47185545517726,
            4.339819318971511
          ],
          [
            -44.45795691452403,
            4.322446143154972
          ],
          [
            -44.4440583738708,
            4.3050729673384325
          ],
          [
            -44.43015983321757,
            4.287699791521893
          ],
          [
            -44.41626129256434,
            4.270326615705354
          ],
          [
            -44.40236275191111,
            4.252953439888815
          ],
          [
            -44.38846421125788,
            4.235580264072276
          ],
          [
            -44.37456567060465,
            4.2182070882557365
          ],
          [
            -44.36066712995142,
            4.200833912439197
          ],
          [
            -44.34676858929819,
            4.183460736622658
          ],
          [
            -44.33287004864496,
            4.166087560806119
          ],
          [
            -44.31897150799173,
            4.14871438498958
          ],
          [
            -44.3050729673385,
            4.131341209173041
          ],
          [
            -44.291174426685274,
            4.113968033356501
          ],
          [
            -44.277275886032044,
            4.096594857539962
          ],
          [
            -44.263377345378814,
            4.079221681723423
          ],
          [
            -44.249478804725584,
            4.061848505906884
          ],
          [
            -44.235580264072354,
            4.044475330090345
          ],
          [
            -44.221681723419124,
            4.0271021542738055
          ],
          [
            -44.207783182765894,
            4.009728978457266
          ],
          [
            -44.193884642112664,
            3.992355802640727
          ],
          [
            -44.179986101459434,
            3.974982626824188
          ],
          [
            -44.166087560806204,
            3.9576094510076487
          ],
          [
            -44.152189020152974,
            3.9402362751911095
          ],
          [
            -44.138290479499744,
            3.9228630993745703
          ],
          [
            -44.124391938846514,
            3.905489923558031
          ],
          [
            -44.110493398193285,
            3.888116747741492
          ],
          [
            -44.096594857540055,
            3.8707435719249528
          ],
          [
            -44.082696316886825,
            3.8533703961084136
          ],
          [
            -44.068797776233595,
            3.8359972202918744
          ],
          [
            -44.054899235580365,
            3.818624044475335
          ],
          [
            -44.041000694927135,
            3.801250868658796
          ],
          [
            -44.027102154273905,
            3.783877692842257
          ],
          [
            -44.013203613620675,
            3.7665045170257176
          ],
          [
            -43.999305072967445,
            3.7491313412091785
          ],
          [
            -43.985406532314215,
            3.7317581653926393
          ],
          [
            -43.971507991660985,
            3.7143849895761
          ],
          [
            -43.957609451007755,
            3.697011813759561
          ],
          [
            -43.943710910354525,
            3.6796386379430217
          ],
          [
            -43.929812369701295,
            3.6622654621264825
          ],
          [
            -43.915913829048066,
            3.6448922863099433
          ],
          [
            -43.902015288394836,
            3.627519110493404
          ],
          [
            -43.888116747741606,
            3.610145934676865
          ],
          [
            -43.874218207088376,
            3.5927727588603258
          ],
          [
            -43.860319666435146,
            3.5753995830437866
          ],
          [
            -43.846421125781916,
            3.5580264072272474
          ],
          [
            -43.832522585128686,
            3.540653231410708
          ],
          [
            -43.818624044475456,
            3.523280055594169
          ],
          [
            -43.804725503822226,
            3.50590687977763
          ],
          [
            -43.790826963168996,
            3.4885337039610906
          ],
          [
            -43.776928422515766,
            3.4711605281445514
          ],
          [
            -43.763029881862536,
            3.4537873523280123
          ],
          [
            -43.749131341209306,
            3.436414176511473
          ],
          [
            -43.735232800556076,
            3.419041000694934
          ],
          [
            -43.72133425990285,
            3.4016678248783947
          ],
          [
            -43.70743571924962,
            3.3842946490618555
          ],
          [
            -43.69353717859639,
            3.3669214732453163
          ],
          [
            -43.67963863794316,
            3.349548297428777
          ],
          [
            -43.66574009728993,
            3.332175121612238
          ],
          [
            -43.6518415566367,
            3.3148019457956988
          ],
          [
            -43.63794301598347,
            3.2974287699791596
          ],
          [
            -43.62404447533024,
            3.2800555941626204
          ],
          [
            -43.61014593467701,
            3.262682418346081
          ],
          [
            -43.59624739402378,
            3.245309242529542
          ],
          [
            -43.58234885337055,
            3.227936066713003
          ],
          [
            -43.56845031271732,
            3.2105628908964636
          ],
          [
            -43.55455177206409,
            3.1931897150799244
          ],
          [
            -43.54065323141086,
            3.1758165392633853
          ],
          [
            -43.52675469075763,
            3.158443363446846
          ],
          [
            -43.5128561501044,
            3.141070187630307
          ],
          [
            -43.49895760945117,
            3.1236970118137677
          ],
          [
            -43.48505906879794,
            3.1063238359972285
          ],
          [
            -43.47116052814471,
            3.0889506601806893
          ],
          [
            -43.45726198749148,
            3.07157748436415
          ],
          [
            -43.44336344683825,
            3.054204308547611
          ],
          [
            -43.42946490618502,
            3.0368311327310717
          ],
          [
            -43.41556636553179,
            3.0194579569145326
          ],
          [
            -43.40166782487856,
            3.0020847810979934
          ],
          [
            -43.38776928422533,
            2.984711605281454
          ],
          [
            -43.3738707435721,
            2.967338429464915
          ],
          [
            -43.35997220291887,
            2.949965253648376
          ],
          [
            -43.34607366226564,
            2.9325920778318366
          ],
          [
            -43.33217512161241,
            2.9152189020152974
          ],
          [
            -43.31827658095918,
            2.8978457261987582
          ],
          [
            -43.30437804030595,
            2.880472550382219
          ],
          [
            -43.29047949965272,
            2.86309937456568
          ],
          [
            -43.27658095899949,
            2.8457261987491407
          ],
          [
            -43.26268241834626,
            2.8283530229326015
          ],
          [
            -43.24878387769303,
            2.8109798471160623
          ],
          [
            -43.2348853370398,
            2.793606671299523
          ],
          [
            -43.22098679638657,
            2.776233495482984
          ],
          [
            -43.20708825573334,
            2.7588603196664447
          ],
          [
            -43.19318971508011,
            2.7414871438499056
          ],
          [
            -43.17929117442688,
            2.7241139680333664
          ],
          [
            -43.16539263377365,
            2.706740792216827
          ],
          [
            -43.15149409312042,
            2.689367616400288
          ],
          [
            -43.13759555246719,
            2.671994440583749
          ],
          [
            -43.12369701181396,
            2.6546212647672096
          ],
          [
            -43.10979847116073,
            2.6372480889506704
          ],
          [
            -43.0958999305075,
            2.6198749131341312
          ],
          [
            -43.08200138985427,
            2.602501737317592
          ],
          [
            -43.06810284920104,
            2.585128561501053
          ],
          [
            -43.05420430854781,
            2.5677553856845137
          ],
          [
            -43.04030576789458,
            2.5503822098679745
          ],
          [
            -43.02640722724135,
            2.5330090340514353
          ],
          [
            -43.01250868658812,
            2.515635858234896
          ],
          [
            -42.99861014593489,
            2.498262682418357
          ],
          [
            -42.98471160528166,
            2.4808895066018177
          ],
          [
            -42.97081306462843,
            2.4635163307852785
          ],
          [
            -42.9569145239752,
            2.4461431549687394
          ],
          [
            -42.94301598332197,
            2.4287699791522
          ],
          [
            -42.92911744266874,
            2.411396803335661
          ],
          [
            -42.91521890201551,
            2.394023627519122
          ],
          [
            -42.90132036136228,
            2.3766504517025826
          ],
          [
            -42.88742182070905,
            2.3592772758860434
          ],
          [
            -42.87352328005582,
            2.3419041000695042
          ],
          [
            -42.85962473940259,
            2.324530924252965
          ],
          [
            -42.84572619874936,
            2.307157748436426
          ],
          [
            -42.83182765809613,
            2.2897845726198867
          ],
          [
            -42.8179291174429,
            2.2724113968033475
          ],
          [
            -42.80403057678967,
            2.2550382209868083
          ],
          [
            -42.79013203613644,
            2.237665045170269
          ],
          [
            -42.77623349548321,
            2.22029186935373
          ],
          [
            -42.76233495482998,
            2.2029186935371907
          ],
          [
            -42.74843641417675,
            2.1855455177206515
          ],
          [
            -42.73453787352352,
            2.1681723419041123
          ],
          [
            -42.72063933287029,
            2.150799166087573
          ],
          [
            -42.70674079221706,
            2.133425990271034
          ],
          [
            -42.69284225156383,
            2.116052814454495
          ],
          [
            -42.6789437109106,
            2.0986796386379556
          ],
          [
            -42.66504517025737,
            2.0813064628214164
          ],
          [
            -42.65114662960414,
            2.063933287004877
          ],
          [
            -42.63724808895091,
            2.046560111188338
          ],
          [
            -42.62334954829768,
            2.029186935371799
          ],
          [
            -42.60945100764445,
            2.0118137595552597
          ],
          [
            -42.59555246699122,
            1.9944405837387205
          ],
          [
            -42.58165392633799,
            1.9770674079221813
          ],
          [
            -42.56775538568476,
            1.959694232105642
          ],
          [
            -42.55385684503153,
            1.942321056289103
          ],
          [
            -42.5399583043783,
            1.9249478804725637
          ],
          [
            -42.52605976372507,
            1.9075747046560245
          ],
          [
            -42.51216122307184,
            1.8902015288394853
          ],
          [
            -42.49826268241861,
            1.8728283530229461
          ],
          [
            -42.48436414176538,
            1.855455177206407
          ],
          [
            -42.47046560111215,
            1.8380820013898678
          ],
          [
            -42.45656706045892,
            1.8207088255733286
          ],
          [
            -42.44266851980569,
            1.8033356497567894
          ],
          [
            -42.42876997915246,
            1.7859624739402502
          ],
          [
            -42.41487143849923,
            1.768589298123711
          ],
          [
            -42.400972897846,
            1.7512161223071718
          ],
          [
            -42.38707435719277,
            1.7338429464906326
          ],
          [
            -42.37317581653954,
            1.7164697706740935
          ],
          [
            -42.35927727588631,
            1.6990965948575543
          ],
          [
            -42.34537873523308,
            1.681723419041015
          ],
          [
            -42.331480194579854,
            1.664350243224476
          ],
          [
            -42.317581653926624,
            1.6469770674079367
          ],
          [
            -42.303683113273394,
            1.6296038915913975
          ],
          [
            -42.289784572620164,
            1.6122307157748583
          ],
          [
            -42.275886031966934,
            1.5948575399583191
          ],
          [
            -42.261987491313704,
            1.57748436414178
          ],
          [
            -42.248088950660474,
            1.5601111883252408
          ],
          [
            -42.234190410007244,
            1.5427380125087016
          ],
          [
            -42.220291869354014,
            1.5253648366921624
          ],
          [
            -42.206393328700784,
            1.5079916608756232
          ],
          [
            -42.192494788047554,
            1.490618485059084
          ],
          [
            -42.178596247394324,
            1.4732453092425448
          ],
          [
            -42.164697706741094,
            1.4558721334260056
          ],
          [
            -42.150799166087864,
            1.4384989576094664
          ],
          [
            -42.136900625434635,
            1.4211257817929273
          ],
          [
            -42.123002084781405,
            1.403752605976388
          ],
          [
            -42.109103544128175,
            1.3863794301598489
          ],
          [
            -42.095205003474945,
            1.3690062543433097
          ],
          [
            -42.081306462821715,
            1.3516330785267705
          ],
          [
            -42.067407922168485,
            1.3342599027102313
          ],
          [
            -42.053509381515255,
            1.3168867268936921
          ],
          [
            -42.039610840862025,
            1.299513551077153
          ],
          [
            -42.025712300208795,
            1.2821403752606138
          ],
          [
            -42.011813759555565,
            1.2647671994440746
          ],
          [
            -41.997915218902335,
            1.2473940236275354
          ],
          [
            -41.984016678249105,
            1.2300208478109962
          ],
          [
            -41.970118137595875,
            1.212647671994457
          ],
          [
            -41.956219596942645,
            1.1952744961779178
          ],
          [
            -41.942321056289416,
            1.1779013203613786
          ],
          [
            -41.928422515636186,
            1.1605281445448394
          ],
          [
            -41.914523974982956,
            1.1431549687283002
          ],
          [
            -41.900625434329726,
            1.125781792911761
          ],
          [
            -41.886726893676496,
            1.1084086170952219
          ],
          [
            -41.872828353023266,
            1.0910354412786827
          ],
          [
            -41.858929812370036,
            1.0736622654621435
          ],
          [
            -41.845031271716806,
            1.0562890896456043
          ],
          [
            -41.831132731063576,
            1.0389159138290651
          ],
          [
            -41.817234190410346,
            1.021542738012526
          ],
          [
            -41.803335649757116,
            1.0041695621959867
          ],
          [
            -41.789437109103886,
            0.9867963863794474
          ],
          [
            -41.775538568450656,
            0.9694232105629081
          ],
          [
            -41.76164002779743,
            0.9520500347463688
          ],
          [
            -41.7477414871442,
            0.9346768589298295
          ],
          [
            -41.73384294649097,
            0.9173036831132902
          ],
          [
            -41.71994440583774,
            0.899930507296751
          ],
          [
            -41.70604586518451,
            0.8825573314802116
          ],
          [
            -41.69214732453128,
            0.8651841556636723
          ],
          [
            -41.67824878387805,
            0.847810979847133
          ],
          [
            -41.66435024322482,
            0.8304378040305938
          ],
          [
            -41.65045170257159,
            0.8130646282140545
          ],
          [
            -41.63655316191836,
            0.7956914523975152
          ],
          [
            -41.62265462126513,
            0.7783182765809759
          ],
          [
            -41.6087560806119,
            0.7609451007644366
          ],
          [
            -41.59485753995867,
            0.7435719249478973
          ],
          [
            -41.58095899930544,
            0.726198749131358
          ],
          [
            -41.56706045865221,
            0.7088255733148187
          ],
          [
            -41.55316191799898,
            0.6914523974982794
          ],
          [
            -41.53926337734575,
            0.6740792216817401
          ],
          [
            -41.52536483669252,
            0.6567060458652008
          ],
          [
            -41.51146629603929,
            0.6393328700486615
          ],
          [
            -41.49756775538606,
            0.6219596942321222
          ],
          [
            -41.48366921473283,
            0.6045865184155829
          ],
          [
            -41.4697706740796,
            0.5872133425990436
          ],
          [
            -41.45587213342637,
            0.5698401667825043
          ],
          [
            -41.44197359277314,
            0.552466990965965
          ],
          [
            -41.42807505211991,
            0.5350938151494257
          ],
          [
            -41.41417651146668,
            0.5177206393328864
          ],
          [
            -41.40027797081345,
            0.5003474635163471
          ],
          [
            -41.38637943016022,
            0.4829742876998078
          ],
          [
            -41.37248088950699,
            0.4656011118832686
          ],
          [
            -41.35858234885376,
            0.44822793606672934
          ],
          [
            -41.34468380820053,
            0.4308547602501901
          ],
          [
            -41.3307852675473,
            0.41348158443365085
          ],
          [
            -41.31688672689407,
            0.3961084086171116
          ],
          [
            -41.30298818624084,
            0.37873523280057236
          ],
          [
            -41.28908964558761,
            0.3613620569840331
          ],
          [
            -41.27519110493438,
            0.3439888811674939
          ],
          [
            -41.26129256428115,
            0.32661570535095463
          ],
          [
            -41.24739402362792,
            0.3092425295344154
          ],
          [
            -41.23349548297469,
            0.29186935371787615
          ],
          [
            -41.21959694232146,
            0.2744961779013369
          ],
          [
            -41.20569840166823,
            0.25712300208479766
          ],
          [
            -41.191799861015,
            0.2397498262682584
          ],
          [
            -41.17790132036177,
            0.22237665045171912
          ],
          [
            -41.16400277970854,
            0.20500347463517984
          ],
          [
            -41.15010423905531,
            0.18763029881864057
          ],
          [
            -41.13620569840208,
            0.1702571230021013
          ],
          [
            -41.12230715774885,
            0.15288394718556203
          ],
          [
            -41.10840861709562,
            0.13551077136902276
          ],
          [
            -41.09451007644239,
            0.11813759555248349
          ],
          [
            -41.08061153578916,
            0.10076441973594422
          ],
          [
            -41.06671299513593,
            0.08339124391940494
          ],
          [
            -41.0528144544827,
            0.06601806810286567
          ],
          [
            -41.03891591382947,
            0.04864489228632641
          ],
          [
            -41.02501737317624,
            0.031271716469787145
          ],
          [
            -41.01111883252301,
            0.01389854065324788
          ],
          [
            -40.99722029186978,
            -0.003474635163291384
          ],
          [
            -40.98332175121655,
            -0.02084781097983065
          ],
          [
            -40.96942321056332,
            -0.03822098679636991
          ],
          [
            -40.95552466991009,
            -0.05559416261290918
          ],
          [
            -40.94162612925686,
            -0.07296733842944844
          ],
          [
            -40.92772758860363,
            -0.09034051424598771
          ],
          [
            -40.9138290479504,
            -0.10771369006252698
          ],
          [
            -40.89993050729717,
            -0.12508686587906626
          ],
          [
            -40.88603196664394,
            -0.14246004169560553
          ],
          [
            -40.87213342599071,
            -0.1598332175121448
          ],
          [
            -40.85823488533748,
            -0.17720639332868407
          ],
          [
            -40.84433634468425,
            -0.19457956914522334
          ],
          [
            -40.83043780403102,
            -0.2119527449617626
          ],
          [
            -40.81653926337779,
            -0.22932592077830188
          ],
          [
            -40.80264072272456,
            -0.24669909659484116
          ],
          [
            -40.78874218207133,
            -0.2640722724113804
          ],
          [
            -40.7748436414181,
            -0.28144544822791967
          ],
          [
            -40.76094510076487,
            -0.2988186240444589
          ],
          [
            -40.74704656011164,
            -0.31619179986099816
          ],
          [
            -40.73314801945841,
            -0.3335649756775374
          ],
          [
            -40.71924947880518,
            -0.35093815149407664
          ],
          [
            -40.70535093815195,
            -0.3683113273106159
          ],
          [
            -40.69145239749872,
            -0.38568450312715513
          ],
          [
            -40.67755385684549,
            -0.4030576789436944
          ],
          [
            -40.66365531619226,
            -0.4204308547602336
          ],
          [
            -40.64975677553903,
            -0.43780403057677286
          ],
          [
            -40.6358582348858,
            -0.4551772063933121
          ],
          [
            -40.62195969423257,
            -0.47255038220985135
          ],
          [
            -40.60806115357934,
            -0.4899235580263906
          ],
          [
            -40.59416261292611,
            -0.5072967338429298
          ],
          [
            -40.58026407227288,
            -0.5246699096594691
          ],
          [
            -40.56636553161965,
            -0.5420430854760084
          ],
          [
            -40.55246699096642,
            -0.5594162612925477
          ],
          [
            -40.53856845031319,
            -0.576789437109087
          ],
          [
            -40.52466990965996,
            -0.5941626129256263
          ],
          [
            -40.51077136900673,
            -0.6115357887421656
          ],
          [
            -40.4968728283535,
            -0.6289089645587049
          ],
          [
            -40.48297428770027,
            -0.6462821403752442
          ],
          [
            -40.46907574704704,
            -0.6636553161917835
          ],
          [
            -40.45517720639381,
            -0.6810284920083228
          ],
          [
            -40.44127866574058,
            -0.6984016678248621
          ],
          [
            -40.42738012508735,
            -0.7157748436414014
          ],
          [
            -40.41348158443412,
            -0.7331480194579407
          ],
          [
            -40.39958304378089,
            -0.75052119527448
          ],
          [
            -40.38568450312766,
            -0.7678943710910193
          ],
          [
            -40.37178596247443,
            -0.7852675469075586
          ],
          [
            -40.357887421821204,
            -0.8026407227240979
          ],
          [
            -40.343988881167974,
            -0.8200138985406372
          ],
          [
            -40.330090340514744,
            -0.8373870743571765
          ],
          [
            -40.316191799861514,
            -0.8547602501737158
          ],
          [
            -40.302293259208284,
            -0.8721334259902551
          ],
          [
            -40.288394718555054,
            -0.8895066018067944
          ],
          [
            -40.274496177901824,
            -0.9068797776233337
          ],
          [
            -40.260597637248594,
            -0.924252953439873
          ],
          [
            -40.246699096595364,
            -0.9416261292564123
          ],
          [
            -40.232800555942134,
            -0.9589993050729516
          ],
          [
            -40.218902015288904,
            -0.9763724808894909
          ],
          [
            -40.205003474635674,
            -0.9937456567060302
          ],
          [
            -40.191104933982444,
            -1.0111188325225695
          ],
          [
            -40.177206393329215,
            -1.0284920083391087
          ],
          [
            -40.163307852675985,
            -1.0458651841556479
          ],
          [
            -40.149409312022755,
            -1.063238359972187
          ],
          [
            -40.135510771369525,
            -1.0806115357887263
          ],
          [
            -40.121612230716295,
            -1.0979847116052655
          ],
          [
            -40.107713690063065,
            -1.1153578874218046
          ],
          [
            -40.093815149409835,
            -1.1327310632383438
          ],
          [
            -40.079916608756605,
            -1.150104239054883
          ],
          [
            -40.066018068103375,
            -1.1674774148714222
          ],
          [
            -40.052119527450145,
            -1.1848505906879614
          ],
          [
            -40.038220986796915,
            -1.2022237665045006
          ],
          [
            -40.024322446143685,
            -1.2195969423210398
          ],
          [
            -40.010423905490455,
            -1.236970118137579
          ],
          [
            -39.996525364837225,
            -1.2543432939541181
          ],
          [
            -39.982626824183995,
            -1.2717164697706573
          ],
          [
            -39.968728283530766,
            -1.2890896455871965
          ],
          [
            -39.954829742877536,
            -1.3064628214037357
          ],
          [
            -39.940931202224306,
            -1.323835997220275
          ],
          [
            -39.927032661571076,
            -1.341209173036814
          ],
          [
            -39.913134120917846,
            -1.3585823488533533
          ],
          [
            -39.899235580264616,
            -1.3759555246698925
          ],
          [
            -39.885337039611386,
            -1.3933287004864316
          ],
          [
            -39.871438498958156,
            -1.4107018763029708
          ],
          [
            -39.857539958304926,
            -1.42807505211951
          ],
          [
            -39.843641417651696,
            -1.4454482279360492
          ],
          [
            -39.829742876998466,
            -1.4628214037525884
          ],
          [
            -39.815844336345236,
            -1.4801945795691276
          ],
          [
            -39.801945795692006,
            -1.4975677553856668
          ],
          [
            -39.78804725503878,
            -1.514940931202206
          ],
          [
            -39.77414871438555,
            -1.5323141070187452
          ],
          [
            -39.76025017373232,
            -1.5496872828352843
          ],
          [
            -39.74635163307909,
            -1.5670604586518235
          ],
          [
            -39.73245309242586,
            -1.5844336344683627
          ],
          [
            -39.71855455177263,
            -1.601806810284902
          ],
          [
            -39.7046560111194,
            -1.619179986101441
          ],
          [
            -39.69075747046617,
            -1.6365531619179803
          ],
          [
            -39.67685892981294,
            -1.6539263377345195
          ],
          [
            -39.66296038915971,
            -1.6712995135510587
          ],
          [
            -39.64906184850648,
            -1.6886726893675978
          ],
          [
            -39.63516330785325,
            -1.706045865184137
          ],
          [
            -39.62126476720002,
            -1.7234190410006762
          ],
          [
            -39.60736622654679,
            -1.7407922168172154
          ],
          [
            -39.59346768589356,
            -1.7581653926337546
          ],
          [
            -39.57956914524033,
            -1.7755385684502938
          ],
          [
            -39.5656706045871,
            -1.792911744266833
          ],
          [
            -39.55177206393387,
            -1.8102849200833722
          ],
          [
            -39.53787352328064,
            -1.8276580958999114
          ],
          [
            -39.52397498262741,
            -1.8450312717164505
          ],
          [
            -39.51007644197418,
            -1.8624044475329897
          ],
          [
            -39.49617790132095,
            -1.879777623349529
          ],
          [
            -39.48227936066772,
            -1.897150799166068
          ],
          [
            -39.46838082001449,
            -1.9145239749826073
          ],
          [
            -39.45448227936126,
            -1.9318971507991465
          ],
          [
            -39.44058373870803,
            -1.9492703266156857
          ],
          [
            -39.4266851980548,
            -1.9666435024322249
          ],
          [
            -39.41278665740157,
            -1.984016678248764
          ],
          [
            -39.39888811674834,
            -2.0013898540653035
          ],
          [
            -39.38498957609511,
            -2.0187630298818426
          ],
          [
            -39.37109103544188,
            -2.036136205698382
          ],
          [
            -39.35719249478865,
            -2.053509381514921
          ],
          [
            -39.34329395413542,
            -2.07088255733146
          ],
          [
            -39.32939541348219,
            -2.0882557331479994
          ],
          [
            -39.31549687282896,
            -2.1056289089645386
          ],
          [
            -39.30159833217573,
            -2.1230020847810778
          ],
          [
            -39.2876997915225,
            -2.140375260597617
          ],
          [
            -39.27380125086927,
            -2.157748436414156
          ],
          [
            -39.25990271021604,
            -2.1751216122306953
          ],
          [
            -39.24600416956281,
            -2.1924947880472345
          ],
          [
            -39.23210562890958,
            -2.2098679638637737
          ],
          [
            -39.21820708825635,
            -2.227241139680313
          ],
          [
            -39.20430854760312,
            -2.244614315496852
          ],
          [
            -39.19041000694989,
            -2.2619874913133913
          ],
          [
            -39.17651146629666,
            -2.2793606671299305
          ],
          [
            -39.16261292564343,
            -2.2967338429464697
          ],
          [
            -39.1487143849902,
            -2.314107018763009
          ],
          [
            -39.13481584433697,
            -2.331480194579548
          ],
          [
            -39.12091730368374,
            -2.348853370396087
          ],
          [
            -39.10701876303051,
            -2.3662265462126264
          ],
          [
            -39.09312022237728,
            -2.3835997220291656
          ],
          [
            -39.07922168172405,
            -2.400972897845705
          ],
          [
            -39.06532314107082,
            -2.418346073662244
          ],
          [
            -39.05142460041759,
            -2.435719249478783
          ],
          [
            -39.03752605976436,
            -2.4530924252953223
          ],
          [
            -39.02362751911113,
            -2.4704656011118615
          ],
          [
            -39.0097289784579,
            -2.4878387769284007
          ],
          [
            -38.99583043780467,
            -2.50521195274494
          ],
          [
            -38.98193189715144,
            -2.522585128561479
          ],
          [
            -38.96803335649821,
            -2.5399583043780183
          ],
          [
            -38.95413481584498,
            -2.5573314801945575
          ],
          [
            -38.94023627519175,
            -2.5747046560110967
          ],
          [
            -38.92633773453852,
            -2.592077831827636
          ],
          [
            -38.91243919388529,
            -2.609451007644175
          ],
          [
            -38.89854065323206,
            -2.6268241834607142
          ],
          [
            -38.88464211257883,
            -2.6441973592772534
          ],
          [
            -38.8707435719256,
            -2.6615705350937926
          ],
          [
            -38.85684503127237,
            -2.678943710910332
          ],
          [
            -38.84294649061914,
            -2.696316886726871
          ],
          [
            -38.82904794996591,
            -2.71369006254341
          ],
          [
            -38.81514940931268,
            -2.7310632383599494
          ],
          [
            -38.80125086865945,
            -2.7484364141764885
          ],
          [
            -38.78735232800622,
            -2.7658095899930277
          ],
          [
            -38.77345378735299,
            -2.783182765809567
          ],
          [
            -38.75955524669976,
            -2.800555941626106
          ],
          [
            -38.74565670604653,
            -2.8179291174426453
          ],
          [
            -38.7317581653933,
            -2.8353022932591845
          ],
          [
            -38.71785962474007,
            -2.8526754690757237
          ],
          [
            -38.70396108408684,
            -2.870048644892263
          ],
          [
            -38.69006254343361,
            -2.887421820708802
          ],
          [
            -38.67616400278038,
            -2.9047949965253412
          ],
          [
            -38.66226546212715,
            -2.9221681723418804
          ],
          [
            -38.64836692147392,
            -2.9395413481584196
          ],
          [
            -38.63446838082069,
            -2.956914523974959
          ],
          [
            -38.62056984016746,
            -2.974287699791498
          ],
          [
            -38.60667129951423,
            -2.991660875608037
          ],
          [
            -38.592772758861,
            -3.0090340514245764
          ],
          [
            -38.57887421820777,
            -3.0264072272411155
          ],
          [
            -38.56497567755454,
            -3.0437804030576547
          ],
          [
            -38.55107713690131,
            -3.061153578874194
          ],
          [
            -38.53717859624808,
            -3.078526754690733
          ],
          [
            -38.52328005559485,
            -3.0958999305072723
          ],
          [
            -38.50938151494162,
            -3.1132731063238115
          ],
          [
            -38.49548297428839,
            -3.1306462821403507
          ],
          [
            -38.48158443363516,
            -3.14801945795689
          ],
          [
            -38.46768589298193,
            -3.165392633773429
          ],
          [
            -38.4537873523287,
            -3.1827658095899682
          ],
          [
            -38.43988881167547,
            -3.2001389854065074
          ],
          [
            -38.42599027102224,
            -3.2175121612230466
          ],
          [
            -38.41209173036901,
            -3.234885337039586
          ],
          [
            -38.39819318971578,
            -3.252258512856125
          ],
          [
            -38.384294649062554,
            -3.269631688672664
          ],
          [
            -38.370396108409324,
            -3.2870048644892034
          ],
          [
            -38.356497567756094,
            -3.3043780403057426
          ],
          [
            -38.342599027102864,
            -3.3217512161222817
          ],
          [
            -38.328700486449634,
            -3.339124391938821
          ],
          [
            -38.314801945796404,
            -3.35649756775536
          ],
          [
            -38.300903405143174,
            -3.3738707435718993
          ],
          [
            -38.287004864489944,
            -3.3912439193884385
          ],
          [
            -38.273106323836714,
            -3.4086170952049777
          ],
          [
            -38.259207783183484,
            -3.425990271021517
          ],
          [
            -38.245309242530254,
            -3.443363446838056
          ],
          [
            -38.231410701877024,
            -3.4607366226545953
          ],
          [
            -38.217512161223794,
            -3.4781097984711344
          ],
          [
            -38.203613620570565,
            -3.4954829742876736
          ],
          [
            -38.189715079917335,
            -3.512856150104213
          ],
          [
            -38.175816539264105,
            -3.530229325920752
          ],
          [
            -38.161917998610875,
            -3.547602501737291
          ],
          [
            -38.148019457957645,
            -3.5649756775538304
          ],
          [
            -38.134120917304415,
            -3.5823488533703696
          ],
          [
            -38.120222376651185,
            -3.5997220291869088
          ],
          [
            -38.106323835997955,
            -3.617095205003448
          ],
          [
            -38.092425295344725,
            -3.634468380819987
          ],
          [
            -38.078526754691495,
            -3.6518415566365263
          ],
          [
            -38.064628214038265,
            -3.6692147324530655
          ],
          [
            -38.050729673385035,
            -3.6865879082696047
          ],
          [
            -38.036831132731805,
            -3.703961084086144
          ],
          [
            -38.022932592078575,
            -3.721334259902683
          ],
          [
            -38.009034051425346,
            -3.7387074357192223
          ],
          [
            -37.995135510772116,
            -3.7560806115357614
          ],
          [
            -37.981236970118886,
            -3.7734537873523006
          ],
          [
            -37.967338429465656,
            -3.79082696316884
          ],
          [
            -37.953439888812426,
            -3.808200138985379
          ],
          [
            -37.939541348159196,
            -3.825573314801918
          ],
          [
            -37.925642807505966,
            -3.8429464906184574
          ],
          [
            -37.911744266852736,
            -3.8603196664349966
          ],
          [
            -37.897845726199506,
            -3.8776928422515358
          ],
          [
            -37.883947185546276,
            -3.895066018068075
          ],
          [
            -37.870048644893046,
            -3.912439193884614
          ],
          [
            -37.856150104239816,
            -3.9298123697011533
          ],
          [
            -37.842251563586586,
            -3.9471855455176925
          ],
          [
            -37.828353022933356,
            -3.9645587213342317
          ],
          [
            -37.81445448228013,
            -3.981931897150771
          ],
          [
            -37.8005559416269,
            -3.99930507296731
          ],
          [
            -37.78665740097367,
            -4.016678248783849
          ],
          [
            -37.77275886032044,
            -4.0340514246003885
          ],
          [
            -37.75886031966721,
            -4.051424600416928
          ],
          [
            -37.74496177901398,
            -4.068797776233467
          ],
          [
            -37.73106323836075,
            -4.086170952050006
          ],
          [
            -37.71716469770752,
            -4.103544127866545
          ],
          [
            -37.70326615705429,
            -4.120917303683084
          ],
          [
            -37.68936761640106,
            -4.138290479499624
          ],
          [
            -37.67546907574783,
            -4.155663655316163
          ],
          [
            -37.6615705350946,
            -4.173036831132702
          ],
          [
            -37.64767199444137,
            -4.190410006949241
          ],
          [
            -37.63377345378814,
            -4.20778318276578
          ],
          [
            -37.61987491313491,
            -4.2251563585823195
          ],
          [
            -37.60597637248168,
            -4.242529534398859
          ],
          [
            -37.59207783182845,
            -4.259902710215398
          ],
          [
            -37.57817929117522,
            -4.277275886031937
          ],
          [
            -37.56428075052199,
            -4.294649061848476
          ],
          [
            -37.55038220986876,
            -4.3120222376650155
          ],
          [
            -37.53648366921553,
            -4.329395413481555
          ],
          [
            -37.5225851285623,
            -4.346768589298094
          ],
          [
            -37.50868658790907,
            -4.364141765114633
          ],
          [
            -37.49478804725584,
            -4.381514940931172
          ],
          [
            -37.48088950660261,
            -4.398888116747711
          ],
          [
            -37.46699096594938,
            -4.416261292564251
          ],
          [
            -37.45309242529615,
            -4.43363446838079
          ],
          [
            -37.43919388464292,
            -4.451007644197329
          ],
          [
            -37.42529534398969,
            -4.468380820013868
          ],
          [
            -37.41139680333646,
            -4.485753995830407
          ],
          [
            -37.39749826268323,
            -4.5031271716469465
          ],
          [
            -37.38359972203,
            -4.520500347463486
          ],
          [
            -37.36970118137677,
            -4.537873523280025
          ],
          [
            -37.35580264072354,
            -4.555246699096564
          ],
          [
            -37.34190410007031,
            -4.572619874913103
          ],
          [
            -37.32800555941708,
            -4.5899930507296425
          ],
          [
            -37.31410701876385,
            -4.607366226546182
          ],
          [
            -37.30020847811062,
            -4.624739402362721
          ],
          [
            -37.28630993745739,
            -4.64211257817926
          ],
          [
            -37.27241139680416,
            -4.659485753995799
          ],
          [
            -37.25851285615093,
            -4.676858929812338
          ],
          [
            -37.2446143154977,
            -4.694232105628878
          ],
          [
            -37.23071577484447,
            -4.711605281445417
          ],
          [
            -37.21681723419124,
            -4.728978457261956
          ],
          [
            -37.20291869353801,
            -4.746351633078495
          ],
          [
            -37.18902015288478,
            -4.763724808895034
          ],
          [
            -37.17512161223155,
            -4.7810979847115735
          ],
          [
            -37.16122307157832,
            -4.798471160528113
          ],
          [
            -37.14732453092509,
            -4.815844336344652
          ],
          [
            -37.13342599027186,
            -4.833217512161191
          ],
          [
            -37.11952744961863,
            -4.85059068797773
          ],
          [
            -37.1056289089654,
            -4.8679638637942695
          ],
          [
            -37.09173036831217,
            -4.885337039610809
          ],
          [
            -37.07783182765894,
            -4.902710215427348
          ],
          [
            -37.06393328700571,
            -4.920083391243887
          ],
          [
            -37.05003474635248,
            -4.937456567060426
          ],
          [
            -37.03613620569925,
            -4.954829742876965
          ],
          [
            -37.02223766504602,
            -4.972202918693505
          ],
          [
            -37.00833912439279,
            -4.989576094510044
          ],
          [
            -36.99444058373956,
            -5.006949270326583
          ],
          [
            -36.98054204308633,
            -5.024322446143122
          ],
          [
            -36.9666435024331,
            -5.041695621959661
          ],
          [
            -36.95274496177987,
            -5.0590687977762006
          ],
          [
            -36.93884642112664,
            -5.07644197359274
          ],
          [
            -36.92494788047341,
            -5.093815149409279
          ],
          [
            -36.91104933982018,
            -5.111188325225818
          ],
          [
            -36.89715079916695,
            -5.128561501042357
          ],
          [
            -36.88325225851372,
            -5.1459346768588965
          ],
          [
            -36.86935371786049,
            -5.163307852675436
          ],
          [
            -36.85545517720726,
            -5.180681028491975
          ],
          [
            -36.84155663655403,
            -5.198054204308514
          ],
          [
            -36.8276580959008,
            -5.215427380125053
          ],
          [
            -36.81375955524757,
            -5.232800555941592
          ],
          [
            -36.79986101459434,
            -5.250173731758132
          ],
          [
            -36.78596247394111,
            -5.267546907574671
          ],
          [
            -36.77206393328788,
            -5.28492008339121
          ],
          [
            -36.75816539263465,
            -5.302293259207749
          ],
          [
            -36.74426685198142,
            -5.319666435024288
          ],
          [
            -36.73036831132819,
            -5.337039610840828
          ],
          [
            -36.71646977067496,
            -5.354412786657367
          ],
          [
            -36.70257123002173,
            -5.371785962473906
          ],
          [
            -36.6886726893685,
            -5.389159138290445
          ],
          [
            -36.67477414871527,
            -5.406532314106984
          ],
          [
            -36.66087560806204,
            -5.4239054899235235
          ],
          [
            -36.64697706740881,
            -5.441278665740063
          ],
          [
            -36.63307852675558,
            -5.458651841556602
          ],
          [
            -36.61917998610235,
            -5.476025017373141
          ],
          [
            -36.60528144544912,
            -5.49339819318968
          ],
          [
            -36.59138290479589,
            -5.5107713690062194
          ],
          [
            -36.57748436414266,
            -5.528144544822759
          ],
          [
            -36.56358582348943,
            -5.545517720639298
          ],
          [
            -36.5496872828362,
            -5.562890896455837
          ],
          [
            -36.53578874218297,
            -5.580264072272376
          ],
          [
            -36.52189020152974,
            -5.597637248088915
          ],
          [
            -36.50799166087651,
            -5.615010423905455
          ],
          [
            -36.49409312022328,
            -5.632383599721994
          ],
          [
            -36.48019457957005,
            -5.649756775538533
          ],
          [
            -36.46629603891682,
            -5.667129951355072
          ],
          [
            -36.45239749826359,
            -5.684503127171611
          ],
          [
            -36.43849895761036,
            -5.7018763029881505
          ],
          [
            -36.424600416957134,
            -5.71924947880469
          ],
          [
            -36.410701876303904,
            -5.736622654621229
          ],
          [
            -36.396803335650674,
            -5.753995830437768
          ],
          [
            -36.382904794997444,
            -5.771369006254307
          ],
          [
            -36.369006254344214,
            -5.7887421820708465
          ],
          [
            -36.355107713690984,
            -5.806115357887386
          ],
          [
            -36.341209173037754,
            -5.823488533703925
          ],
          [
            -36.327310632384524,
            -5.840861709520464
          ],
          [
            -36.313412091731294,
            -5.858234885337003
          ],
          [
            -36.299513551078064,
            -5.875608061153542
          ],
          [
            -36.285615010424834,
            -5.892981236970082
          ],
          [
            -36.271716469771604,
            -5.910354412786621
          ],
          [
            -36.257817929118374,
            -5.92772758860316
          ],
          [
            -36.243919388465144,
            -5.945100764419699
          ],
          [
            -36.230020847811915,
            -5.962473940236238
          ],
          [
            -36.216122307158685,
            -5.9798471160527775
          ],
          [
            -36.202223766505455,
            -5.997220291869317
          ],
          [
            -36.188325225852225,
            -6.014593467685856
          ],
          [
            -36.174426685198995,
            -6.031966643502395
          ],
          [
            -36.160528144545765,
            -6.049339819318934
          ],
          [
            -36.146629603892535,
            -6.0667129951354735
          ],
          [
            -36.132731063239305,
            -6.084086170952013
          ],
          [
            -36.118832522586075,
            -6.101459346768552
          ],
          [
            -36.104933981932845,
            -6.118832522585091
          ],
          [
            -36.091035441279615,
            -6.13620569840163
          ],
          [
            -36.077136900626385,
            -6.153578874218169
          ],
          [
            -36.063238359973155,
            -6.170952050034709
          ],
          [
            -36.049339819319925,
            -6.188325225851248
          ],
          [
            -36.035441278666696,
            -6.205698401667787
          ],
          [
            -36.021542738013466,
            -6.223071577484326
          ],
          [
            -36.007644197360236,
            -6.240444753300865
          ],
          [
            -35.993745656707006,
            -6.2578179291174045
          ],
          [
            -35.979847116053776,
            -6.275191104933944
          ],
          [
            -35.965948575400546,
            -6.292564280750483
          ],
          [
            -35.952050034747316,
            -6.309937456567022
          ],
          [
            -35.938151494094086,
            -6.327310632383561
          ],
          [
            -35.924252953440856,
            -6.3446838082001005
          ],
          [
            -35.910354412787626,
            -6.36205698401664
          ],
          [
            -35.896455872134396,
            -6.379430159833179
          ],
          [
            -35.882557331481166,
            -6.396803335649718
          ],
          [
            -35.868658790827936,
            -6.414176511466257
          ],
          [
            -35.85476025017471,
            -6.431549687282796
          ],
          [
            -35.84086170952148,
            -6.448922863099336
          ],
          [
            -35.82696316886825,
            -6.466296038915875
          ],
          [
            -35.81306462821502,
            -6.483669214732414
          ],
          [
            -35.79916608756179,
            -6.501042390548953
          ],
          [
            -35.78526754690856,
            -6.518415566365492
          ],
          [
            -35.77136900625533,
            -6.5357887421820315
          ],
          [
            -35.7574704656021,
            -6.553161917998571
          ],
          [
            -35.74357192494887,
            -6.57053509381511
          ],
          [
            -35.72967338429564,
            -6.587908269631649
          ],
          [
            -35.71577484364241,
            -6.605281445448188
          ],
          [
            -35.70187630298918,
            -6.6226546212647275
          ],
          [
            -35.68797776233595,
            -6.640027797081267
          ],
          [
            -35.67407922168272,
            -6.657400972897806
          ],
          [
            -35.66018068102949,
            -6.674774148714345
          ],
          [
            -35.64628214037626,
            -6.692147324530884
          ],
          [
            -35.63238359972303,
            -6.709520500347423
          ],
          [
            -35.6184850590698,
            -6.726893676163963
          ],
          [
            -35.60458651841657,
            -6.744266851980502
          ],
          [
            -35.59068797776334,
            -6.761640027797041
          ],
          [
            -35.57678943711011,
            -6.77901320361358
          ],
          [
            -35.56289089645688,
            -6.796386379430119
          ],
          [
            -35.54899235580365,
            -6.8137595552466586
          ],
          [
            -35.53509381515042,
            -6.831132731063198
          ],
          [
            -35.52119527449719,
            -6.848505906879737
          ],
          [
            -35.50729673384396,
            -6.865879082696276
          ],
          [
            -35.49339819319073,
            -6.883252258512815
          ],
          [
            -35.4794996525375,
            -6.9006254343293545
          ],
          [
            -35.46560111188427,
            -6.917998610145894
          ],
          [
            -35.45170257123104,
            -6.935371785962433
          ],
          [
            -35.43780403057781,
            -6.952744961778972
          ],
          [
            -35.42390548992458,
            -6.970118137595511
          ],
          [
            -35.41000694927135,
            -6.98749131341205
          ],
          [
            -35.39610840861812,
            -7.00486448922859
          ],
          [
            -35.38220986796489,
            -7.022237665045129
          ],
          [
            -35.36831132731166,
            -7.039610840861668
          ],
          [
            -35.35441278665843,
            -7.056984016678207
          ],
          [
            -35.3405142460052,
            -7.074357192494746
          ],
          [
            -35.32661570535197,
            -7.091730368311286
          ],
          [
            -35.31271716469874,
            -7.109103544127825
          ],
          [
            -35.29881862404551,
            -7.126476719944364
          ],
          [
            -35.28492008339228,
            -7.143849895760903
          ],
          [
            -35.27102154273905,
            -7.161223071577442
          ],
          [
            -35.25712300208582,
            -7.1785962473939815
          ],
          [
            -35.24322446143259,
            -7.195969423210521
          ],
          [
            -35.22932592077936,
            -7.21334259902706
          ],
          [
            -35.21542738012613,
            -7.230715774843599
          ],
          [
            -35.2015288394729,
            -7.248088950660138
          ],
          [
            -35.18763029881967,
            -7.265462126476677
          ],
          [
            -35.17373175816644,
            -7.282835302293217
          ],
          [
            -35.15983321751321,
            -7.300208478109756
          ],
          [
            -35.14593467685998,
            -7.317581653926295
          ],
          [
            -35.13203613620675,
            -7.334954829742834
          ],
          [
            -35.11813759555352,
            -7.352328005559373
          ],
          [
            -35.10423905490029,
            -7.369701181375913
          ],
          [
            -35.09034051424706,
            -7.387074357192452
          ],
          [
            -35.07644197359383,
            -7.404447533008991
          ],
          [
            -35.0625434329406,
            -7.42182070882553
          ],
          [
            -35.04864489228737,
            -7.439193884642069
          ],
          [
            -35.03474635163414,
            -7.4565670604586085
          ],
          [
            -35.02084781098091,
            -7.473940236275148
          ],
          [
            -35.00694927032768,
            -7.491313412091687
          ],
          [
            -33.992355802641896,
            -8.759555246699048
          ],
          [
            -33.978457261988666,
            -8.776928422515587
          ],
          [
            -33.964558721335436,
            -8.794301598332126
          ],
          [
            -33.950660180682206,
            -8.811674774148665
          ],
          [
            -33.936761640028976,
            -8.829047949965204
          ],
          [
            -33.922863099375746,
            -8.846421125781744
          ],
          [
            -33.908964558722516,
            -8.863794301598283
          ],
          [
            -33.895066018069286,
            -8.881167477414822
          ],
          [
            -33.88116747741606,
            -8.898540653231361
          ],
          [
            -33.86726893676283,
            -8.9159138290479
          ],
          [
            -33.8533703961096,
            -8.93328700486444
          ],
          [
            -33.83947185545637,
            -8.950660180680979
          ],
          [
            -33.82557331480314,
            -8.968033356497518
          ],
          [
            -33.81167477414991,
            -8.985406532314057
          ],
          [
            -33.79777623349668,
            -9.002779708130596
          ],
          [
            -33.78387769284345,
            -9.020152883947135
          ],
          [
            -33.76997915219022,
            -9.037526059763675
          ],
          [
            -33.75608061153699,
            -9.054899235580214
          ],
          [
            -33.74218207088376,
            -9.072272411396753
          ],
          [
            -33.72828353023053,
            -9.089645587213292
          ],
          [
            -33.7143849895773,
            -9.107018763029831
          ],
          [
            -33.70048644892407,
            -9.12439193884637
          ],
          [
            -33.68658790827084,
            -9.14176511466291
          ],
          [
            -33.67268936761761,
            -9.159138290479449
          ],
          [
            -33.65879082696438,
            -9.176511466295988
          ],
          [
            -33.64489228631115,
            -9.193884642112527
          ],
          [
            -33.63099374565792,
            -9.211257817929067
          ],
          [
            -33.61709520500469,
            -9.228630993745606
          ],
          [
            -33.60319666435146,
            -9.246004169562145
          ],
          [
            -33.58929812369823,
            -9.263377345378684
          ],
          [
            -33.575399583045,
            -9.280750521195223
          ],
          [
            -33.56150104239177,
            -9.298123697011762
          ],
          [
            -33.54760250173854,
            -9.315496872828302
          ],
          [
            -33.53370396108531,
            -9.33287004864484
          ],
          [
            -33.51980542043208,
            -9.35024322446138
          ],
          [
            -33.50590687977885,
            -9.36761640027792
          ],
          [
            -33.49200833912562,
            -9.384989576094458
          ],
          [
            -33.47810979847239,
            -9.402362751910998
          ],
          [
            -33.46421125781916,
            -9.419735927727537
          ],
          [
            -33.45031271716593,
            -9.437109103544076
          ],
          [
            -33.4364141765127,
            -9.454482279360615
          ],
          [
            -33.42251563585947,
            -9.471855455177154
          ],
          [
            -33.40861709520624,
            -9.489228630993694
          ],
          [
            -33.39471855455301,
            -9.506601806810233
          ],
          [
            -33.38082001389978,
            -9.523974982626772
          ],
          [
            -33.36692147324655,
            -9.541348158443311
          ],
          [
            -33.35302293259332,
            -9.55872133425985
          ],
          [
            -33.33912439194009,
            -9.57609451007639
          ],
          [
            -33.32522585128686,
            -9.593467685892929
          ],
          [
            -33.31132731063363,
            -9.610840861709468
          ],
          [
            -33.2974287699804,
            -9.628214037526007
          ],
          [
            -33.28353022932717,
            -9.645587213342546
          ],
          [
            -33.26963168867394,
            -9.662960389159085
          ],
          [
            -33.25573314802071,
            -9.680333564975625
          ],
          [
            -33.24183460736748,
            -9.697706740792164
          ],
          [
            -33.22793606671425,
            -9.715079916608703
          ],
          [
            -33.21403752606102,
            -9.732453092425242
          ],
          [
            -33.20013898540779,
            -9.749826268241781
          ],
          [
            -33.18624044475456,
            -9.76719944405832
          ],
          [
            -33.17234190410133,
            -9.78457261987486
          ],
          [
            -33.1584433634481,
            -9.801945795691399
          ],
          [
            -33.14454482279487,
            -9.819318971507938
          ],
          [
            -33.13064628214164,
            -9.836692147324477
          ],
          [
            -33.11674774148841,
            -9.854065323141016
          ],
          [
            -33.10284920083518,
            -9.871438498957556
          ],
          [
            -33.08895066018195,
            -9.888811674774095
          ],
          [
            -33.07505211952872,
            -9.906184850590634
          ],
          [
            -33.06115357887549,
            -9.923558026407173
          ],
          [
            -33.04725503822226,
            -9.940931202223712
          ],
          [
            -33.03335649756903,
            -9.958304378040252
          ],
          [
            -33.0194579569158,
            -9.97567755385679
          ],
          [
            -33.00555941626257,
            -9.99305072967333
          ],
          [
            -32.99166087560934,
            -10.01042390548987
          ],
          [
            -32.97776233495611,
            -10.027797081306408
          ],
          [
            -32.96386379430288,
            -10.045170257122948
          ],
          [
            -32.94996525364965,
            -10.062543432939487
          ],
          [
            -32.93606671299642,
            -10.079916608756026
          ],
          [
            -32.92216817234319,
            -10.097289784572565
          ],
          [
            -32.90826963168996,
            -10.114662960389104
          ],
          [
            -32.89437109103673,
            -10.132036136205643
          ],
          [
            -32.8804725503835,
            -10.149409312022183
          ],
          [
            -32.86657400973027,
            -10.166782487838722
          ],
          [
            -32.85267546907704,
            -10.184155663655261
          ],
          [
            -32.83877692842381,
            -10.2015288394718
          ],
          [
            -32.82487838777058,
            -10.21890201528834
          ],
          [
            -32.81097984711735,
            -10.236275191104879
          ],
          [
            -32.79708130646412,
            -10.253648366921418
          ],
          [
            -32.78318276581089,
            -10.271021542737957
          ],
          [
            -32.76928422515766,
            -10.288394718554496
          ],
          [
            -32.75538568450443,
            -10.305767894371035
          ],
          [
            -32.7414871438512,
            -10.323141070187575
          ],
          [
            -32.72758860319797,
            -10.340514246004114
          ],
          [
            -32.71369006254474,
            -10.357887421820653
          ],
          [
            -32.69979152189151,
            -10.375260597637192
          ],
          [
            -32.68589298123828,
            -10.392633773453731
          ],
          [
            -32.67199444058505,
            -10.41000694927027
          ],
          [
            -32.65809589993182,
            -10.42738012508681
          ],
          [
            -32.64419735927859,
            -10.444753300903349
          ],
          [
            -32.63029881862536,
            -10.462126476719888
          ],
          [
            -32.61640027797213,
            -10.479499652536427
          ],
          [
            -32.6025017373189,
            -10.496872828352966
          ],
          [
            -32.58860319666567,
            -10.514246004169506
          ],
          [
            -32.57470465601244,
            -10.531619179986045
          ],
          [
            -32.56080611535921,
            -10.548992355802584
          ],
          [
            -32.54690757470598,
            -10.566365531619123
          ],
          [
            -32.53300903405275,
            -10.583738707435662
          ],
          [
            -32.51911049339952,
            -10.601111883252202
          ],
          [
            -32.50521195274629,
            -10.61848505906874
          ],
          [
            -32.491313412093064,
            -10.63585823488528
          ],
          [
            -32.477414871439834,
            -10.65323141070182
          ],
          [
            -32.463516330786604,
            -10.670604586518358
          ],
          [
            -32.449617790133374,
            -10.687977762334897
          ],
          [
            -32.435719249480144,
            -10.705350938151437
          ],
          [
            -32.421820708826914,
            -10.722724113967976
          ],
          [
            -32.407922168173684,
            -10.740097289784515
          ],
          [
            -32.394023627520454,
            -10.757470465601054
          ],
          [
            -32.380125086867224,
            -10.774843641417593
          ],
          [
            -32.366226546213994,
            -10.792216817234133
          ],
          [
            -32.352328005560764,
            -10.809589993050672
          ],
          [
            -32.338429464907534,
            -10.826963168867211
          ],
          [
            -32.324530924254304,
            -10.84433634468375
          ],
          [
            -32.310632383601074,
            -10.86170952050029
          ],
          [
            -32.296733842947845,
            -10.879082696316829
          ],
          [
            -32.282835302294615,
            -10.896455872133368
          ],
          [
            -32.268936761641385,
            -10.913829047949907
          ],
          [
            -32.255038220988155,
            -10.931202223766446
          ],
          [
            -32.241139680334925,
            -10.948575399582985
          ],
          [
            -32.227241139681695,
            -10.965948575399525
          ],
          [
            -32.213342599028465,
            -10.983321751216064
          ],
          [
            -32.199444058375235,
            -11.000694927032603
          ],
          [
            -32.185545517722005,
            -11.018068102849142
          ],
          [
            -32.171646977068775,
            -11.035441278665681
          ],
          [
            -32.157748436415545,
            -11.05281445448222
          ],
          [
            -32.143849895762315,
            -11.07018763029876
          ],
          [
            -32.129951355109085,
            -11.087560806115299
          ],
          [
            -32.116052814455855,
            -11.104933981931838
          ],
          [
            -32.102154273802626,
            -11.122307157748377
          ],
          [
            -32.088255733149396,
            -11.139680333564916
          ],
          [
            -32.074357192496166,
            -11.157053509381456
          ],
          [
            -32.060458651842936,
            -11.174426685197995
          ],
          [
            -32.046560111189706,
            -11.191799861014534
          ],
          [
            -32.032661570536476,
            -11.209173036831073
          ],
          [
            -32.018763029883246,
            -11.226546212647612
          ],
          [
            -32.004864489230016,
            -11.243919388464152
          ],
          [
            -31.990965948576786,
            -11.26129256428069
          ],
          [
            -31.977067407923556,
            -11.27866574009723
          ],
          [
            -31.963168867270326,
            -11.296038915913769
          ],
          [
            -31.949270326617096,
            -11.313412091730308
          ],
          [
            -31.935371785963866,
            -11.330785267546847
          ],
          [
            -31.921473245310636,
            -11.348158443363387
          ],
          [
            -31.907574704657407,
            -11.365531619179926
          ],
          [
            -31.893676164004177,
            -11.382904794996465
          ],
          [
            -31.879777623350947,
            -11.400277970813004
          ],
          [
            -31.865879082697717,
            -11.417651146629543
          ],
          [
            -31.851980542044487,
            -11.435024322446083
          ],
          [
            -31.838082001391257,
            -11.452397498262622
          ],
          [
            -31.824183460738027,
            -11.469770674079161
          ],
          [
            -31.810284920084797,
            -11.4871438498957
          ],
          [
            -31.796386379431567,
            -11.50451702571224
          ],
          [
            -31.782487838778337,
            -11.521890201528779
          ],
          [
            -31.768589298125107,
            -11.539263377345318
          ],
          [
            -31.754690757471877,
            -11.556636553161857
          ],
          [
            -31.740792216818647,
            -11.574009728978396
          ],
          [
            -31.726893676165417,
            -11.591382904794935
          ],
          [
            -31.712995135512188,
            -11.608756080611474
          ],
          [
            -31.699096594858958,
            -11.626129256428014
          ],
          [
            -31.685198054205728,
            -11.643502432244553
          ],
          [
            -31.671299513552498,
            -11.660875608061092
          ],
          [
            -31.657400972899268,
            -11.678248783877631
          ],
          [
            -31.643502432246038,
            -11.69562195969417
          ],
          [
            -31.629603891592808,
            -11.71299513551071
          ],
          [
            -31.615705350939578,
            -11.730368311327249
          ],
          [
            -31.601806810286348,
            -11.747741487143788
          ],
          [
            -31.587908269633118,
            -11.765114662960327
          ],
          [
            -31.574009728979888,
            -11.782487838776866
          ],
          [
            -31.56011118832666,
            -11.799861014593406
          ],
          [
            -31.54621264767343,
            -11.817234190409945
          ],
          [
            -31.5323141070202,
            -11.834607366226484
          ],
          [
            -31.51841556636697,
            -11.851980542043023
          ],
          [
            -31.50451702571374,
            -11.869353717859562
          ],
          [
            -31.49061848506051,
            -11.886726893676101
          ],
          [
            -31.47671994440728,
            -11.90410006949264
          ],
          [
            -31.46282140375405,
            -11.92147324530918
          ],
          [
            -31.44892286310082,
            -11.938846421125719
          ],
          [
            -31.43502432244759,
            -11.956219596942258
          ],
          [
            -31.42112578179436,
            -11.973592772758797
          ],
          [
            -31.40722724114113,
            -11.990965948575337
          ],
          [
            -31.3933287004879,
            -12.008339124391876
          ],
          [
            -31.37943015983467,
            -12.025712300208415
          ],
          [
            -31.36553161918144,
            -12.043085476024954
          ],
          [
            -31.35163307852821,
            -12.060458651841493
          ],
          [
            -31.33773453787498,
            -12.077831827658033
          ],
          [
            -31.32383599722175,
            -12.095205003474572
          ],
          [
            -31.30993745656852,
            -12.112578179291111
          ],
          [
            -31.29603891591529,
            -12.12995135510765
          ],
          [
            -31.28214037526206,
            -12.14732453092419
          ],
          [
            -31.26824183460883,
            -12.164697706740728
          ],
          [
            -31.2543432939556,
            -12.182070882557268
          ],
          [
            -31.24044475330237,
            -12.199444058373807
          ],
          [
            -31.22654621264914,
            -12.216817234190346
          ],
          [
            -31.21264767199591,
            -12.234190410006885
          ],
          [
            -31.19874913134268,
            -12.251563585823424
          ],
          [
            -31.18485059068945,
            -12.268936761639964
          ],
          [
            -31.17095205003622,
            -12.286309937456503
          ],
          [
            -31.15705350938299,
            -12.303683113273042
          ],
          [
            -31.14315496872976,
            -12.321056289089581
          ],
          [
            -31.12925642807653,
            -12.33842946490612
          ],
          [
            -31.1153578874233,
            -12.35580264072266
          ],
          [
            -31.10145934677007,
            -12.373175816539199
          ],
          [
            -31.08756080611684,
            -12.390548992355738
          ],
          [
            -31.07366226546361,
            -12.407922168172277
          ],
          [
            -31.05976372481038,
            -12.425295343988816
          ],
          [
            -31.04586518415715,
            -12.442668519805355
          ],
          [
            -31.03196664350392,
            -12.460041695621895
          ],
          [
            -31.01806810285069,
            -12.477414871438434
          ],
          [
            -31.00416956219746,
            -12.494788047254973
          ],
          [
            -30.99027102154423,
            -12.512161223071512
          ],
          [
            -30.976372480891,
            -12.529534398888051
          ],
          [
            -30.96247394023777,
            -12.54690757470459
          ],
          [
            -30.94857539958454,
            -12.56428075052113
          ],
          [
            -30.93467685893131,
            -12.581653926337669
          ],
          [
            -30.92077831827808,
            -12.599027102154208
          ],
          [
            -30.90687977762485,
            -12.616400277970747
          ],
          [
            -30.89298123697162,
            -12.633773453787287
          ],
          [
            -30.87908269631839,
            -12.651146629603826
          ],
          [
            -30.865184155665162,
            -12.668519805420365
          ],
          [
            -30.851285615011932,
            -12.685892981236904
          ],
          [
            -30.837387074358702,
            -12.703266157053443
          ],
          [
            -30.823488533705472,
            -12.720639332869982
          ],
          [
            -30.809589993052242,
            -12.738012508686522
          ],
          [
            -30.795691452399012,
            -12.75538568450306
          ],
          [
            -30.781792911745782,
            -12.7727588603196
          ],
          [
            -30.767894371092552,
            -12.79013203613614
          ],
          [
            -30.753995830439322,
            -12.807505211952678
          ],
          [
            -30.740097289786092,
            -12.824878387769218
          ],
          [
            -30.726198749132863,
            -12.842251563585757
          ],
          [
            -30.712300208479633,
            -12.859624739402296
          ],
          [
            -30.698401667826403,
            -12.876997915218835
          ],
          [
            -30.684503127173173,
            -12.894371091035374
          ],
          [
            -30.670604586519943,
            -12.911744266851914
          ],
          [
            -30.656706045866713,
            -12.929117442668453
          ],
          [
            -30.642807505213483,
            -12.946490618484992
          ],
          [
            -30.628908964560253,
            -12.963863794301531
          ],
          [
            -30.615010423907023,
            -12.98123697011807
          ],
          [
            -30.601111883253793,
            -12.99861014593461
          ],
          [
            -30.587213342600563,
            -13.015983321751149
          ],
          [
            -30.573314801947333,
            -13.033356497567688
          ],
          [
            -30.559416261294103,
            -13.050729673384227
          ],
          [
            -30.545517720640873,
            -13.068102849200766
          ],
          [
            -30.531619179987644,
            -13.085476025017305
          ],
          [
            -30.517720639334414,
            -13.102849200833845
          ],
          [
            -30.503822098681184,
            -13.120222376650384
          ],
          [
            -30.489923558027954,
            -13.137595552466923
          ],
          [
            -30.476025017374724,
            -13.154968728283462
          ],
          [
            -30.462126476721494,
            -13.172341904100001
          ],
          [
            -30.448227936068264,
            -13.18971507991654
          ],
          [
            -30.434329395415034,
            -13.20708825573308
          ],
          [
            -30.420430854761804,
            -13.224461431549619
          ],
          [
            -30.406532314108574,
            -13.241834607366158
          ],
          [
            -30.392633773455344,
            -13.259207783182697
          ],
          [
            -30.378735232802114,
            -13.276580958999237
          ],
          [
            -30.364836692148884,
            -13.293954134815776
          ],
          [
            -30.350938151495654,
            -13.311327310632315
          ],
          [
            -30.337039610842425,
            -13.328700486448854
          ],
          [
            -30.323141070189195,
            -13.346073662265393
          ],
          [
            -30.309242529535965,
            -13.363446838081932
          ],
          [
            -30.295343988882735,
            -13.380820013898472
          ],
          [
            -30.281445448229505,
            -13.39819318971501
          ],
          [
            -30.267546907576275,
            -13.41556636553155
          ],
          [
            -30.253648366923045,
            -13.43293954134809
          ],
          [
            -30.239749826269815,
            -13.450312717164628
          ],
          [
            -30.225851285616585,
            -13.467685892981168
          ],
          [
            -30.211952744963355,
            -13.485059068797707
          ],
          [
            -30.198054204310125,
            -13.502432244614246
          ],
          [
            -30.184155663656895,
            -13.519805420430785
          ],
          [
            -30.170257123003665,
            -13.537178596247324
          ],
          [
            -30.156358582350435,
            -13.554551772063864
          ],
          [
            -30.142460041697205,
            -13.571924947880403
          ],
          [
            -30.128561501043976,
            -13.589298123696942
          ],
          [
            -30.114662960390746,
            -13.606671299513481
          ],
          [
            -30.100764419737516,
            -13.62404447533002
          ],
          [
            -30.086865879084286,
            -13.64141765114656
          ],
          [
            -30.072967338431056,
            -13.658790826963099
          ],
          [
            -30.059068797777826,
            -13.676164002779638
          ],
          [
            -30.045170257124596,
            -13.693537178596177
          ],
          [
            -30.031271716471366,
            -13.710910354412716
          ],
          [
            -30.017373175818136,
            -13.728283530229255
          ],
          [
            -30.003474635164906,
            -13.745656706045795
          ],
          [
            -29.989576094511676,
            -13.763029881862334
          ],
          [
            -29.975677553858446,
            -13.780403057678873
          ],
          [
            -29.961779013205216,
            -13.797776233495412
          ],
          [
            -29.947880472551986,
            -13.815149409311951
          ],
          [
            -29.933981931898757,
            -13.83252258512849
          ],
          [
            -29.920083391245527,
            -13.84989576094503
          ],
          [
            -29.906184850592297,
            -13.867268936761569
          ],
          [
            -29.892286309939067,
            -13.884642112578108
          ],
          [
            -29.878387769285837,
            -13.902015288394647
          ],
          [
            -29.864489228632607,
            -13.919388464211186
          ],
          [
            -29.850590687979377,
            -13.936761640027726
          ],
          [
            -29.836692147326147,
            -13.954134815844265
          ],
          [
            -29.822793606672917,
            -13.971507991660804
          ],
          [
            -29.808895066019687,
            -13.988881167477343
          ],
          [
            -29.794996525366457,
            -14.006254343293882
          ],
          [
            -29.781097984713227,
            -14.023627519110422
          ],
          [
            -29.767199444059997,
            -14.04100069492696
          ],
          [
            -29.753300903406767,
            -14.0583738707435
          ],
          [
            -29.739402362753538,
            -14.07574704656004
          ],
          [
            -29.725503822100308,
            -14.093120222376578
          ],
          [
            -29.711605281447078,
            -14.110493398193118
          ],
          [
            -29.697706740793848,
            -14.127866574009657
          ],
          [
            -29.683808200140618,
            -14.145239749826196
          ],
          [
            -29.669909659487388,
            -14.162612925642735
          ],
          [
            -29.656011118834158,
            -14.179986101459274
          ],
          [
            -29.642112578180928,
            -14.197359277275813
          ],
          [
            -29.628214037527698,
            -14.214732453092353
          ],
          [
            -29.614315496874468,
            -14.232105628908892
          ],
          [
            -29.60041695622124,
            -14.249478804725431
          ],
          [
            -29.58651841556801,
            -14.26685198054197
          ],
          [
            -29.57261987491478,
            -14.28422515635851
          ],
          [
            -29.55872133426155,
            -14.301598332175049
          ],
          [
            -29.54482279360832,
            -14.318971507991588
          ],
          [
            -29.53092425295509,
            -14.336344683808127
          ],
          [
            -29.51702571230186,
            -14.353717859624666
          ],
          [
            -29.50312717164863,
            -14.371091035441205
          ],
          [
            -29.4892286309954,
            -14.388464211257745
          ],
          [
            -29.47533009034217,
            -14.405837387074284
          ],
          [
            -29.46143154968894,
            -14.423210562890823
          ],
          [
            -29.44753300903571,
            -14.440583738707362
          ],
          [
            -29.43363446838248,
            -14.457956914523901
          ],
          [
            -29.41973592772925,
            -14.47533009034044
          ],
          [
            -29.40583738707602,
            -14.49270326615698
          ],
          [
            -29.39193884642279,
            -14.510076441973519
          ],
          [
            -29.37804030576956,
            -14.527449617790058
          ],
          [
            -29.36414176511633,
            -14.544822793606597
          ],
          [
            -29.3502432244631,
            -14.562195969423136
          ],
          [
            -29.33634468380987,
            -14.579569145239676
          ],
          [
            -29.32244614315664,
            -14.596942321056215
          ],
          [
            -29.30854760250341,
            -14.614315496872754
          ],
          [
            -29.29464906185018,
            -14.631688672689293
          ],
          [
            -29.28075052119695,
            -14.649061848505832
          ],
          [
            -29.26685198054372,
            -14.666435024322372
          ],
          [
            -29.25295343989049,
            -14.68380820013891
          ],
          [
            -29.23905489923726,
            -14.70118137595545
          ],
          [
            -29.22515635858403,
            -14.71855455177199
          ],
          [
            -29.2112578179308,
            -14.735927727588528
          ],
          [
            -29.19735927727757,
            -14.753300903405068
          ],
          [
            -29.18346073662434,
            -14.770674079221607
          ],
          [
            -29.16956219597111,
            -14.788047255038146
          ],
          [
            -29.15566365531788,
            -14.805420430854685
          ],
          [
            -29.14176511466465,
            -14.822793606671224
          ],
          [
            -29.12786657401142,
            -14.840166782487763
          ],
          [
            -29.11396803335819,
            -14.857539958304303
          ],
          [
            -29.10006949270496,
            -14.874913134120842
          ],
          [
            -29.08617095205173,
            -14.892286309937381
          ],
          [
            -29.0722724113985,
            -14.90965948575392
          ],
          [
            -29.05837387074527,
            -14.92703266157046
          ],
          [
            -29.04447533009204,
            -14.944405837386999
          ],
          [
            -29.03057678943881,
            -14.961779013203538
          ],
          [
            -29.01667824878558,
            -14.979152189020077
          ],
          [
            -29.00277970813235,
            -14.996525364836616
          ],
          [
            -28.98888116747912,
            -15.013898540653155
          ],
          [
            -28.97498262682589,
            -15.031271716469695
          ],
          [
            -28.96108408617266,
            -15.048644892286234
          ],
          [
            -28.94718554551943,
            -15.066018068102773
          ],
          [
            -28.9332870048662,
            -15.083391243919312
          ],
          [
            -28.91938846421297,
            -15.100764419735851
          ],
          [
            -28.905489923559742,
            -15.11813759555239
          ],
          [
            -28.891591382906512,
            -15.13551077136893
          ],
          [
            -28.877692842253282,
            -15.152883947185469
          ],
          [
            -28.863794301600052,
            -15.170257123002008
          ],
          [
            -28.849895760946822,
            -15.187630298818547
          ],
          [
            -28.835997220293592,
            -15.205003474635086
          ],
          [
            -28.822098679640362,
            -15.222376650451626
          ],
          [
            -28.808200138987132,
            -15.239749826268165
          ],
          [
            -28.794301598333902,
            -15.257123002084704
          ],
          [
            -28.780403057680672,
            -15.274496177901243
          ],
          [
            -28.766504517027442,
            -15.291869353717782
          ],
          [
            -28.752605976374213,
            -15.309242529534322
          ],
          [
            -28.738707435720983,
            -15.32661570535086
          ],
          [
            -28.724808895067753,
            -15.3439888811674
          ],
          [
            -28.710910354414523,
            -15.361362056983939
          ],
          [
            -28.697011813761293,
            -15.378735232800478
          ],
          [
            -28.683113273108063,
            -15.396108408617017
          ],
          [
            -28.669214732454833,
            -15.413481584433557
          ],
          [
            -28.655316191801603,
            -15.430854760250096
          ],
          [
            -28.641417651148373,
            -15.448227936066635
          ],
          [
            -28.627519110495143,
            -15.465601111883174
          ],
          [
            -28.613620569841913,
            -15.482974287699713
          ],
          [
            -28.599722029188683,
            -15.500347463516253
          ],
          [
            -28.585823488535453,
            -15.517720639332792
          ],
          [
            -28.571924947882223,
            -15.535093815149331
          ],
          [
            -28.558026407228994,
            -15.55246699096587
          ],
          [
            -28.544127866575764,
            -15.56984016678241
          ],
          [
            -28.530229325922534,
            -15.587213342598949
          ],
          [
            -28.516330785269304,
            -15.604586518415488
          ],
          [
            -28.502432244616074,
            -15.621959694232027
          ],
          [
            -28.488533703962844,
            -15.639332870048566
          ],
          [
            -28.474635163309614,
            -15.656706045865105
          ],
          [
            -28.460736622656384,
            -15.674079221681644
          ],
          [
            -28.446838082003154,
            -15.691452397498184
          ],
          [
            -28.432939541349924,
            -15.708825573314723
          ],
          [
            -28.419041000696694,
            -15.726198749131262
          ],
          [
            -28.405142460043464,
            -15.743571924947801
          ],
          [
            -28.391243919390234,
            -15.76094510076434
          ],
          [
            -28.377345378737004,
            -15.77831827658088
          ],
          [
            -28.363446838083775,
            -15.795691452397419
          ],
          [
            -28.349548297430545,
            -15.813064628213958
          ],
          [
            -28.335649756777315,
            -15.830437804030497
          ],
          [
            -28.321751216124085,
            -15.847810979847036
          ],
          [
            -28.307852675470855,
            -15.865184155663576
          ],
          [
            -28.293954134817625,
            -15.882557331480115
          ],
          [
            -28.280055594164395,
            -15.899930507296654
          ],
          [
            -28.266157053511165,
            -15.917303683113193
          ],
          [
            -28.252258512857935,
            -15.934676858929732
          ],
          [
            -28.238359972204705,
            -15.952050034746271
          ],
          [
            -28.224461431551475,
            -15.96942321056281
          ],
          [
            -28.210562890898245,
            -15.98679638637935
          ],
          [
            -28.196664350245015,
            -16.00416956219589
          ],
          [
            -28.182765809591785,
            -16.021542738012432
          ],
          [
            -28.168867268938556,
            -16.038915913828973
          ],
          [
            -28.154968728285326,
            -16.056289089645514
          ],
          [
            -28.141070187632096,
            -16.073662265462055
          ],
          [
            -28.127171646978866,
            -16.091035441278596
          ],
          [
            -28.113273106325636,
            -16.108408617095137
          ],
          [
            -28.099374565672406,
            -16.125781792911678
          ],
          [
            -28.085476025019176,
            -16.14315496872822
          ],
          [
            -28.071577484365946,
            -16.16052814454476
          ],
          [
            -28.057678943712716,
            -16.1779013203613
          ],
          [
            -28.043780403059486,
            -16.19527449617784
          ],
          [
            -28.029881862406256,
            -16.212647671994382
          ],
          [
            -28.015983321753026,
            -16.230020847810923
          ],
          [
            -28.002084781099796,
            -16.247394023627464
          ],
          [
            -27.988186240446566,
            -16.264767199444005
          ],
          [
            -27.974287699793337,
            -16.282140375260546
          ],
          [
            -27.960389159140107,
            -16.299513551077087
          ],
          [
            -27.946490618486877,
            -16.316886726893628
          ],
          [
            -27.932592077833647,
            -16.33425990271017
          ],
          [
            -27.918693537180417,
            -16.35163307852671
          ],
          [
            -27.904794996527187,
            -16.36900625434325
          ],
          [
            -27.890896455873957,
            -16.386379430159792
          ],
          [
            -27.876997915220727,
            -16.403752605976333
          ],
          [
            -27.863099374567497,
            -16.421125781792874
          ],
          [
            -27.849200833914267,
            -16.438498957609415
          ],
          [
            -27.835302293261037,
            -16.455872133425956
          ],
          [
            -27.821403752607807,
            -16.473245309242497
          ],
          [
            -27.807505211954577,
            -16.490618485059038
          ],
          [
            -27.793606671301347,
            -16.50799166087558
          ],
          [
            -27.779708130648118,
            -16.52536483669212
          ],
          [
            -27.765809589994888,
            -16.54273801250866
          ],
          [
            -27.751911049341658,
            -16.5601111883252
          ],
          [
            -27.738012508688428,
            -16.577484364141743
          ],
          [
            -27.724113968035198,
            -16.594857539958284
          ],
          [
            -27.710215427381968,
            -16.612230715774825
          ],
          [
            -27.696316886728738,
            -16.629603891591366
          ],
          [
            -27.682418346075508,
            -16.646977067407907
          ],
          [
            -27.668519805422278,
            -16.664350243224447
          ],
          [
            -27.654621264769048,
            -16.68172341904099
          ],
          [
            -27.640722724115818,
            -16.69909659485753
          ],
          [
            -27.62682418346259,
            -16.71646977067407
          ],
          [
            -27.61292564280936,
            -16.73384294649061
          ],
          [
            -27.59902710215613,
            -16.751216122307152
          ],
          [
            -27.5851285615029,
            -16.768589298123693
          ],
          [
            -27.57123002084967,
            -16.785962473940234
          ],
          [
            -27.55733148019644,
            -16.803335649756775
          ],
          [
            -27.54343293954321,
            -16.820708825573316
          ],
          [
            -27.52953439888998,
            -16.838082001389857
          ],
          [
            -27.51563585823675,
            -16.855455177206398
          ],
          [
            -27.50173731758352,
            -16.87282835302294
          ],
          [
            -27.48783877693029,
            -16.89020152883948
          ],
          [
            -27.47394023627706,
            -16.90757470465602
          ],
          [
            -27.46004169562383,
            -16.924947880472562
          ],
          [
            -27.4461431549706,
            -16.942321056289103
          ],
          [
            -27.43224461431737,
            -16.959694232105644
          ],
          [
            -27.41834607366414,
            -16.977067407922185
          ],
          [
            -27.40444753301091,
            -16.994440583738726
          ],
          [
            -27.39054899235768,
            -17.011813759555267
          ],
          [
            -27.37665045170445,
            -17.029186935371808
          ],
          [
            -27.36275191105122,
            -17.04656011118835
          ],
          [
            -27.34885337039799,
            -17.06393328700489
          ],
          [
            -27.33495482974476,
            -17.08130646282143
          ],
          [
            -27.32105628909153,
            -17.09867963863797
          ],
          [
            -27.3071577484383,
            -17.116052814454513
          ],
          [
            -27.29325920778507,
            -17.133425990271054
          ],
          [
            -27.27936066713184,
            -17.150799166087594
          ],
          [
            -27.26546212647861,
            -17.168172341904135
          ],
          [
            -27.25156358582538,
            -17.185545517720676
          ],
          [
            -27.23766504517215,
            -17.202918693537217
          ],
          [
            -27.22376650451892,
            -17.22029186935376
          ],
          [
            -27.20986796386569,
            -17.2376650451703
          ],
          [
            -27.19596942321246,
            -17.25503822098684
          ],
          [
            -27.18207088255923,
            -17.27241139680338
          ],
          [
            -27.168172341906,
            -17.289784572619922
          ],
          [
            -27.15427380125277,
            -17.307157748436463
          ],
          [
            -27.14037526059954,
            -17.324530924253004
          ],
          [
            -27.12647671994631,
            -17.341904100069545
          ],
          [
            -27.11257817929308,
            -17.359277275886086
          ],
          [
            -27.09867963863985,
            -17.376650451702627
          ],
          [
            -27.08478109798662,
            -17.394023627519168
          ],
          [
            -27.07088255733339,
            -17.41139680333571
          ],
          [
            -27.05698401668016,
            -17.42876997915225
          ],
          [
            -27.04308547602693,
            -17.44614315496879
          ],
          [
            -27.0291869353737,
            -17.463516330785332
          ],
          [
            -27.01528839472047,
            -17.480889506601873
          ],
          [
            -27.00138985406724,
            -17.498262682418414
          ],
          [
            -26.98749131341401,
            -17.515635858234955
          ],
          [
            -26.97359277276078,
            -17.533009034051496
          ],
          [
            -26.95969423210755,
            -17.550382209868037
          ],
          [
            -26.94579569145432,
            -17.567755385684578
          ],
          [
            -26.931897150801092,
            -17.58512856150112
          ],
          [
            -26.917998610147862,
            -17.60250173731766
          ],
          [
            -26.904100069494632,
            -17.6198749131342
          ],
          [
            -26.890201528841402,
            -17.63724808895074
          ],
          [
            -26.876302988188172,
            -17.654621264767282
          ],
          [
            -26.862404447534942,
            -17.671994440583823
          ],
          [
            -26.848505906881712,
            -17.689367616400364
          ],
          [
            -26.834607366228482,
            -17.706740792216905
          ],
          [
            -26.820708825575252,
            -17.724113968033446
          ],
          [
            -26.806810284922022,
            -17.741487143849987
          ],
          [
            -26.792911744268793,
            -17.75886031966653
          ],
          [
            -26.779013203615563,
            -17.77623349548307
          ],
          [
            -26.765114662962333,
            -17.79360667129961
          ],
          [
            -26.751216122309103,
            -17.81097984711615
          ],
          [
            -26.737317581655873,
            -17.828353022932692
          ],
          [
            -26.723419041002643,
            -17.845726198749233
          ],
          [
            -26.709520500349413,
            -17.863099374565774
          ],
          [
            -26.695621959696183,
            -17.880472550382315
          ],
          [
            -26.681723419042953,
            -17.897845726198856
          ],
          [
            -26.667824878389723,
            -17.915218902015397
          ],
          [
            -26.653926337736493,
            -17.932592077831938
          ],
          [
            -26.640027797083263,
            -17.94996525364848
          ],
          [
            -26.626129256430033,
            -17.96733842946502
          ],
          [
            -26.612230715776803,
            -17.98471160528156
          ],
          [
            -26.598332175123574,
            -18.0020847810981
          ],
          [
            -26.584433634470344,
            -18.019457956914643
          ],
          [
            -26.570535093817114,
            -18.036831132731184
          ],
          [
            -26.556636553163884,
            -18.054204308547725
          ],
          [
            -26.542738012510654,
            -18.071577484364266
          ],
          [
            -26.528839471857424,
            -18.088950660180807
          ],
          [
            -26.514940931204194,
            -18.106323835997348
          ],
          [
            -26.501042390550964,
            -18.12369701181389
          ],
          [
            -26.487143849897734,
            -18.14107018763043
          ],
          [
            -26.473245309244504,
            -18.15844336344697
          ],
          [
            -26.459346768591274,
            -18.17581653926351
          ],
          [
            -26.445448227938044,
            -18.193189715080052
          ],
          [
            -26.431549687284814,
            -18.210562890896593
          ],
          [
            -26.417651146631584,
            -18.227936066713134
          ],
          [
            -26.403752605978354,
            -18.245309242529675
          ],
          [
            -26.389854065325125,
            -18.262682418346216
          ],
          [
            -26.375955524671895,
            -18.280055594162757
          ],
          [
            -26.362056984018665,
            -18.297428769979298
          ],
          [
            -26.348158443365435,
            -18.31480194579584
          ],
          [
            -26.334259902712205,
            -18.33217512161238
          ],
          [
            -26.320361362058975,
            -18.34954829742892
          ],
          [
            -26.306462821405745,
            -18.366921473245462
          ],
          [
            -26.292564280752515,
            -18.384294649062003
          ],
          [
            -26.278665740099285,
            -18.401667824878544
          ],
          [
            -26.264767199446055,
            -18.419041000695085
          ],
          [
            -26.250868658792825,
            -18.436414176511626
          ],
          [
            -26.236970118139595,
            -18.453787352328167
          ],
          [
            -26.223071577486365,
            -18.471160528144708
          ],
          [
            -26.209173036833135,
            -18.48853370396125
          ],
          [
            -26.195274496179906,
            -18.50590687977779
          ],
          [
            -26.181375955526676,
            -18.52328005559433
          ],
          [
            -26.167477414873446,
            -18.54065323141087
          ],
          [
            -26.153578874220216,
            -18.558026407227413
          ],
          [
            -26.139680333566986,
            -18.575399583043954
          ],
          [
            -26.125781792913756,
            -18.592772758860495
          ],
          [
            -26.111883252260526,
            -18.610145934677035
          ],
          [
            -26.097984711607296,
            -18.627519110493576
          ],
          [
            -26.084086170954066,
            -18.644892286310117
          ],
          [
            -26.070187630300836,
            -18.66226546212666
          ],
          [
            -26.056289089647606,
            -18.6796386379432
          ],
          [
            -26.042390548994376,
            -18.69701181375974
          ],
          [
            -26.028492008341146,
            -18.71438498957628
          ],
          [
            -26.014593467687916,
            -18.731758165392822
          ],
          [
            -26.000694927034687,
            -18.749131341209363
          ],
          [
            -25.986796386381457,
            -18.766504517025904
          ],
          [
            -25.972897845728227,
            -18.783877692842445
          ],
          [
            -25.958999305074997,
            -18.801250868658986
          ],
          [
            -25.945100764421767,
            -18.818624044475527
          ],
          [
            -25.931202223768537,
            -18.835997220292068
          ],
          [
            -25.917303683115307,
            -18.85337039610861
          ],
          [
            -25.903405142462077,
            -18.87074357192515
          ],
          [
            -25.889506601808847,
            -18.88811674774169
          ],
          [
            -25.875608061155617,
            -18.905489923558232
          ],
          [
            -25.861709520502387,
            -18.922863099374773
          ],
          [
            -25.847810979849157,
            -18.940236275191314
          ],
          [
            -25.833912439195927,
            -18.957609451007855
          ],
          [
            -25.820013898542697,
            -18.974982626824396
          ],
          [
            -25.806115357889468,
            -18.992355802640937
          ],
          [
            -25.792216817236238,
            -19.009728978457478
          ],
          [
            -25.778318276583008,
            -19.02710215427402
          ],
          [
            -25.764419735929778,
            -19.04447533009056
          ],
          [
            -25.750521195276548,
            -19.0618485059071
          ],
          [
            -25.736622654623318,
            -19.07922168172364
          ],
          [
            -25.722724113970088,
            -19.096594857540182
          ],
          [
            -25.708825573316858,
            -19.113968033356723
          ],
          [
            -25.694927032663628,
            -19.131341209173264
          ],
          [
            -25.681028492010398,
            -19.148714384989805
          ],
          [
            -25.66712995135717,
            -19.166087560806346
          ],
          [
            -25.65323141070394,
            -19.183460736622887
          ],
          [
            -25.63933287005071,
            -19.20083391243943
          ],
          [
            -25.62543432939748,
            -19.21820708825597
          ],
          [
            -25.61153578874425,
            -19.23558026407251
          ],
          [
            -25.59763724809102,
            -19.25295343988905
          ],
          [
            -25.58373870743779,
            -19.270326615705592
          ],
          [
            -25.56984016678456,
            -19.287699791522133
          ],
          [
            -25.55594162613133,
            -19.305072967338674
          ],
          [
            -25.5420430854781,
            -19.322446143155215
          ],
          [
            -25.52814454482487,
            -19.339819318971756
          ],
          [
            -25.51424600417164,
            -19.357192494788297
          ],
          [
            -25.50034746351841,
            -19.374565670604838
          ],
          [
            -25.48644892286518,
            -19.39193884642138
          ],
          [
            -25.47255038221195,
            -19.40931202223792
          ],
          [
            -25.45865184155872,
            -19.42668519805446
          ],
          [
            -25.44475330090549,
            -19.444058373871002
          ],
          [
            -25.43085476025226,
            -19.461431549687543
          ],
          [
            -25.41695621959903,
            -19.478804725504084
          ],
          [
            -25.4030576789458,
            -19.496177901320625
          ],
          [
            -25.38915913829257,
            -19.513551077137166
          ],
          [
            -25.37526059763934,
            -19.530924252953707
          ],
          [
            -25.36136205698611,
            -19.548297428770248
          ],
          [
            -25.34746351633288,
            -19.56567060458679
          ],
          [
            -25.33356497567965,
            -19.58304378040333
          ],
          [
            -25.31966643502642,
            -19.60041695621987
          ],
          [
            -25.30576789437319,
            -19.61779013203641
          ],
          [
            -25.29186935371996,
            -19.635163307852952
          ],
          [
            -25.27797081306673,
            -19.652536483669493
          ],
          [
            -25.2640722724135,
            -19.669909659486034
          ],
          [
            -25.25017373176027,
            -19.687282835302575
          ],
          [
            -25.23627519110704,
            -19.704656011119116
          ],
          [
            -25.22237665045381,
            -19.722029186935657
          ],
          [
            -25.20847810980058,
            -19.739402362752198
          ],
          [
            -25.19457956914735,
            -19.75677553856874
          ],
          [
            -25.18068102849412,
            -19.77414871438528
          ],
          [
            -25.16678248784089,
            -19.79152189020182
          ],
          [
            -25.15288394718766,
            -19.808895066018362
          ],
          [
            -25.13898540653443,
            -19.826268241834903
          ],
          [
            -25.1250868658812,
            -19.843641417651444
          ],
          [
            -25.11118832522797,
            -19.861014593467985
          ],
          [
            -25.09728978457474,
            -19.878387769284526
          ],
          [
            -25.08339124392151,
            -19.895760945101067
          ],
          [
            -25.06949270326828,
            -19.913134120917608
          ],
          [
            -25.05559416261505,
            -19.93050729673415
          ],
          [
            -25.04169562196182,
            -19.94788047255069
          ],
          [
            -25.02779708130859,
            -19.96525364836723
          ],
          [
            -25.01389854065536,
            -19.98262682418377
          ]
        ]
      },
      "properties": {
        "type": "vessel",
        "mmsi": 241439000,
        "name": "Bouboulina",
        "timestamps": [
          "2019-07-26T00:00:00",
          "2019-07-26T00:05:00",
          "2019-07-26T00:10:00",
          "2019-07-26T00:15:00",
          "2019-07-26T00:20:00",
          "2019-07-26T00:25:00",
          "2019-07-26T00:30:00",
          "2019-07-26T00:35:00",
          "2019-07-26T00:40:00",
          "2019-07-26T00:45:00",
          "2019-07-26T00:50:00",
          "2019-07-26T00:55:00",
          "2019-07-26T01:00:00",
          "2019-07-26T01:05:00",
          "2019-07-26T01:10:00",
          "2019-07-26T01:15:00",
          "2019-07-26T01:20:00",
          "2019-07-26T01:25:00",
          "2019-07-26T01:30:00",
          "2019-07-26T01:35:00",
          "2019-07-26T01:40:00",
          "2019-07-26T01:45:00",
          "2019-07-26T01:50:00",
          "2019-07-26T01:55:00",
          "2019-07-26T02:00:00",
          "2019-07-26T02:05:00",
          "2019-07-26T02:10:00",
          "2019-07-26T02:15:00",
          "2019-07-26T02:20:00",
          "2019-07-26T02:25:00",
          "2019-07-26T02:30:00",
          "2019-07-26T02:35:00",
          "2019-07-26T02:40:00",
          "2019-07-26T02:45:00",
          "2019-07-26T02:50:00",
          "2019-07-26T02:55:00",
          "2019-07-26T03:00:00",
          "2019-07-26T03:05:00",
          "2019-07-26T03:10:00",
          "2019-07-26T03:15:00",
          "2019-07-26T03:20:00",
          "2019-07-26T03:25:00",
          "2019-07-26T03:30:00",
          "2019-07-26T03:35:00",
          "2019-07-26T03:40:00",
          "2019-07-26T03:45:00",
          "2019-07-26T03:50:00",
          "2019-07-26T03:55:00",
          "2019-07-26T04:00:00",
          "2019-07-26T04:05:00",
          "2019-07-26T04:10:00",
          "2019-07-26T04:15:00",
          "2019-07-26T04:20:00",
          "2019-07-26T04:25:00",
          "2019-07-26T04:30:00",
          "2019-07-26T04:35:00",
          "2019-07-26T04:40:00",
          "2019-07-26T04:45:00",
          "2019-07-26T04:50:00",
          "2019-07-26T04:55:00",
          "2019-07-26T05:00:00",
          "2019-07-26T05:05:00",
          "2019-07-26T05:10:00",
          "2019-07-26T05:15:00",
          "2019-07-26T05:20:00",
          "2019-07-26T05:25:00",
          "2019-07-26T05:30:00",
          "2019-07-26T05:35:00",
          "2019-07-26T05:40:00",
          "2019-07-26T05:45:00",
          "2019-07-26T05:50:00",
          "2019-07-26T05:55:00",
          "2019-07-26T06:00:00",
          "2019-07-26T06:05:00",
          "2019-07-26T06:10:00",
          "2019-07-26T06:15:00",
          "2019-07-26T06:20:00",
          "2019-07-26T06:25:00",
          "2019-07-26T06:30:00",
          "2019-07-26T06:35:00",
          "2019-07-26T06:40:00",
          "2019-07-26T06:45:00",
          "2019-07-26T06:50:00",
          "2019-07-26T06:55:00",
          "2019-07-26T07:00:00",
          "2019-07-26T07:05:00",
          "2019-07-26T07:10:00",
          "2019-07-26T07:15:00",
          "2019-07-26T07:20:00",
          "2019-07-26T07:25:00",
          "2019-07-26T07:30:00",
          "2019-07-26T07:35:00",
          "2019-07-26T07:40:00",
          "2019-07-26T07:45:00",
          "2019-07-26T07:50:00",
          "2019-07-26T07:55:00",
          "2019-07-26T08:00:00",
          "2019-07-26T08:05:00",
          "2019-07-26T08:10:00",
          "2019-07-26T08:15:00",
          "2019-07-26T08:20:00",
          "2019-07-26T08:25:00",
          "2019-07-26T08:30:00",
          "2019-07-26T08:35:00",
          "2019-07-26T08:40:00",
          "2019-07-26T08:45:00",
          "2019-07-26T08:50:00",
          "2019-07-26T08:55:00",
          "2019-07-26T09:00:00",
          "2019-07-26T09:05:00",
          "2019-07-26T09:10:00",
          "2019-07-26T09:15:00",
          "2019-07-26T09:20:00",
          "2019-07-26T09:25:00",
          "2019-07-26T09:30:00",
          "2019-07-26T09:35:00",
          "2019-07-26T09:40:00",
          "2019-07-26T09:45:00",
          "2019-07-26T09:50:00",
          "2019-07-26T09:55:00",
          "2019-07-26T10:00:00",
          "2019-07-26T10:05:00",
          "2019-07-26T10:10:00",
          "2019-07-26T10:15:00",
          "2019-07-26T10:20:00",
          "2019-07-26T10:25:00",
          "2019-07-26T10:30:00",
          "2019-07-26T10:35:00",
          "2019-07-26T10:40:00",
          "2019-07-26T10:45:00",
          "2019-07-26T10:50:00",
          "2019-07-26T10:55:00",
          "2019-07-26T11:00:00",
          "2019-07-26T11:05:00",
          "2019-07-26T11:10:00",
          "2019-07-26T11:15:00",
          "2019-07-26T11:20:00",
          "2019-07-26T11:25:00",
          "2019-07-26T11:30:00",
          "2019-07-26T11:35:00",
          "2019-07-26T11:40:00",
          "2019-07-26T11:45:00",
          "2019-07-26T11:50:00",
          "2019-07-26T11:55:00",
          "2019-07-26T12:00:00",
          "2019-07-26T12:05:00",
          "2019-07-26T12:10:00",
          "2019-07-26T12:15:00",
          "2019-07-26T12:20:00",
          "2019-07-26T12:25:00",
          "2019-07-26T12:30:00",
          "2019-07-26T12:35:00",
          "2019-07-26T12:40:00",
          "2019-07-26T12:45:00",
          "2019-07-26T12:50:00",
          "2019-07-26T12:55:00",
          "2019-07-26T13:00:00",
          "2019-07-26T13:05:00",
          "2019-07-26T13:10:00",
          "2019-07-26T13:15:00",
          "2019-07-26T13:20:00",
          "2019-07-26T13:25:00",
          "2019-07-26T13:30:00",
          "2019-07-26T13:35:00",
          "2019-07-26T13:40:00",
          "2019-07-26T13:45:00",
          "2019-07-26T13:50:00",
          "2019-07-26T13:55:00",
          "2019-07-26T14:00:00",
          "2019-07-26T14:05:00",
          "2019-07-26T14:10:00",
          "2019-07-26T14:15:00",
          "2019-07-26T14:20:00",
          "2019-07-26T14:25:00",
          "2019-07-26T14:30:00",
          "2019-07-26T14:35:00",
          "2019-07-26T14:40:00",
          "2019-07-26T14:45:00",
          "2019-07-26T14:50:00",
          "2019-07-26T14:55:00",
          "2019-07-26T15:00:00",
          "2019-07-26T15:05:00",
          "2019-07-26T15:10:00",
          "2019-07-26T15:15:00",
          "2019-07-26T15:20:00",
          "2019-07-26T15:25:00",
          "2019-07-26T15:30:00",
          "2019-07-26T15:35:00",
          "2019-07-26T15:40:00",
          "2019-07-26T15:45:00",
          "2019-07-26T15:50:00",
          "2019-07-26T15:55:00",
          "2019-07-26T16:00:00",
          "2019-07-26T16:05:00",
          "2019-07-26T16:10:00",
          "2019-07-26T16:15:00",
          "2019-07-26T16:20:00",
          "2019-07-26T16:25:00",
          "2019-07-26T16:30:00",
          "2019-07-26T16:35:00",
          "2019-07-26T16:40:00",
          "2019-07-26T16:45:00",
          "2019-07-26T16:50:00",
          "2019-07-26T16:55:00",
          "2019-07-26T17:00:00",
          "2019-07-26T17:05:00",
          "2019-07-26T17:10:00",
          "2019-07-26T17:15:00",
          "2019-07-26T17:20:00",
          "2019-07-26T17:25:00",
          "2019-07-26T17:30:00",
          "2019-07-26T17:35:00",
          "2019-07-26T17:40:00",
          "2019-07-26T17:45:00",
          "2019-07-26T17:50:00",
          "2019-07-26T17:55:00",
          "2019-07-26T18:00:00",
          "2019-07-26T18:05:00",
          "2019-07-26T18:10:00",
          "2019-07-26T18:15:00",
          "2019-07-26T18:20:00",
          "2019-07-26T18:25:00",
          "2019-07-26T18:30:00",
          "2019-07-26T18:35:00",
          "2019-07-26T18:40:00",
          "2019-07-26T18:45:00",
          "2019-07-26T18:50:00",
          "2019-07-26T18:55:00",
          "2019-07-26T19:00:00",
          "2019-07-26T19:05:00",
          "2019-07-26T19:10:00",
          "2019-07-26T19:15:00",
          "2019-07-26T19:20:00",
          "2019-07-26T19:25:00",
          "2019-07-26T19:30:00",
          "2019-07-26T19:35:00",
          "2019-07-26T19:40:00",
          "2019-07-26T19:45:00",
          "2019-07-26T19:50:00",
          "2019-07-26T19:55:00",
          "2019-07-26T20:00:00",
          "2019-07-26T20:05:00",
          "2019-07-26T20:10:00",
          "2019-07-26T20:15:00",
          "2019-07-26T20:20:00",
          "2019-07-26T20:25:00",
          "2019-07-26T20:30:00",
          "2019-07-26T20:35:00",
          "2019-07-26T20:40:00",
          "2019-07-26T20:45:00",
          "2019-07-26T20:50:00",
          "2019-07-26T20:55:00",
          "2019-07-26T21:00:00",
          "2019-07-26T21:05:00",
          "2019-07-26T21:10:00",
          "2019-07-26T21:15:00",
          "2019-07-26T21:20:00",
          "2019-07-26T21:25:00",
          "2019-07-26T21:30:00",
          "2019-07-26T21:35:00",
          "2019-07-26T21:40:00",
          "2019-07-26T21:45:00",
          "2019-07-26T21:50:00",
          "2019-07-26T21:55:00",
          "2019-07-26T22:00:00",
          "2019-07-26T22:05:00",
          "2019-07-26T22:10:00",
          "2019-07-26T22:15:00",
          "2019-07-26T22:20:00",
          "2019-07-26T22:25:00",
          "2019-07-26T22:30:00",
          "2019-07-26T22:35:00",
          "2019-07-26T22:40:00",
          "2019-07-26T22:45:00",
          "2019-07-26T22:50:00",
          "2019-07-26T22:55:00",
          "2019-07-26T23:00:00",
          "2019-07-26T23:05:00",
          "2019-07-26T23:10:00",
          "2019-07-26T23:15:00",
          "2019-07-26T23:20:00",
          "2019-07-26T23:25:00",
          "2019-07-26T23:30:00",
          "2019-07-26T23:35:00",
          "2019-07-26T23:40:00",
          "2019-07-26T23:45:00",
          "2019-07-26T23:50:00",
          "2019-07-26T23:55:00",
          "2019-07-27T00:00:00",
          "2019-07-27T00:05:00",
          "2019-07-27T00:10:00",
          "2019-07-27T00:15:00",
          "2019-07-27T00:20:00",
          "2019-07-27T00:25:00",
          "2019-07-27T00:30:00",
          "2019-07-27T00:35:00",
          "2019-07-27T00:40:00",
          "2019-07-27T00:45:00",
          "2019-07-27T00:50:00",
          "2019-07-27T00:55:00",
          "2019-07-27T01:00:00",
          "2019-07-27T01:05:00",
          "2019-07-27T01:10:00",
          "2019-07-27T01:15:00",
          "2019-07-27T01:20:00",
          "2019-07-27T01:25:00",
          "2019-07-27T01:30:00",
          "2019-07-27T01:35:00",
          "2019-07-27T01:40:00",
          "2019-07-27T01:45:00",
          "2019-07-27T01:50:00",
          "2019-07-27T01:55:00",
          "2019-07-27T02:00:00",
          "2019-07-27T02:05:00",
          "2019-07-27T02:10:00",
          "2019-07-27T02:15:00",
          "2019-07-27T02:20:00",
          "2019-07-27T02:25:00",
          "2019-07-27T02:30:00",
          "2019-07-27T02:35:00",
          "2019-07-27T02:40:00",
          "2019-07-27T02:45:00",
          "2019-07-27T02:50:00",
          "2019-07-27T02:55:00",
          "2019-07-27T03:00:00",
          "2019-07-27T03:05:00",
          "2019-07-27T03:10:00",
          "2019-07-27T03:15:00",
          "2019-07-27T03:20:00",
          "2019-07-27T03:25:00",
          "2019-07-27T03:30:00",
          "2019-07-27T03:35:00",
          "2019-07-27T03:40:00",
          "2019-07-27T03:45:00",
          "2019-07-27T03:50:00",
          "2019-07-27T03:55:00",
          "2019-07-27T04:00:00",
          "2019-07-27T04:05:00",
          "2019-07-27T04:10:00",
          "2019-07-27T04:15:00",
          "2019-07-27T04:20:00",
          "2019-07-27T04:25:00",
          "2019-07-27T04:30:00",
          "2019-07-27T04:35:00",
          "2019-07-27T04:40:00",
          "2019-07-27T04:45:00",
          "2019-07-27T04:50:00",
          "2019-07-27T04:55:00",
          "2019-07-27T05:00:00",
          "2019-07-27T05:05:00",
          "2019-07-27T05:10:00",
          "2019-07-27T05:15:00",
          "2019-07-27T05:20:00",
          "2019-07-27T05:25:00",
          "2019-07-27T05:30:00",
          "2019-07-27T05:35:00",
          "2019-07-27T05:40:00",
          "2019-07-27T05:45:00",
          "2019-07-27T05:50:00",
          "2019-07-27T05:55:00",
          "2019-07-27T06:00:00",
          "2019-07-27T06:05:00",
          "2019-07-27T06:10:00",
          "2019-07-27T06:15:00",
          "2019-07-27T06:20:00",
          "2019-07-27T06:25:00",
          "2019-07-27T06:30:00",
          "2019-07-27T06:35:00",
          "2019-07-27T06:40:00",
          "2019-07-27T06:45:00",
          "2019-07-27T06:50:00",
          "2019-07-27T06:55:00",
          "2019-07-27T07:00:00",
          "2019-07-27T07:05:00",
          "2019-07-27T07:10:00",
          "2019-07-27T07:15:00",
          "2019-07-27T07:20:00",
          "2019-07-27T07:25:00",
          "2019-07-27T07:30:00",
          "2019-07-27T07:35:00",
          "2019-07-27T07:40:00",
          "2019-07-27T07:45:00",
          "2019-07-27T07:50:00",
          "2019-07-27T07:55:00",
          "2019-07-27T08:00:00",
          "2019-07-27T08:05:00",
          "2019-07-27T08:10:00",
          "2019-07-27T08:15:00",
          "2019-07-27T08:20:00",
          "2019-07-27T08:25:00",
          "2019-07-27T08:30:00",
          "2019-07-27T08:35:00",
          "2019-07-27T08:40:00",
          "2019-07-27T08:45:00",
          "2019-07-27T08:50:00",
          "2019-07-27T08:55:00",
          "2019-07-27T09:00:00",
          "2019-07-27T09:05:00",
          "2019-07-27T09:10:00",
          "2019-07-27T09:15:00",
          "2019-07-27T09:20:00",
          "2019-07-27T09:25:00",
          "2019-07-27T09:30:00",
          "2019-07-27T09:35:00",
          "2019-07-27T09:40:00",
          "2019-07-27T09:45:00",
          "2019-07-27T09:50:00",
          "2019-07-27T09:55:00",
          "2019-07-27T10:00:00",
          "2019-07-27T10:05:00",
          "2019-07-27T10:10:00",
          "2019-07-27T10:15:00",
          "2019-07-27T10:20:00",
          "2019-07-27T10:25:00",
          "2019-07-27T10:30:00",
          "2019-07-27T10:35:00",
          "2019-07-27T10:40:00",
          "2019-07-27T10:45:00",
          "2019-07-27T10:50:00",
          "2019-07-27T10:55:00",
          "2019-07-27T11:00:00",
          "2019-07-27T11:05:00",
          "2019-07-27T11:10:00",
          "2019-07-27T11:15:00",
          "2019-07-27T11:20:00",
          "2019-07-27T11:25:00",
          "2019-07-27T11:30:00",
          "2019-07-27T11:35:00",
          "2019-07-27T11:40:00",
          "2019-07-27T11:45:00",
          "2019-07-27T11:50:00",
          "2019-07-27T11:55:00",
          "2019-07-27T12:00:00",
          "2019-07-27T12:05:00",
          "2019-07-27T12:10:00",
          "2019-07-27T12:15:00",
          "2019-07-27T12:20:00",
          "2019-07-27T12:25:00",
          "2019-07-27T12:30:00",
          "2019-07-27T12:35:00",
          "2019-07-27T12:40:00",
          "2019-07-27T12:45:00",
          "2019-07-27T12:50:00",
          "2019-07-27T12:55:00",
          "2019-07-27T13:00:00",
          "2019-07-27T13:05:00",
          "2019-07-27T13:10:00",
          "2019-07-27T13:15:00",
          "2019-07-27T13:20:00",
          "2019-07-27T13:25:00",
          "2019-07-27T13:30:00",
          "2019-07-27T13:35:00",
          "2019-07-27T13:40:00",
          "2019-07-27T13:45:00",
          "2019-07-27T13:50:00",
          "2019-07-27T13:55:00",
          "2019-07-27T14:00:00",
          "2019-07-27T14:05:00",
          "2019-07-27T14:10:00",
          "2019-07-27T14:15:00",
          "2019-07-27T14:20:00",
          "2019-07-27T14:25:00",
          "2019-07-27T14:30:00",
          "2019-07-27T14:35:00",
          "2019-07-27T14:40:00",
          "2019-07-27T14:45:00",
          "2019-07-27T14:50:00",
          "2019-07-27T14:55:00",
          "2019-07-27T15:00:00",
          "2019-07-27T15:05:00",
          "2019-07-27T15:10:00",
          "2019-07-27T15:15:00",
          "2019-07-27T15:20:00",
          "2019-07-27T15:25:00",
          "2019-07-27T15:30:00",
          "2019-07-27T15:35:00",
          "2019-07-27T15:40:00",
          "2019-07-27T15:45:00",
          "2019-07-27T15:50:00",
          "2019-07-27T15:55:00",
          "2019-07-27T16:00:00",
          "2019-07-27T16:05:00",
          "2019-07-27T16:10:00",
          "2019-07-27T16:15:00",
          "2019-07-27T16:20:00",
          "2019-07-27T16:25:00",
          "2019-07-27T16:30:00",
          "2019-07-27T16:35:00",
          "2019-07-27T16:40:00",
          "2019-07-27T16:45:00",
          "2019-07-27T16:50:00",
          "2019-07-27T16:55:00",
          "2019-07-27T17:00:00",
          "2019-07-27T17:05:00",
          "2019-07-27T17:10:00",
          "2019-07-27T17:15:00",
          "2019-07-27T17:20:00",
          "2019-07-27T17:25:00",
          "2019-07-27T17:30:00",
          "2019-07-27T17:35:00",
          "2019-07-27T17:40:00",
          "2019-07-27T17:45:00",
          "2019-07-27T17:50:00",
          "2019-07-27T17:55:00",
          "2019-07-27T18:00:00",
          "2019-07-27T18:05:00",
          "2019-07-27T18:10:00",
          "2019-07-27T18:15:00",
          "2019-07-27T18:20:00",
          "2019-07-27T18:25:00",
          "2019-07-27T18:30:00",
          "2019-07-27T18:35:00",
          "2019-07-27T18:40:00",
          "2019-07-27T18:45:00",
          "2019-07-27T18:50:00",
          "2019-07-27T18:55:00",
          "2019-07-27T19:00:00",
          "2019-07-27T19:05:00",
          "2019-07-27T19:10:00",
          "2019-07-27T19:15:00",
          "2019-07-27T19:20:00",
          "2019-07-27T19:25:00",
          "2019-07-27T19:30:00",
          "2019-07-27T19:35:00",
          "2019-07-27T19:40:00",
          "2019-07-27T19:45:00",
          "2019-07-27T19:50:00",
          "2019-07-27T19:55:00",
          "2019-07-27T20:00:00",
          "2019-07-27T20:05:00",
          "2019-07-27T20:10:00",
          "2019-07-27T20:15:00",
          "2019-07-27T20:20:00",
          "2019-07-27T20:25:00",
          "2019-07-27T20:30:00",
          "2019-07-27T20:35:00",
          "2019-07-27T20:40:00",
          "2019-07-27T20:45:00",
          "2019-07-27T20:50:00",
          "2019-07-27T20:55:00",
          "2019-07-27T21:00:00",
          "2019-07-27T21:05:00",
          "2019-07-27T21:10:00",
          "2019-07-27T21:15:00",
          "2019-07-27T21:20:00",
          "2019-07-27T21:25:00",
          "2019-07-27T21:30:00",
          "2019-07-27T21:35:00",
          "2019-07-27T21:40:00",
          "2019-07-27T21:45:00",
          "2019-07-27T21:50:00",
          "2019-07-27T21:55:00",
          "2019-07-27T22:00:00",
          "2019-07-27T22:05:00",
          "2019-07-27T22:10:00",
          "2019-07-27T22:15:00",
          "2019-07-27T22:20:00",
          "2019-07-27T22:25:00",
          "2019-07-27T22:30:00",
          "2019-07-27T22:35:00",
          "2019-07-27T22:40:00",
          "2019-07-27T22:45:00",
          "2019-07-27T22:50:00",
          "2019-07-27T22:55:00",
          "2019-07-27T23:00:00",
          "2019-07-27T23:05:00",
          "2019-07-27T23:10:00",
          "2019-07-27T23:15:00",
          "2019-07-27T23:20:00",
          "2019-07-27T23:25:00",
          "2019-07-27T23:30:00",
          "2019-07-27T23:35:00",
          "2019-07-27T23:40:00",
          "2019-07-27T23:45:00",
          "2019-07-27T23:50:00",
          "2019-07-27T23:55:00",
          "2019-07-28T00:00:00",
          "2019-07-28T00:05:00",
          "2019-07-28T00:10:00",
          "2019-07-28T00:15:00",
          "2019-07-28T00:20:00",
          "2019-07-28T00:25:00",
          "2019-07-28T00:30:00",
          "2019-07-28T00:35:00",
          "2019-07-28T00:40:00",
          "2019-07-28T00:45:00",
          "2019-07-28T00:50:00",
          "2019-07-28T00:55:00",
          "2019-07-28T01:00:00",
          "2019-07-28T01:05:00",
          "2019-07-28T01:10:00",
          "2019-07-28T01:15:00",
          "2019-07-28T01:20:00",
          "2019-07-28T01:25:00",
          "2019-07-28T01:30:00",
          "2019-07-28T01:35:00",
          "2019-07-28T01:40:00",
          "2019-07-28T01:45:00",
          "2019-07-28T01:50:00",
          "2019-07-28T01:55:00",
          "2019-07-28T02:00:00",
          "2019-07-28T02:05:00",
          "2019-07-28T02:10:00",
          "2019-07-28T02:15:00",
          "2019-07-28T02:20:00",
          "2019-07-28T02:25:00",
          "2019-07-28T02:30:00",
          "2019-07-28T02:35:00",
          "2019-07-28T02:40:00",
          "2019-07-28T02:45:00",
          "2019-07-28T02:50:00",
          "2019-07-28T02:55:00",
          "2019-07-28T03:00:00",
          "2019-07-28T03:05:00",
          "2019-07-28T03:10:00",
          "2019-07-28T03:15:00",
          "2019-07-28T03:20:00",
          "2019-07-28T03:25:00",
          "2019-07-28T03:30:00",
          "2019-07-28T03:35:00",
          "2019-07-28T03:40:00",
          "2019-07-28T03:45:00",
          "2019-07-28T03:50:00",
          "2019-07-28T03:55:00",
          "2019-07-28T04:00:00",
          "2019-07-28T04:05:00",
          "2019-07-28T04:10:00",
          "2019-07-28T04:15:00",
          "2019-07-28T04:20:00",
          "2019-07-28T04:25:00",
          "2019-07-28T04:30:00",
          "2019-07-28T04:35:00",
          "2019-07-28T04:40:00",
          "2019-07-28T04:45:00",
          "2019-07-28T04:50:00",
          "2019-07-28T04:55:00",
          "2019-07-28T05:00:00",
          "2019-07-28T05:05:00",
          "2019-07-28T05:10:00",
          "2019-07-28T05:15:00",
          "2019-07-28T05:20:00",
          "2019-07-28T05:25:00",
          "2019-07-28T05:30:00",
          "2019-07-28T05:35:00",
          "2019-07-28T05:40:00",
          "2019-07-28T05:45:00",
          "2019-07-28T05:50:00",
          "2019-07-28T05:55:00",
          "2019-07-28T06:00:00",
          "2019-07-28T06:05:00",
          "2019-07-28T06:10:00",
          "2019-07-28T06:15:00",
          "2019-07-28T06:20:00",
          "2019-07-28T06:25:00",
          "2019-07-28T06:30:00",
          "2019-07-28T06:35:00",
          "2019-07-28T06:40:00",
          "2019-07-28T06:45:00",
          "2019-07-28T06:50:00",
          "2019-07-28T06:55:00",
          "2019-07-28T07:00:00",
          "2019-07-28T07:05:00",
          "2019-07-28T07:10:00",
          "2019-07-28T07:15:00",
          "2019-07-28T07:20:00",
          "2019-07-28T07:25:00",
          "2019-07-28T07:30:00",
          "2019-07-28T07:35:00",
          "2019-07-28T07:40:00",
          "2019-07-28T07:45:00",
          "2019-07-28T07:50:00",
          "2019-07-28T07:55:00",
          "2019-07-28T08:00:00",
          "2019-07-28T08:05:00",
          "2019-07-28T08:10:00",
          "2019-07-28T08:15:00",
          "2019-07-28T08:20:00",
          "2019-07-28T08:25:00",
          "2019-07-28T08:30:00",
          "2019-07-28T08:35:00",
          "2019-07-28T08:40:00",
          "2019-07-28T08:45:00",
          "2019-07-28T08:50:00",
          "2019-07-28T08:55:00",
          "2019-07-28T09:00:00",
          "2019-07-28T09:05:00",
          "2019-07-28T09:10:00",
          "2019-07-28T09:15:00",
          "2019-07-28T09:20:00",
          "2019-07-28T09:25:00",
          "2019-07-28T09:30:00",
          "2019-07-28T09:35:00",
          "2019-07-28T09:40:00",
          "2019-07-28T09:45:00",
          "2019-07-28T09:50:00",
          "2019-07-28T09:55:00",
          "2019-07-28T10:00:00",
          "2019-07-28T10:05:00",
          "2019-07-28T10:10:00",
          "2019-07-28T10:15:00",
          "2019-07-28T10:20:00",
          "2019-07-28T10:25:00",
          "2019-07-28T10:30:00",
          "2019-07-28T10:35:00",
          "2019-07-28T10:40:00",
          "2019-07-28T10:45:00",
          "2019-07-28T10:50:00",
          "2019-07-28T10:55:00",
          "2019-07-28T11:00:00",
          "2019-07-28T11:05:00",
          "2019-07-28T11:10:00",
          "2019-07-28T11:15:00",
          "2019-07-28T11:20:00",
          "2019-07-28T11:25:00",
          "2019-07-28T11:30:00",
          "2019-07-28T11:35:00",
          "2019-07-28T11:40:00",
          "2019-07-28T11:45:00",
          "2019-07-28T11:50:00",
          "2019-07-28T11:55:00",
          "2019-07-28T18:00:00",
          "2019-07-28T18:05:00",
          "2019-07-28T18:10:00",
          "2019-07-28T18:15:00",
          "2019-07-28T18:20:00",
          "2019-07-28T18:25:00",
          "2019-07-28T18:30:00",
          "2019-07-28T18:35:00",
          "2019-07-28T18:40:00",
          "2019-07-28T18:45:00",
          "2019-07-28T18:50:00",
          "2019-07-28T18:55:00",
          "2019-07-28T19:00:00",
          "2019-07-28T19:05:00",
          "2019-07-28T19:10:00",
          "2019-07-28T19:15:00",
          "2019-07-28T19:20:00",
          "2019-07-28T19:25:00",
          "2019-07-28T19:30:00",
          "2019-07-28T19:35:00",
          "2019-07-28T19:40:00",
          "2019-07-28T19:45:00",
          "2019-07-28T19:50:00",
          "2019-07-28T19:55:00",
          "2019-07-28T20:00:00",
          "2019-07-28T20:05:00",
          "2019-07-28T20:10:00",
          "2019-07-28T20:15:00",
          "2019-07-28T20:20:00",
          "2019-07-28T20:25:00",
          "2019-07-28T20:30:00",
          "2019-07-28T20:35:00",
          "2019-07-28T20:40:00",
          "2019-07-28T20:45:00",
          "2019-07-28T20:50:00",
          "2019-07-28T20:55:00",
          "2019-07-28T21:00:00",
          "2019-07-28T21:05:00",
          "2019-07-28T21:10:00",
          "2019-07-28T21:15:00",
          "2019-07-28T21:20:00",
          "2019-07-28T21:25:00",
          "2019-07-28T21:30:00",
          "2019-07-28T21:35:00",
          "2019-07-28T21:40:00",
          "2019-07-28T21:45:00",
          "2019-07-28T21:50:00",
          "2019-07-28T21:55:00",
          "2019-07-28T22:00:00",
          "2019-07-28T22:05:00",
          "2019-07-28T22:10:00",
          "2019-07-28T22:15:00",
          "2019-07-28T22:20:00",
          "2019-07-28T22:25:00",
          "2019-07-28T22:30:00",
          "2019-07-28T22:35:00",
          "2019-07-28T22:40:00",
          "2019-07-28T22:45:00",
          "2019-07-28T22:50:00",
          "2019-07-28T22:55:00",
          "2019-07-28T23:00:00",
          "2019-07-28T23:05:00",
          "2019-07-28T23:10:00",
          "2019-07-28T23:15:00",
          "2019-07-28T23:20:00",
          "2019-07-28T23:25:00",
          "2019-07-28T23:30:00",
          "2019-07-28T23:35:00",
          "2019-07-28T23:40:00",
          "2019-07-28T23:45:00",
          "2019-07-28T23:50:00",
          "2019-07-28T23:55:00",
          "2019-07-29T00:00:00",
          "2019-07-29T00:05:00",
          "2019-07-29T00:10:00",
          "2019-07-29T00:15:00",
          "2019-07-29T00:20:00",
          "2019-07-29T00:25:00",
          "2019-07-29T00:30:00",
          "2019-07-29T00:35:00",
          "2019-07-29T00:40:00",
          "2019-07-29T00:45:00",
          "2019-07-29T00:50:00",
          "2019-07-29T00:55:00",
          "2019-07-29T01:00:00",
          "2019-07-29T01:05:00",
          "2019-07-29T01:10:00",
          "2019-07-29T01:15:00",
          "2019-07-29T01:20:00",
          "2019-07-29T01:25:00",
          "2019-07-29T01:30:00",
          "2019-07-29T01:35:00",
          "2019-07-29T01:40:00",
          "2019-07-29T01:45:00",
          "2019-07-29T01:50:00",
          "2019-07-29T01:55:00",
          "2019-07-29T02:00:00",
          "2019-07-29T02:05:00",
          "2019-07-29T02:10:00",
          "2019-07-29T02:15:00",
          "2019-07-29T02:20:00",
          "2019-07-29T02:25:00",
          "2019-07-29T02:30:00",
          "2019-07-29T02:35:00",
          "2019-07-29T02:40:00",
          "2019-07-29T02:45:00",
          "2019-07-29T02:50:00",
          "2019-07-29T02:55:00",
          "2019-07-29T03:00:00",
          "2019-07-29T03:05:00",
          "2019-07-29T03:10:00",
          "2019-07-29T03:15:00",
          "2019-07-29T03:20:00",
          "2019-07-29T03:25:00",
          "2019-07-29T03:30:00",
          "2019-07-29T03:35:00",
          "2019-07-29T03:40:00",
          "2019-07-29T03:45:00",
          "2019-07-29T03:50:00",
          "2019-07-29T03:55:00",
          "2019-07-29T04:00:00",
          "2019-07-29T04:05:00",
          "2019-07-29T04:10:00",
          "2019-07-29T04:15:00",
          "2019-07-29T04:20:00",
          "2019-07-29T04:25:00",
          "2019-07-29T04:30:00",
          "2019-07-29T04:35:00",
          "2019-07-29T04:40:00",
          "2019-07-29T04:45:00",
          "2019-07-29T04:50:00",
          "2019-07-29T04:55:00",
          "2019-07-29T05:00:00",
          "2019-07-29T05:05:00",
          "2019-07-29T05:10:00",
          "2019-07-29T05:15:00",
          "2019-07-29T05:20:00",
          "2019-07-29T05:25:00",
          "2019-07-29T05:30:00",
          "2019-07-29T05:35:00",
          "2019-07-29T05:40:00",
          "2019-07-29T05:45:00",
          "2019-07-29T05:50:00",
          "2019-07-29T05:55:00",
          "2019-07-29T06:00:00",
          "2019-07-29T06:05:00",
          "2019-07-29T06:10:00",
          "2019-07-29T06:15:00",
          "2019-07-29T06:20:00",
          "2019-07-29T06:25:00",
          "2019-07-29T06:30:00",
          "2019-07-29T06:35:00",
          "2019-07-29T06:40:00",
          "2019-07-29T06:45:00",
          "2019-07-29T06:50:00",
          "2019-07-29T06:55:00",
          "2019-07-29T07:00:00",
          "2019-07-29T07:05:00",
          "2019-07-29T07:10:00",
          "2019-07-29T07:15:00",
          "2019-07-29T07:20:00",
          "2019-07-29T07:25:00",
          "2019-07-29T07:30:00",
          "2019-07-29T07:35:00",
          "2019-07-29T07:40:00",
          "2019-07-29T07:45:00",
          "2019-07-29T07:50:00",
          "2019-07-29T07:55:00",
          "2019-07-29T08:00:00",
          "2019-07-29T08:05:00",
          "2019-07-29T08:10:00",
          "2019-07-29T08:15:00",
          "2019-07-29T08:20:00",
          "2019-07-29T08:25:00",
          "2019-07-29T08:30:00",
          "2019-07-29T08:35:00",
          "2019-07-29T08:40:00",
          "2019-07-29T08:45:00",
          "2019-07-29T08:50:00",
          "2019-07-29T08:55:00",
          "2019-07-29T09:00:00",
          "2019-07-29T09:05:00",
          "2019-07-29T09:10:00",
          "2019-07-29T09:15:00",
          "2019-07-29T09:20:00",
          "2019-07-29T09:25:00",
          "2019-07-29T09:30:00",
          "2019-07-29T09:35:00",
          "2019-07-29T09:40:00",
          "2019-07-29T09:45:00",
          "2019-07-29T09:50:00",
          "2019-07-29T09:55:00",
          "2019-07-29T10:00:00",
          "2019-07-29T10:05:00",
          "2019-07-29T10:10:00",
          "2019-07-29T10:15:00",
          "2019-07-29T10:20:00",
          "2019-07-29T10:25:00",
          "2019-07-29T10:30:00",
          "2019-07-29T10:35:00",
          "2019-07-29T10:40:00",
          "2019-07-29T10:45:00",
          "2019-07-29T10:50:00",
          "2019-07-29T10:55:00",
          "2019-07-29T11:00:00",
          "2019-07-29T11:05:00",
          "2019-07-29T11:10:00",
          "2019-07-29T11:15:00",
          "2019-07-29T11:20:00",
          "2019-07-29T11:25:00",
          "2019-07-29T11:30:00",
          "2019-07-29T11:35:00",
          "2019-07-29T11:40:00",
          "2019-07-29T11:45:00",
          "2019-07-29T11:50:00",
          "2019-07-29T11:55:00",
          "2019-07-29T12:00:00",
          "2019-07-29T12:05:00",
          "2019-07-29T12:10:00",
          "2019-07-29T12:15:00",
          "2019-07-29T12:20:00",
          "2019-07-29T12:25:00",
          "2019-07-29T12:30:00",
          "2019-07-29T12:35:00",
          "2019-07-29T12:40:00",
          "2019-07-29T12:45:00",
          "2019-07-29T12:50:00",
          "2019-07-29T12:55:00",
          "2019-07-29T13:00:00",
          "2019-07-29T13:05:00",
          "2019-07-29T13:10:00",
          "2019-07-29T13:15:00",
          "2019-07-29T13:20:00",
          "2019-07-29T13:25:00",
          "2019-07-29T13:30:00",
          "2019-07-29T13:35:00",
          "2019-07-29T13:40:00",
          "2019-07-29T13:45:00",
          "2019-07-29T13:50:00",
          "2019-07-29T13:55:00",
          "2019-07-29T14:00:00",
          "2019-07-29T14:05:00",
          "2019-07-29T14:10:00",
          "2019-07-29T14:15:00",
          "2019-07-29T14:20:00",
          "2019-07-29T14:25:00",
          "2019-07-29T14:30:00",
          "2019-07-29T14:35:00",
          "2019-07-29T14:40:00",
          "2019-07-29T14:45:00",
          "2019-07-29T14:50:00",
          "2019-07-29T14:55:00",
          "2019-07-29T15:00:00",
          "2019-07-29T15:05:00",
          "2019-07-29T15:10:00",
          "2019-07-29T15:15:00",
          "2019-07-29T15:20:00",
          "2019-07-29T15:25:00",
          "2019-07-29T15:30:00",
          "2019-07-29T15:35:00",
          "2019-07-29T15:40:00",
          "2019-07-29T15:45:00",
          "2019-07-29T15:50:00",
          "2019-07-29T15:55:00",
          "2019-07-29T16:00:00",
          "2019-07-29T16:05:00",
          "2019-07-29T16:10:00",
          "2019-07-29T16:15:00",
          "2019-07-29T16:20:00",
          "2019-07-29T16:25:00",
          "2019-07-29T16:30:00",
          "2019-07-29T16:35:00",
          "2019-07-29T16:40:00",
          "2019-07-29T16:45:00",
          "2019-07-29T16:50:00",
          "2019-07-29T16:55:00",
          "2019-07-29T17:00:00",
          "2019-07-29T17:05:00",
          "2019-07-29T17:10:00",
          "2019-07-29T17:15:00",
          "2019-07-29T17:20:00",
          "2019-07-29T17:25:00",
          "2019-07-29T17:30:00",
          "2019-07-29T17:35:00",
          "2019-07-29T17:40:00",
          "2019-07-29T17:45:00",
          "2019-07-29T17:50:00",
          "2019-07-29T17:55:00",
          "2019-07-29T18:00:00",
          "2019-07-29T18:05:00",
          "2019-07-29T18:10:00",
          "2019-07-29T18:15:00",
          "2019-07-29T18:20:00",
          "2019-07-29T18:25:00",
          "2019-07-29T18:30:00",
          "2019-07-29T18:35:00",
          "2019-07-29T18:40:00",
          "2019-07-29T18:45:00",
          "2019-07-29T18:50:00",
          "2019-07-29T18:55:00",
          "2019-07-29T19:00:00",
          "2019-07-29T19:05:00",
          "2019-07-29T19:10:00",
          "2019-07-29T19:15:00",
          "2019-07-29T19:20:00",
          "2019-07-29T19:25:00",
          "2019-07-29T19:30:00",
          "2019-07-29T19:35:00",
          "2019-07-29T19:40:00",
          "2019-07-29T19:45:00",
          "2019-07-29T19:50:00",
          "2019-07-29T19:55:00",
          "2019-07-29T20:00:00",
          "2019-07-29T20:05:00",
          "2019-07-29T20:10:00",
          "2019-07-29T20:15:00",
          "2019-07-29T20:20:00",
          "2019-07-29T20:25:00",
          "2019-07-29T20:30:00",
          "2019-07-29T20:35:00",
          "2019-07-29T20:40:00",
          "2019-07-29T20:45:00",
          "2019-07-29T20:50:00",
          "2019-07-29T20:55:00",
          "2019-07-29T21:00:00",
          "2019-07-29T21:05:00",
          "2019-07-29T21:10:00",
          "2019-07-29T21:15:00",
          "2019-07-29T21:20:00",
          "2019-07-29T21:25:00",
          "2019-07-29T21:30:00",
          "2019-07-29T21:35:00",
          "2019-07-29T21:40:00",
          "2019-07-29T21:45:00",
          "2019-07-29T21:50:00",
          "2019-07-29T21:55:00",
          "2019-07-29T22:00:00",
          "2019-07-29T22:05:00",
          "2019-07-29T22:10:00",
          "2019-07-29T22:15:00",
          "2019-07-29T22:20:00",
          "2019-07-29T22:25:00",
          "2019-07-29T22:30:00",
          "2019-07-29T22:35:00",
          "2019-07-29T22:40:00",
          "2019-07-29T22:45:00",
          "2019-07-29T22:50:00",
          "2019-07-29T22:55:00",
          "2019-07-29T23:00:00",
          "2019-07-29T23:05:00",
          "2019-07-29T23:10:00",
          "2019-07-29T23:15:00",
          "2019-07-29T23:20:00",
          "2019-07-29T23:25:00",
          "2019-07-29T23:30:00",
          "2019-07-29T23:35:00",
          "2019-07-29T23:40:00",
          "2019-07-29T23:45:00",
          "2019-07-29T23:50:00",
          "2019-07-29T23:55:00",
          "2019-07-30T00:00:00",
          "2019-07-30T00:05:00",
          "2019-07-30T00:10:00",
          "2019-07-30T00:15:00",
          "2019-07-30T00:20:00",
          "2019-07-30T00:25:00",
          "2019-07-30T00:30:00",
          "2019-07-30T00:35:00",
          "2019-07-30T00:40:00",
          "2019-07-30T00:45:00",
          "2019-07-30T00:50:00",
          "2019-07-30T00:55:00",
          "2019-07-30T01:00:00",
          "2019-07-30T01:05:00",
          "2019-07-30T01:10:00",
          "2019-07-30T01:15:00",
          "2019-07-30T01:20:00",
          "2019-07-30T01:25:00",
          "2019-07-30T01:30:00",
          "2019-07-30T01:35:00",
          "2019-07-30T01:40:00",
          "2019-07-30T01:45:00",
          "2019-07-30T01:50:00",
          "2019-07-30T01:55:00",
          "2019-07-30T02:00:00",
          "2019-07-30T02:05:00",
          "2019-07-30T02:10:00",
          "2019-07-30T02:15:00",
          "2019-07-30T02:20:00",
          "2019-07-30T02:25:00",
          "2019-07-30T02:30:00",
          "2019-07-30T02:35:00",
          "2019-07-30T02:40:00",
          "2019-07-30T02:45:00",
          "2019-07-30T02:50:00",
          "2019-07-30T02:55:00",
          "2019-07-30T03:00:00",
          "2019-07-30T03:05:00",
          "2019-07-30T03:10:00",
          "2019-07-30T03:15:00",
          "2019-07-30T03:20:00",
          "2019-07-30T03:25:00",
          "2019-07-30T03:30:00",
          "2019-07-30T03:35:00",
          "2019-07-30T03:40:00",
          "2019-07-30T03:45:00",
          "2019-07-30T03:50:00",
          "2019-07-30T03:55:00",
          "2019-07-30T04:00:00",
          "2019-07-30T04:05:00",
          "2019-07-30T04:10:00",
          "2019-07-30T04:15:00",
          "2019-07-30T04:20:00",
          "2019-07-30T04:25:00",
          "2019-07-30T04:30:00",
          "2019-07-30T04:35:00",
          "2019-07-30T04:40:00",
          "2019-07-30T04:45:00",
          "2019-07-30T04:50:00",
          "2019-07-30T04:55:00",
          "2019-07-30T05:00:00",
          "2019-07-30T05:05:00",
          "2019-07-30T05:10:00",
          "2019-07-30T05:15:00",
          "2019-07-30T05:20:00",
          "2019-07-30T05:25:00",
          "2019-07-30T05:30:00",
          "2019-07-30T05:35:00",
          "2019-07-30T05:40:00",
          "2019-07-30T05:45:00",
          "2019-07-30T05:50:00",
          "2019-07-30T05:55:00",
          "2019-07-30T06:00:00",
          "2019-07-30T06:05:00",
          "2019-07-30T06:10:00",
          "2019-07-30T06:15:00",
          "2019-07-30T06:20:00",
          "2019-07-30T06:25:00",
          "2019-07-30T06:30:00",
          "2019-07-30T06:35:00",
          "2019-07-30T06:40:00",
          "2019-07-30T06:45:00",
          "2019-07-30T06:50:00",
          "2019-07-30T06:55:00",
          "2019-07-30T07:00:00",
          "2019-07-30T07:05:00",
          "2019-07-30T07:10:00",
          "2019-07-30T07:15:00",
          "2019-07-30T07:20:00",
          "2019-07-30T07:25:00",
          "2019-07-30T07:30:00",
          "2019-07-30T07:35:00",
          "2019-07-30T07:40:00",
          "2019-07-30T07:45:00",
          "2019-07-30T07:50:00",
          "2019-07-30T07:55:00",
          "2019-07-30T08:00:00",
          "2019-07-30T08:05:00",
          "2019-07-30T08:10:00",
          "2019-07-30T08:15:00",
          "2019-07-30T08:20:00",
          "2019-07-30T08:25:00",
          "2019-07-30T08:30:00",
          "2019-07-30T08:35:00",
          "2019-07-30T08:40:00",
          "2019-07-30T08:45:00",
          "2019-07-30T08:50:00",
          "2019-07-30T08:55:00",
          "2019-07-30T09:00:00",
          "2019-07-30T09:05:00",
          "2019-07-30T09:10:00",
          "2019-07-30T09:15:00",
          "2019-07-30T09:20:00",
          "2019-07-30T09:25:00",
          "2019-07-30T09:30:00",
          "2019-07-30T09:35:00",
          "2019-07-30T09:40:00",
          "2019-07-30T09:45:00",
          "2019-07-30T09:50:00",
          "2019-07-30T09:55:00",
          "2019-07-30T10:00:00",
          "2019-07-30T10:05:00",
          "2019-07-30T10:10:00",
          "2019-07-30T10:15:00",
          "2019-07-30T10:20:00",
          "2019-07-30T10:25:00",
          "2019-07-30T10:30:00",
          "2019-07-30T10:35:00",
          "2019-07-30T10:40:00",
          "2019-07-30T10:45:00",
          "2019-07-30T10:50:00",
          "2019-07-30T10:55:00",
          "2019-07-30T11:00:00",
          "2019-07-30T11:05:00",
          "2019-07-30T11:10:00",
          "2019-07-30T11:15:00",
          "2019-07-30T11:20:00",
          "2019-07-30T11:25:00",
          "2019-07-30T11:30:00",
          "2019-07-30T11:35:00",
          "2019-07-30T11:40:00",
          "2019-07-30T11:45:00",
          "2019-07-30T11:50:00",
          "2019-07-30T11:55:00",
          "2019-07-30T12:00:00",
          "2019-07-30T12:05:00",
          "2019-07-30T12:10:00",
          "2019-07-30T12:15:00",
          "2019-07-30T12:20:00",
          "2019-07-30T12:25:00",
          "2019-07-30T12:30:00",
          "2019-07-30T12:35:00",
          "2019-07-30T12:40:00",
          "2019-07-30T12:45:00",
          "2019-07-30T12:50:00",
          "2019-07-30T12:55:00",
          "2019-07-30T13:00:00",
          "2019-07-30T13:05:00",
          "2019-07-30T13:10:00",
          "2019-07-30T13:15:00",
          "2019-07-30T13:20:00",
          "2019-07-30T13:25:00",
          "2019-07-30T13:30:00",
          "2019-07-30T13:35:00",
          "2019-07-30T13:40:00",
          "2019-07-30T13:45:00",
          "2019-07-30T13:50:00",
          "2019-07-30T13:55:00",
          "2019-07-30T14:00:00",
          "2019-07-30T14:05:00",
          "2019-07-30T14:10:00",
          "2019-07-30T14:15:00",
          "2019-07-30T14:20:00",
          "2019-07-30T14:25:00",
          "2019-07-30T14:30:00",
          "2019-07-30T14:35:00",
          "2019-07-30T14:40:00",
          "2019-07-30T14:45:00",
          "2019-07-30T14:50:00",
          "2019-07-30T14:55:00",
          "2019-07-30T15:00:00",
          "2019-07-30T15:05:00",
          "2019-07-30T15:10:00",
          "2019-07-30T15:15:00",
          "2019-07-30T15:20:00",
          "2019-07-30T15:25:00",
          "2019-07-30T15:30:00",
          "2019-07-30T15:35:00",
          "2019-07-30T15:40:00",
          "2019-07-30T15:45:00",
          "2019-07-30T15:50:00",
          "2019-07-30T15:55:00",
          "2019-07-30T16:00:00",
          "2019-07-30T16:05:00",
          "2019-07-30T16:10:00",
          "2019-07-30T16:15:00",
          "2019-07-30T16:20:00",
          "2019-07-30T16:25:00",
          "2019-07-30T16:30:00",
          "2019-07-30T16:35:00",
          "2019-07-30T16:40:00",
          "2019-07-30T16:45:00",
          "2019-07-30T16:50:00",
          "2019-07-30T16:55:00",
          "2019-07-30T17:00:00",
          "2019-07-30T17:05:00",
          "2019-07-30T17:10:00",
          "2019-07-30T17:15:00",
          "2019-07-30T17:20:00",
          "2019-07-30T17:25:00",
          "2019-07-30T17:30:00",
          "2019-07-30T17:35:00",
          "2019-07-30T17:40:00",
          "2019-07-30T17:45:00",
          "2019-07-30T17:50:00",
          "2019-07-30T17:55:00",
          "2019-07-30T18:00:00",
          "2019-07-30T18:05:00",
          "2019-07-30T18:10:00",
          "2019-07-30T18:15:00",
          "2019-07-30T18:20:00",
          "2019-07-30T18:25:00",
          "2019-07-30T18:30:00",
          "2019-07-30T18:35:00",
          "2019-07-30T18:40:00",
          "2019-07-30T18:45:00",
          "2019-07-30T18:50:00",
          "2019-07-30T18:55:00",
          "2019-07-30T19:00:00",
          "2019-07-30T19:05:00",
          "2019-07-30T19:10:00",
          "2019-07-30T19:15:00",
          "2019-07-30T19:20:00",
          "2019-07-30T19:25:00",
          "2019-07-30T19:30:00",
          "2019-07-30T19:35:00",
          "2019-07-30T19:40:00",
          "2019-07-30T19:45:00",
          "2019-07-30T19:50:00",
          "2019-07-30T19:55:00",
          "2019-07-30T20:00:00",
          "2019-07-30T20:05:00",
          "2019-07-30T20:10:00",
          "2019-07-30T20:15:00",
          "2019-07-30T20:20:00",
          "2019-07-30T20:25:00",
          "2019-07-30T20:30:00",
          "2019-07-30T20:35:00",
          "2019-07-30T20:40:00",
          "2019-07-30T20:45:00",
          "2019-07-30T20:50:00",
          "2019-07-30T20:55:00",
          "2019-07-30T21:00:00",
          "2019-07-30T21:05:00",
          "2019-07-30T21:10:00",
          "2019-07-30T21:15:00",
          "2019-07-30T21:20:00",
          "2019-07-30T21:25:00",
          "2019-07-30T21:30:00",
          "2019-07-30T21:35:00",
          "2019-07-30T21:40:00",
          "2019-07-30T21:45:00",
          "2019-07-30T21:50:00",
          "2019-07-30T21:55:00",
          "2019-07-30T22:00:00",
          "2019-07-30T22:05:00",
          "2019-07-30T22:10:00",
          "2019-07-30T22:15:00",
          "2019-07-30T22:20:00",
          "2019-07-30T22:25:00",
          "2019-07-30T22:30:00",
          "2019-07-30T22:35:00",
          "2019-07-30T22:40:00",
          "2019-07-30T22:45:00",
          "2019-07-30T22:50:00",
          "2019-07-30T22:55:00",
          "2019-07-30T23:00:00",
          "2019-07-30T23:05:00",
          "2019-07-30T23:10:00",
          "2019-07-30T23:15:00",
          "2019-07-30T23:20:00",
          "2019-07-30T23:25:00",
          "2019-07-30T23:30:00",
          "2019-07-30T23:35:00",
          "2019-07-30T23:40:00",
          "2019-07-30T23:45:00",
          "2019-07-30T23:50:00"
        ]
      }
    },
    {
      "type": "Feature",
      "geometry": {
        "type": "LineString",
        "coordinates": [
          [
            -36.06919493349758,
            -9.034822144192743
          ],
          [
            -36.06727863883431,
            -9.033099142645867
          ],
          [
            -36.06536234417104,
            -9.03137614109899
          ],
          [
            -36.063446049507775,
            -9.029653139552114
          ],
          [
            -36.06152975484451,
            -9.027930138005237
          ],
          [
            -36.05961346018124,
            -9.02620713645836
          ],
          [
            -36.05769716551797,
            -9.024484134911484
          ],
          [
            -36.055780870854704,
            -9.022761133364607
          ],
          [
            -36.05386457619144,
            -9.02103813181773
          ],
          [
            -36.05194828152817,
            -9.019315130270854
          ],
          [
            -36.0500319868649,
            -9.017592128723978
          ],
          [
            -36.048115692201634,
            -9.015869127177101
          ],
          [
            -36.046199397538366,
            -9.014146125630225
          ],
          [
            -36.0442831028751,
            -9.012423124083348
          ],
          [
            -36.04236680821183,
            -9.010700122536472
          ],
          [
            -36.04045051354856,
            -9.008977120989595
          ],
          [
            -36.038534218885296,
            -9.007254119442718
          ],
          [
            -36.03661792422203,
            -9.005531117895842
          ],
          [
            -36.03470162955876,
            -9.003808116348965
          ],
          [
            -36.03278533489549,
            -9.002085114802089
          ],
          [
            -36.030869040232226,
            -9.000362113255212
          ],
          [
            -36.02895274556896,
            -8.998639111708336
          ],
          [
            -36.02703645090569,
            -8.99691611016146
          ],
          [
            -36.02512015624242,
            -8.995193108614583
          ],
          [
            -36.023203861579155,
            -8.993470107067706
          ],
          [
            -36.02128756691589,
            -8.99174710552083
          ],
          [
            -36.01937127225262,
            -8.990024103973953
          ],
          [
            -36.01745497758935,
            -8.988301102427076
          ],
          [
            -36.015538682926085,
            -8.9865781008802
          ],
          [
            -36.01362238826282,
            -8.984855099333323
          ],
          [
            -36.01170609359955,
            -8.983132097786447
          ],
          [
            -36.00978979893628,
            -8.98140909623957
          ],
          [
            -36.007873504273014,
            -8.979686094692694
          ],
          [
            -36.00595720960975,
            -8.977963093145817
          ],
          [
            -36.00404091494648,
            -8.97624009159894
          ],
          [
            -36.00212462028321,
            -8.974517090052064
          ],
          [
            -36.000208325619944,
            -8.972794088505188
          ],
          [
            -35.99829203095668,
            -8.971071086958311
          ],
          [
            -35.99637573629341,
            -8.969348085411434
          ],
          [
            -35.99445944163014,
            -8.967625083864558
          ],
          [
            -35.992543146966874,
            -8.965902082317681
          ],
          [
            -35.990626852303606,
            -8.964179080770805
          ],
          [
            -35.98871055764034,
            -8.962456079223928
          ],
          [
            -35.98679426297707,
            -8.960733077677052
          ],
          [
            -35.9848779683138,
            -8.959010076130175
          ],
          [
            -35.982961673650536,
            -8.957287074583299
          ],
          [
            -35.98104537898727,
            -8.955564073036422
          ],
          [
            -35.979129084324,
            -8.953841071489546
          ],
          [
            -35.97721278966073,
            -8.952118069942669
          ],
          [
            -35.975296494997465,
            -8.950395068395792
          ],
          [
            -35.9733802003342,
            -8.948672066848916
          ],
          [
            -35.97146390567093,
            -8.94694906530204
          ],
          [
            -35.96954761100766,
            -8.945226063755163
          ],
          [
            -35.967631316344395,
            -8.943503062208286
          ],
          [
            -35.96571502168113,
            -8.94178006066141
          ],
          [
            -35.96379872701786,
            -8.940057059114533
          ],
          [
            -35.96188243235459,
            -8.938334057567657
          ],
          [
            -35.959966137691325,
            -8.93661105602078
          ],
          [
            -35.95804984302806,
            -8.934888054473904
          ],
          [
            -35.95613354836479,
            -8.933165052927027
          ],
          [
            -35.95421725370152,
            -8.93144205138015
          ],
          [
            -35.952300959038254,
            -8.929719049833274
          ],
          [
            -35.95038466437499,
            -8.927996048286397
          ],
          [
            -35.94846836971172,
            -8.92627304673952
          ],
          [
            -35.94655207504845,
            -8.924550045192644
          ],
          [
            -35.944635780385184,
            -8.922827043645768
          ],
          [
            -35.942719485721916,
            -8.921104042098891
          ],
          [
            -35.94080319105865,
            -8.919381040552015
          ],
          [
            -35.93888689639538,
            -8.917658039005138
          ],
          [
            -35.93697060173211,
            -8.915935037458262
          ],
          [
            -35.935054307068846,
            -8.914212035911385
          ],
          [
            -35.93313801240558,
            -8.912489034364508
          ],
          [
            -35.93122171774231,
            -8.910766032817632
          ],
          [
            -35.92930542307904,
            -8.909043031270755
          ],
          [
            -35.927389128415776,
            -8.907320029723879
          ],
          [
            -35.92547283375251,
            -8.905597028177002
          ],
          [
            -35.92355653908924,
            -8.903874026630126
          ],
          [
            -35.92164024442597,
            -8.90215102508325
          ],
          [
            -35.919723949762705,
            -8.900428023536373
          ],
          [
            -35.91780765509944,
            -8.898705021989496
          ],
          [
            -35.91589136043617,
            -8.89698202044262
          ],
          [
            -35.9139750657729,
            -8.895259018895743
          ],
          [
            -35.912058771109635,
            -8.893536017348866
          ],
          [
            -35.91014247644637,
            -8.89181301580199
          ],
          [
            -35.9082261817831,
            -8.890090014255113
          ],
          [
            -35.90630988711983,
            -8.888367012708237
          ],
          [
            -35.904393592456564,
            -8.88664401116136
          ],
          [
            -35.9024772977933,
            -8.884921009614484
          ],
          [
            -35.90056100313003,
            -8.883198008067607
          ],
          [
            -35.89864470846676,
            -8.88147500652073
          ],
          [
            -35.896728413803494,
            -8.879752004973854
          ],
          [
            -35.89481211914023,
            -8.878029003426978
          ],
          [
            -35.89289582447696,
            -8.876306001880101
          ],
          [
            -35.89097952981369,
            -8.874583000333224
          ],
          [
            -35.889063235150424,
            -8.872859998786348
          ],
          [
            -35.887146940487156,
            -8.871136997239471
          ],
          [
            -35.88523064582389,
            -8.869413995692595
          ],
          [
            -35.88331435116062,
            -8.867690994145718
          ],
          [
            -35.88139805649735,
            -8.865967992598842
          ],
          [
            -35.879481761834086,
            -8.864244991051965
          ],
          [
            -35.87756546717082,
            -8.862521989505089
          ],
          [
            -35.87564917250755,
            -8.860798987958212
          ],
          [
            -35.87373287784428,
            -8.859075986411336
          ],
          [
            -35.871816583181015,
            -8.857352984864459
          ],
          [
            -35.86990028851775,
            -8.855629983317582
          ],
          [
            -35.86798399385448,
            -8.853906981770706
          ],
          [
            -35.86606769919121,
            -8.85218398022383
          ],
          [
            -35.864151404527945,
            -8.850460978676953
          ],
          [
            -35.86223510986468,
            -8.848737977130076
          ],
          [
            -35.86031881520141,
            -8.8470149755832
          ],
          [
            -35.85840252053814,
            -8.845291974036323
          ],
          [
            -35.856486225874875,
            -8.843568972489447
          ],
          [
            -35.85456993121161,
            -8.84184597094257
          ],
          [
            -35.85265363654834,
            -8.840122969395694
          ],
          [
            -35.85073734188507,
            -8.838399967848817
          ],
          [
            -35.848821047221804,
            -8.83667696630194
          ],
          [
            -35.84690475255854,
            -8.834953964755064
          ],
          [
            -35.84498845789527,
            -8.833230963208187
          ],
          [
            -35.843072163232,
            -8.83150796166131
          ],
          [
            -35.841155868568734,
            -8.829784960114434
          ],
          [
            -35.839239573905466,
            -8.828061958567558
          ],
          [
            -35.8373232792422,
            -8.826338957020681
          ],
          [
            -35.83540698457893,
            -8.824615955473805
          ],
          [
            -35.83349068991566,
            -8.822892953926928
          ],
          [
            -35.831574395252396,
            -8.821169952380052
          ],
          [
            -35.82965810058913,
            -8.819446950833175
          ],
          [
            -35.82774180592586,
            -8.817723949286298
          ],
          [
            -35.82582551126259,
            -8.816000947739422
          ],
          [
            -35.823909216599326,
            -8.814277946192545
          ],
          [
            -35.82199292193606,
            -8.812554944645669
          ],
          [
            -35.82007662727279,
            -8.810831943098792
          ],
          [
            -35.81816033260952,
            -8.809108941551916
          ],
          [
            -35.816244037946255,
            -8.80738594000504
          ],
          [
            -35.81432774328299,
            -8.805662938458163
          ],
          [
            -35.81241144861972,
            -8.803939936911286
          ],
          [
            -35.81049515395645,
            -8.80221693536441
          ],
          [
            -35.808578859293185,
            -8.800493933817533
          ],
          [
            -35.80666256462992,
            -8.798770932270656
          ],
          [
            -35.80474626996665,
            -8.79704793072378
          ],
          [
            -35.80282997530338,
            -8.795324929176903
          ],
          [
            -35.800913680640114,
            -8.793601927630027
          ],
          [
            -35.79899738597685,
            -8.79187892608315
          ],
          [
            -35.79708109131358,
            -8.790155924536274
          ],
          [
            -35.79516479665031,
            -8.788432922989397
          ],
          [
            -35.793248501987044,
            -8.78670992144252
          ],
          [
            -35.79133220732378,
            -8.784986919895644
          ],
          [
            -35.78941591266051,
            -8.783263918348768
          ],
          [
            -35.78749961799724,
            -8.781540916801891
          ],
          [
            -35.785583323333974,
            -8.779817915255014
          ],
          [
            -35.783667028670706,
            -8.778094913708138
          ],
          [
            -35.78175073400744,
            -8.776371912161261
          ],
          [
            -35.77983443934417,
            -8.774648910614385
          ],
          [
            -35.7779181446809,
            -8.772925909067508
          ],
          [
            -35.776001850017636,
            -8.771202907520632
          ],
          [
            -35.77408555535437,
            -8.769479905973755
          ],
          [
            -35.7721692606911,
            -8.767756904426879
          ],
          [
            -35.77025296602783,
            -8.766033902880002
          ],
          [
            -35.768336671364565,
            -8.764310901333126
          ],
          [
            -35.7664203767013,
            -8.762587899786249
          ],
          [
            -35.76450408203803,
            -8.760864898239372
          ],
          [
            -35.76258778737476,
            -8.759141896692496
          ],
          [
            -35.760671492711495,
            -8.75741889514562
          ],
          [
            -35.75875519804823,
            -8.755695893598743
          ],
          [
            -35.75683890338496,
            -8.753972892051866
          ],
          [
            -35.75492260872169,
            -8.75224989050499
          ],
          [
            -35.753006314058425,
            -8.750526888958113
          ],
          [
            -35.75109001939516,
            -8.748803887411237
          ],
          [
            -35.74917372473189,
            -8.74708088586436
          ],
          [
            -35.74725743006862,
            -8.745357884317484
          ],
          [
            -35.745341135405354,
            -8.743634882770607
          ],
          [
            -35.74342484074209,
            -8.74191188122373
          ],
          [
            -35.74150854607882,
            -8.740188879676854
          ],
          [
            -35.73959225141555,
            -8.738465878129977
          ],
          [
            -35.737675956752284,
            -8.7367428765831
          ],
          [
            -35.735759662089016,
            -8.735019875036224
          ],
          [
            -35.73384336742575,
            -8.733296873489348
          ],
          [
            -35.73192707276248,
            -8.731573871942471
          ],
          [
            -35.730010778099214,
            -8.729850870395595
          ],
          [
            -35.728094483435946,
            -8.728127868848718
          ],
          [
            -35.72617818877268,
            -8.726404867301842
          ],
          [
            -35.72426189410941,
            -8.724681865754965
          ],
          [
            -35.72234559944614,
            -8.722958864208088
          ],
          [
            -35.720429304782876,
            -8.721235862661212
          ],
          [
            -35.71851301011961,
            -8.719512861114335
          ],
          [
            -35.71659671545634,
            -8.717789859567459
          ],
          [
            -35.71468042079307,
            -8.716066858020582
          ],
          [
            -35.712764126129805,
            -8.714343856473706
          ],
          [
            -35.71084783146654,
            -8.71262085492683
          ],
          [
            -35.70893153680327,
            -8.710897853379953
          ],
          [
            -35.70701524214,
            -8.709174851833076
          ],
          [
            -35.705098947476735,
            -8.7074518502862
          ],
          [
            -35.70318265281347,
            -8.705728848739323
          ],
          [
            -35.7012663581502,
            -8.704005847192446
          ],
          [
            -35.69935006348693,
            -8.70228284564557
          ],
          [
            -35.697433768823664,
            -8.700559844098693
          ],
          [
            -35.6955174741604,
            -8.698836842551817
          ],
          [
            -35.69360117949713,
            -8.69711384100494
          ],
          [
            -35.69168488483386,
            -8.695390839458064
          ],
          [
            -35.689768590170594,
            -8.693667837911187
          ],
          [
            -35.68785229550733,
            -8.69194483636431
          ],
          [
            -35.68593600084406,
            -8.690221834817434
          ],
          [
            -35.68401970618079,
            -8.688498833270557
          ],
          [
            -35.682103411517524,
            -8.686775831723681
          ],
          [
            -35.680187116854256,
            -8.685052830176804
          ],
          [
            -35.67827082219099,
            -8.683329828629928
          ],
          [
            -35.67635452752772,
            -8.681606827083051
          ],
          [
            -35.67443823286445,
            -8.679883825536175
          ],
          [
            -35.672521938201186,
            -8.678160823989298
          ],
          [
            -35.67060564353792,
            -8.676437822442422
          ],
          [
            -35.66868934887465,
            -8.674714820895545
          ],
          [
            -35.66677305421138,
            -8.672991819348669
          ],
          [
            -35.664856759548115,
            -8.671268817801792
          ],
          [
            -35.66294046488485,
            -8.669545816254915
          ],
          [
            -35.66102417022158,
            -8.667822814708039
          ],
          [
            -35.65910787555831,
            -8.666099813161162
          ],
          [
            -35.657191580895045,
            -8.664376811614286
          ],
          [
            -35.65527528623178,
            -8.66265381006741
          ],
          [
            -35.65335899156851,
            -8.660930808520533
          ],
          [
            -35.65144269690524,
            -8.659207806973656
          ],
          [
            -35.649526402241975,
            -8.65748480542678
          ],
          [
            -35.64761010757871,
            -8.655761803879903
          ],
          [
            -35.64569381291544,
            -8.654038802333027
          ],
          [
            -35.64377751825217,
            -8.65231580078615
          ],
          [
            -35.641861223588904,
            -8.650592799239273
          ],
          [
            -35.63994492892564,
            -8.648869797692397
          ],
          [
            -35.63802863426237,
            -8.64714679614552
          ],
          [
            -35.6361123395991,
            -8.645423794598644
          ],
          [
            -35.634196044935834,
            -8.643700793051767
          ],
          [
            -35.632279750272566,
            -8.64197779150489
          ],
          [
            -35.6303634556093,
            -8.640254789958014
          ],
          [
            -35.62844716094603,
            -8.638531788411138
          ],
          [
            -35.626530866282764,
            -8.636808786864261
          ],
          [
            -35.624614571619496,
            -8.635085785317385
          ],
          [
            -35.62269827695623,
            -8.633362783770508
          ],
          [
            -35.62078198229296,
            -8.631639782223631
          ],
          [
            -35.61886568762969,
            -8.629916780676755
          ],
          [
            -35.616949392966426,
            -8.628193779129878
          ],
          [
            -35.61503309830316,
            -8.626470777583002
          ],
          [
            -35.61311680363989,
            -8.624747776036125
          ],
          [
            -35.61120050897662,
            -8.623024774489249
          ],
          [
            -35.609284214313355,
            -8.621301772942372
          ],
          [
            -35.60736791965009,
            -8.619578771395496
          ],
          [
            -35.60545162498682,
            -8.61785576984862
          ],
          [
            -35.60353533032355,
            -8.616132768301743
          ],
          [
            -35.601619035660285,
            -8.614409766754866
          ],
          [
            -35.59970274099702,
            -8.61268676520799
          ],
          [
            -35.59778644633375,
            -8.610963763661113
          ],
          [
            -35.59587015167048,
            -8.609240762114236
          ],
          [
            -35.593953857007214,
            -8.60751776056736
          ],
          [
            -35.59203756234395,
            -8.605794759020483
          ],
          [
            -35.59012126768068,
            -8.604071757473607
          ],
          [
            -35.58820497301741,
            -8.60234875592673
          ],
          [
            -35.586288678354144,
            -8.600625754379854
          ],
          [
            -35.58437238369088,
            -8.598902752832977
          ],
          [
            -35.58245608902761,
            -8.5971797512861
          ],
          [
            -35.58053979436434,
            -8.595456749739224
          ],
          [
            -35.578623499701074,
            -8.593733748192347
          ],
          [
            -35.576707205037806,
            -8.592010746645471
          ],
          [
            -35.57479091037454,
            -8.590287745098594
          ],
          [
            -35.57287461571127,
            -8.588564743551718
          ],
          [
            -35.570958321048,
            -8.586841742004841
          ],
          [
            -35.569042026384736,
            -8.585118740457965
          ],
          [
            -35.56712573172147,
            -8.583395738911088
          ],
          [
            -35.5652094370582,
            -8.581672737364212
          ],
          [
            -35.56329314239493,
            -8.579949735817335
          ],
          [
            -35.561376847731665,
            -8.578226734270459
          ],
          [
            -35.5594605530684,
            -8.576503732723582
          ],
          [
            -35.55754425840513,
            -8.574780731176705
          ],
          [
            -35.55562796374186,
            -8.573057729629829
          ],
          [
            -35.553711669078595,
            -8.571334728082952
          ],
          [
            -35.55179537441533,
            -8.569611726536076
          ],
          [
            -35.54987907975206,
            -8.5678887249892
          ],
          [
            -35.54796278508879,
            -8.566165723442323
          ],
          [
            -35.546046490425525,
            -8.564442721895446
          ],
          [
            -35.54413019576226,
            -8.56271972034857
          ],
          [
            -35.54221390109899,
            -8.560996718801693
          ],
          [
            -35.54029760643572,
            -8.559273717254817
          ],
          [
            -35.538381311772454,
            -8.55755071570794
          ],
          [
            -35.53646501710919,
            -8.555827714161063
          ],
          [
            -35.53454872244592,
            -8.554104712614187
          ],
          [
            -35.53263242778265,
            -8.55238171106731
          ],
          [
            -35.530716133119384,
            -8.550658709520434
          ],
          [
            -35.528799838456116,
            -8.548935707973557
          ],
          [
            -35.52688354379285,
            -8.54721270642668
          ],
          [
            -35.52496724912958,
            -8.545489704879804
          ],
          [
            -35.523050954466314,
            -8.543766703332928
          ],
          [
            -35.521134659803046,
            -8.542043701786051
          ],
          [
            -35.51921836513978,
            -8.540320700239175
          ],
          [
            -35.51730207047651,
            -8.538597698692298
          ],
          [
            -35.51538577581324,
            -8.536874697145421
          ],
          [
            -35.513469481149976,
            -8.535151695598545
          ],
          [
            -35.51155318648671,
            -8.533428694051668
          ],
          [
            -35.50963689182344,
            -8.531705692504792
          ],
          [
            -35.50772059716017,
            -8.529982690957915
          ],
          [
            -35.505804302496905,
            -8.528259689411039
          ],
          [
            -35.50388800783364,
            -8.526536687864162
          ],
          [
            -35.50197171317037,
            -8.524813686317286
          ],
          [
            -35.5000554185071,
            -8.523090684770409
          ],
          [
            -35.498139123843835,
            -8.521367683223533
          ],
          [
            -35.49622282918057,
            -8.519644681676656
          ],
          [
            -35.4943065345173,
            -8.51792168012978
          ],
          [
            -35.49239023985403,
            -8.516198678582903
          ],
          [
            -35.490473945190764,
            -8.514475677036026
          ],
          [
            -35.4885576505275,
            -8.51275267548915
          ],
          [
            -35.48664135586423,
            -8.511029673942273
          ],
          [
            -35.48472506120096,
            -8.509306672395397
          ],
          [
            -35.482808766537694,
            -8.50758367084852
          ],
          [
            -35.48089247187443,
            -8.505860669301644
          ],
          [
            -35.47897617721116,
            -8.504137667754767
          ],
          [
            -35.47705988254789,
            -8.50241466620789
          ],
          [
            -35.475143587884624,
            -8.500691664661014
          ],
          [
            -35.473227293221356,
            -8.498968663114137
          ],
          [
            -35.47131099855809,
            -8.497245661567261
          ],
          [
            -35.46939470389482,
            -8.495522660020384
          ],
          [
            -35.46747840923155,
            -8.493799658473508
          ],
          [
            -35.465562114568286,
            -8.492076656926631
          ],
          [
            -35.46364581990502,
            -8.490353655379755
          ],
          [
            -35.46172952524175,
            -8.488630653832878
          ],
          [
            -35.45981323057848,
            -8.486907652286002
          ],
          [
            -35.457896935915215,
            -8.485184650739125
          ],
          [
            -35.45598064125195,
            -8.483461649192249
          ],
          [
            -35.45406434658868,
            -8.481738647645372
          ],
          [
            -35.45214805192541,
            -8.480015646098495
          ],
          [
            -35.450231757262145,
            -8.478292644551619
          ],
          [
            -35.44831546259888,
            -8.476569643004742
          ],
          [
            -35.44639916793561,
            -8.474846641457866
          ],
          [
            -35.44448287327234,
            -8.47312363991099
          ],
          [
            -35.442566578609075,
            -8.471400638364113
          ],
          [
            -35.44065028394581,
            -8.469677636817236
          ],
          [
            -35.43873398928254,
            -8.46795463527036
          ],
          [
            -35.43681769461927,
            -8.466231633723483
          ],
          [
            -35.434901399956004,
            -8.464508632176607
          ],
          [
            -35.43298510529274,
            -8.46278563062973
          ],
          [
            -35.43106881062947,
            -8.461062629082853
          ],
          [
            -35.4291525159662,
            -8.459339627535977
          ],
          [
            -35.427236221302934,
            -8.4576166259891
          ],
          [
            -35.425319926639666,
            -8.455893624442224
          ],
          [
            -35.4234036319764,
            -8.454170622895347
          ],
          [
            -35.42148733731313,
            -8.45244762134847
          ],
          [
            -35.419571042649864,
            -8.450724619801594
          ],
          [
            -35.417654747986596,
            -8.449001618254718
          ],
          [
            -35.41573845332333,
            -8.447278616707841
          ],
          [
            -35.41382215866006,
            -8.445555615160965
          ],
          [
            -35.41190586399679,
            -8.443832613614088
          ],
          [
            -35.409989569333526,
            -8.442109612067211
          ],
          [
            -35.40807327467026,
            -8.440386610520335
          ],
          [
            -35.40615698000699,
            -8.438663608973458
          ],
          [
            -35.40424068534372,
            -8.436940607426582
          ],
          [
            -35.402324390680455,
            -8.435217605879705
          ],
          [
            -35.40040809601719,
            -8.433494604332829
          ],
          [
            -35.39849180135392,
            -8.431771602785952
          ],
          [
            -35.39657550669065,
            -8.430048601239076
          ],
          [
            -35.394659212027385,
            -8.428325599692199
          ],
          [
            -35.39274291736412,
            -8.426602598145323
          ],
          [
            -35.39082662270085,
            -8.424879596598446
          ],
          [
            -35.38891032803758,
            -8.42315659505157
          ],
          [
            -35.386994033374314,
            -8.421433593504693
          ],
          [
            -35.38507773871105,
            -8.419710591957816
          ],
          [
            -35.38316144404778,
            -8.41798759041094
          ],
          [
            -35.38124514938451,
            -8.416264588864063
          ],
          [
            -35.379328854721244,
            -8.414541587317187
          ],
          [
            -35.37741256005798,
            -8.41281858577031
          ],
          [
            -35.37549626539471,
            -8.411095584223434
          ],
          [
            -35.37357997073144,
            -8.409372582676557
          ],
          [
            -35.371663676068174,
            -8.40764958112968
          ],
          [
            -35.369747381404906,
            -8.405926579582804
          ],
          [
            -35.36783108674164,
            -8.404203578035927
          ],
          [
            -35.36591479207837,
            -8.402480576489051
          ],
          [
            -35.3639984974151,
            -8.400757574942174
          ],
          [
            -35.362082202751836,
            -8.399034573395298
          ],
          [
            -35.36016590808857,
            -8.397311571848421
          ],
          [
            -35.3582496134253,
            -8.395588570301545
          ],
          [
            -35.35633331876203,
            -8.393865568754668
          ],
          [
            -35.354417024098765,
            -8.392142567207792
          ],
          [
            -35.3525007294355,
            -8.390419565660915
          ],
          [
            -35.35058443477223,
            -8.388696564114039
          ],
          [
            -35.34866814010896,
            -8.386973562567162
          ],
          [
            -35.346751845445695,
            -8.385250561020285
          ],
          [
            -35.34483555078243,
            -8.383527559473409
          ],
          [
            -35.34291925611916,
            -8.381804557926532
          ],
          [
            -35.34100296145589,
            -8.380081556379656
          ],
          [
            -35.339086666792625,
            -8.37835855483278
          ],
          [
            -35.33717037212936,
            -8.376635553285903
          ],
          [
            -35.33525407746609,
            -8.374912551739026
          ],
          [
            -35.33333778280282,
            -8.37318955019215
          ],
          [
            -35.331421488139554,
            -8.371466548645273
          ],
          [
            -35.32950519347629,
            -8.369743547098397
          ],
          [
            -35.32758889881302,
            -8.36802054555152
          ],
          [
            -35.32567260414975,
            -8.366297544004643
          ],
          [
            -35.323756309486484,
            -8.364574542457767
          ],
          [
            -35.321840014823216,
            -8.36285154091089
          ],
          [
            -35.31992372015995,
            -8.361128539364014
          ],
          [
            -35.31800742549668,
            -8.359405537817137
          ],
          [
            -35.316091130833414,
            -8.35768253627026
          ],
          [
            -35.314174836170146,
            -8.355959534723384
          ],
          [
            -35.31225854150688,
            -8.354236533176508
          ],
          [
            -35.31034224684361,
            -8.352513531629631
          ],
          [
            -35.30842595218034,
            -8.350790530082755
          ],
          [
            -35.306509657517076,
            -8.349067528535878
          ],
          [
            -35.30459336285381,
            -8.347344526989001
          ],
          [
            -35.30267706819054,
            -8.345621525442125
          ],
          [
            -35.30076077352727,
            -8.343898523895248
          ],
          [
            -35.298844478864005,
            -8.342175522348372
          ],
          [
            -35.29692818420074,
            -8.340452520801495
          ],
          [
            -35.29501188953747,
            -8.338729519254619
          ],
          [
            -35.2930955948742,
            -8.337006517707742
          ],
          [
            -35.291179300210935,
            -8.335283516160866
          ],
          [
            -35.28926300554767,
            -8.333560514613989
          ],
          [
            -35.2873467108844,
            -8.331837513067113
          ],
          [
            -35.28543041622113,
            -8.330114511520236
          ],
          [
            -35.283514121557864,
            -8.32839150997336
          ],
          [
            -35.2815978268946,
            -8.326668508426483
          ],
          [
            -35.27968153223133,
            -8.324945506879606
          ],
          [
            -35.27776523756806,
            -8.32322250533273
          ],
          [
            -35.275848942904794,
            -8.321499503785853
          ],
          [
            -35.27393264824153,
            -8.319776502238977
          ],
          [
            -35.27201635357826,
            -8.3180535006921
          ],
          [
            -35.27010005891499,
            -8.316330499145224
          ],
          [
            -35.268183764251724,
            -8.314607497598347
          ],
          [
            -35.266267469588456,
            -8.31288449605147
          ],
          [
            -35.26435117492519,
            -8.311161494504594
          ],
          [
            -35.26243488026192,
            -8.309438492957717
          ],
          [
            -35.26051858559865,
            -8.30771549141084
          ],
          [
            -35.258602290935386,
            -8.305992489863964
          ],
          [
            -35.25668599627212,
            -8.304269488317088
          ],
          [
            -35.25476970160885,
            -8.302546486770211
          ],
          [
            -35.25285340694558,
            -8.300823485223335
          ],
          [
            -35.250937112282315,
            -8.299100483676458
          ],
          [
            -35.24902081761905,
            -8.297377482129582
          ],
          [
            -35.24710452295578,
            -8.295654480582705
          ],
          [
            -35.24518822829251,
            -8.293931479035829
          ],
          [
            -35.243271933629245,
            -8.292208477488952
          ],
          [
            -35.24135563896598,
            -8.290485475942075
          ],
          [
            -35.23943934430271,
            -8.288762474395199
          ],
          [
            -35.23752304963944,
            -8.287039472848322
          ],
          [
            -35.235606754976175,
            -8.285316471301446
          ],
          [
            -35.23369046031291,
            -8.28359346975457
          ],
          [
            -35.23177416564964,
            -8.281870468207693
          ],
          [
            -35.22985787098637,
            -8.280147466660816
          ],
          [
            -35.227941576323104,
            -8.27842446511394
          ],
          [
            -35.22602528165984,
            -8.276701463567063
          ],
          [
            -35.22410898699657,
            -8.274978462020186
          ],
          [
            -35.2221926923333,
            -8.27325546047331
          ],
          [
            -35.220276397670034,
            -8.271532458926433
          ],
          [
            -35.218360103006766,
            -8.269809457379557
          ],
          [
            -35.2164438083435,
            -8.26808645583268
          ],
          [
            -35.21452751368023,
            -8.266363454285804
          ],
          [
            -35.212611219016964,
            -8.264640452738927
          ],
          [
            -35.210694924353696,
            -8.26291745119205
          ],
          [
            -35.20877862969043,
            -8.261194449645174
          ],
          [
            -35.20686233502716,
            -8.259471448098298
          ],
          [
            -35.20494604036389,
            -8.257748446551421
          ],
          [
            -35.203029745700626,
            -8.256025445004544
          ],
          [
            -35.20111345103736,
            -8.254302443457668
          ],
          [
            -35.19919715637409,
            -8.252579441910791
          ],
          [
            -35.19728086171082,
            -8.250856440363915
          ],
          [
            -35.195364567047555,
            -8.249133438817038
          ],
          [
            -35.19344827238429,
            -8.247410437270162
          ],
          [
            -35.19153197772102,
            -8.245687435723285
          ],
          [
            -35.18961568305775,
            -8.243964434176409
          ],
          [
            -35.187699388394485,
            -8.242241432629532
          ],
          [
            -35.18578309373122,
            -8.240518431082656
          ],
          [
            -35.18386679906795,
            -8.238795429535779
          ],
          [
            -35.18195050440468,
            -8.237072427988902
          ],
          [
            -35.180034209741414,
            -8.235349426442026
          ],
          [
            -35.17811791507815,
            -8.23362642489515
          ],
          [
            -35.17620162041488,
            -8.231903423348273
          ],
          [
            -35.17428532575161,
            -8.230180421801396
          ],
          [
            -35.172369031088344,
            -8.22845742025452
          ],
          [
            -35.17045273642508,
            -8.226734418707643
          ],
          [
            -35.16853644176181,
            -8.225011417160767
          ],
          [
            -35.16662014709854,
            -8.22328841561389
          ],
          [
            -35.164703852435274,
            -8.221565414067014
          ],
          [
            -35.162787557772006,
            -8.219842412520137
          ],
          [
            -35.16087126310874,
            -8.21811941097326
          ],
          [
            -35.15895496844547,
            -8.216396409426384
          ],
          [
            -35.1570386737822,
            -8.214673407879507
          ],
          [
            -35.155122379118936,
            -8.21295040633263
          ],
          [
            -35.15320608445567,
            -8.211227404785754
          ],
          [
            -35.1512897897924,
            -8.209504403238878
          ],
          [
            -35.14937349512913,
            -8.207781401692001
          ],
          [
            -35.147457200465865,
            -8.206058400145125
          ],
          [
            -35.1455409058026,
            -8.204335398598248
          ],
          [
            -35.14362461113933,
            -8.202612397051372
          ],
          [
            -35.14170831647606,
            -8.200889395504495
          ],
          [
            -35.139792021812795,
            -8.199166393957618
          ],
          [
            -35.13787572714953,
            -8.197443392410742
          ],
          [
            -35.13595943248626,
            -8.195720390863865
          ],
          [
            -35.13404313782299,
            -8.193997389316989
          ],
          [
            -35.132126843159725,
            -8.192274387770112
          ],
          [
            -35.13021054849646,
            -8.190551386223236
          ],
          [
            -35.12829425383319,
            -8.18882838467636
          ],
          [
            -35.12637795916992,
            -8.187105383129483
          ],
          [
            -35.124461664506654,
            -8.185382381582606
          ],
          [
            -35.12254536984339,
            -8.18365938003573
          ],
          [
            -35.12062907518012,
            -8.181936378488853
          ],
          [
            -35.11871278051685,
            -8.180213376941976
          ],
          [
            -35.116796485853584,
            -8.1784903753951
          ],
          [
            -35.114880191190316,
            -8.176767373848223
          ],
          [
            -35.11296389652705,
            -8.175044372301347
          ],
          [
            -35.11104760186378,
            -8.17332137075447
          ],
          [
            -35.109131307200514,
            -8.171598369207594
          ],
          [
            -35.107215012537246,
            -8.169875367660717
          ],
          [
            -35.10529871787398,
            -8.16815236611384
          ],
          [
            -35.10338242321071,
            -8.166429364566964
          ],
          [
            -35.10146612854744,
            -8.164706363020088
          ],
          [
            -35.099549833884176,
            -8.162983361473211
          ],
          [
            -35.09763353922091,
            -8.161260359926334
          ],
          [
            -35.09571724455764,
            -8.159537358379458
          ],
          [
            -35.09380094989437,
            -8.157814356832581
          ],
          [
            -35.091884655231105,
            -8.156091355285705
          ],
          [
            -35.08996836056784,
            -8.154368353738828
          ],
          [
            -35.08805206590457,
            -8.152645352191952
          ],
          [
            -35.0861357712413,
            -8.150922350645075
          ],
          [
            -35.084219476578035,
            -8.149199349098199
          ],
          [
            -35.08230318191477,
            -8.147476347551322
          ],
          [
            -35.0803868872515,
            -8.145753346004446
          ],
          [
            -35.07847059258823,
            -8.144030344457569
          ],
          [
            -35.076554297924964,
            -8.142307342910692
          ],
          [
            -35.0746380032617,
            -8.140584341363816
          ],
          [
            -35.07272170859843,
            -8.13886133981694
          ],
          [
            -35.07080541393516,
            -8.137138338270063
          ],
          [
            -35.068889119271894,
            -8.135415336723186
          ],
          [
            -35.06697282460863,
            -8.13369233517631
          ],
          [
            -35.06505652994536,
            -8.131969333629433
          ],
          [
            -35.06314023528209,
            -8.130246332082557
          ],
          [
            -35.061223940618824,
            -8.12852333053568
          ],
          [
            -35.059307645955556,
            -8.126800328988804
          ],
          [
            -35.05739135129229,
            -8.125077327441927
          ],
          [
            -35.05547505662902,
            -8.12335432589505
          ],
          [
            -35.05355876196575,
            -8.121631324348174
          ],
          [
            -35.051642467302486,
            -8.119908322801297
          ],
          [
            -35.04972617263922,
            -8.11818532125442
          ],
          [
            -35.04780987797595,
            -8.116462319707544
          ],
          [
            -35.04589358331268,
            -8.114739318160668
          ],
          [
            -35.043977288649415,
            -8.113016316613791
          ],
          [
            -35.04206099398615,
            -8.111293315066915
          ],
          [
            -35.04014469932288,
            -8.109570313520038
          ],
          [
            -35.03822840465961,
            -8.107847311973162
          ],
          [
            -35.036312109996345,
            -8.106124310426285
          ],
          [
            -35.03439581533308,
            -8.104401308879408
          ],
          [
            -35.03247952066981,
            -8.102678307332532
          ],
          [
            -35.03056322600654,
            -8.100955305785655
          ],
          [
            -35.028646931343275,
            -8.099232304238779
          ],
          [
            -35.02673063668001,
            -8.097509302691902
          ],
          [
            -35.02481434201674,
            -8.095786301145026
          ],
          [
            -35.02289804735347,
            -8.09406329959815
          ],
          [
            -35.020981752690204,
            -8.092340298051273
          ],
          [
            -35.01906545802694,
            -8.090617296504396
          ],
          [
            -35.01714916336367,
            -8.08889429495752
          ],
          [
            -35.0152328687004,
            -8.087171293410643
          ],
          [
            -35.013316574037134,
            -8.085448291863766
          ],
          [
            -35.011400279373866,
            -8.08372529031689
          ],
          [
            -35.0094839847106,
            -8.082002288770013
          ],
          [
            -35.00756769004733,
            -8.080279287223137
          ],
          [
            -35.005651395384064,
            -8.07855628567626
          ],
          [
            -35.003735100720796,
            -8.076833284129384
          ],
          [
            -35.00181880605753,
            -8.075110282582507
          ],
          [
            -34.99990251139426,
            -8.07338728103563
          ],
          [
            -34.99798621673099,
            -8.071664279488754
          ],
          [
            -34.996069922067726,
            -8.069941277941878
          ],
          [
            -34.99415362740446,
            -8.068218276395001
          ],
          [
            -34.99223733274119,
            -8.066495274848124
          ],
          [
            -34.99032103807792,
            -8.064772273301248
          ],
          [
            -34.988404743414655,
            -8.063049271754371
          ],
          [
            -34.98648844875139,
            -8.061326270207495
          ],
          [
            -34.98457215408812,
            -8.059603268660618
          ],
          [
            -34.98265585942485,
            -8.057880267113742
          ],
          [
            -34.980739564761585,
            -8.056157265566865
          ],
          [
            -34.97882327009832,
            -8.054434264019989
          ],
          [
            -34.97690697543505,
            -8.052711262473112
          ],
          [
            -34.97499068077178,
            -8.050988260926236
          ],
          [
            -34.973074386108514,
            -8.049265259379359
          ],
          [
            -34.97115809144525,
            -8.047542257832482
          ],
          [
            -34.96924179678198,
            -8.045819256285606
          ],
          [
            -34.96732550211871,
            -8.04409625473873
          ],
          [
            -34.965409207455444,
            -8.042373253191853
          ],
          [
            -34.96349291279218,
            -8.040650251644976
          ],
          [
            -34.96157661812891,
            -8.0389272500981
          ],
          [
            -34.95966032346564,
            -8.037204248551223
          ],
          [
            -34.957744028802374,
            -8.035481247004347
          ],
          [
            -34.955827734139106,
            -8.03375824545747
          ],
          [
            -34.95391143947584,
            -8.032035243910594
          ],
          [
            -34.95199514481257,
            -8.030312242363717
          ],
          [
            -34.9500788501493,
            -8.02858924081684
          ],
          [
            -34.948162555486036,
            -8.026866239269964
          ],
          [
            -34.94624626082277,
            -8.025143237723087
          ],
          [
            -34.9443299661595,
            -8.02342023617621
          ],
          [
            -34.94241367149623,
            -8.021697234629334
          ],
          [
            -34.940497376832965,
            -8.019974233082458
          ],
          [
            -34.9385810821697,
            -8.018251231535581
          ],
          [
            -34.93666478750643,
            -8.016528229988705
          ],
          [
            -34.93474849284316,
            -8.014805228441828
          ],
          [
            -34.932832198179895,
            -8.013082226894952
          ],
          [
            -34.93091590351663,
            -8.011359225348075
          ],
          [
            -34.92899960885336,
            -8.009636223801198
          ],
          [
            -34.92708331419009,
            -8.007913222254322
          ],
          [
            -34.925167019526825,
            -8.006190220707445
          ],
          [
            -34.92325072486356,
            -8.004467219160569
          ],
          [
            -34.92133443020029,
            -8.002744217613692
          ],
          [
            -34.91941813553702,
            -8.001021216066816
          ],
          [
            -34.917501840873754,
            -7.999298214519939
          ],
          [
            -34.91558554621049,
            -7.997575212973063
          ],
          [
            -34.91366925154722,
            -7.995852211426186
          ],
          [
            -34.91175295688395,
            -7.9941292098793095
          ],
          [
            -34.909836662220684,
            -7.992406208332433
          ],
          [
            -34.907920367557416,
            -7.990683206785556
          ],
          [
            -34.90600407289415,
            -7.98896020523868
          ],
          [
            -34.90408777823088,
            -7.987237203691803
          ],
          [
            -34.902171483567614,
            -7.985514202144927
          ],
          [
            -34.900255188904346,
            -7.98379120059805
          ],
          [
            -34.89833889424108,
            -7.982068199051174
          ],
          [
            -34.89642259957781,
            -7.980345197504297
          ],
          [
            -34.89450630491454,
            -7.978622195957421
          ],
          [
            -34.892590010251276,
            -7.976899194410544
          ],
          [
            -34.89067371558801,
            -7.9751761928636675
          ],
          [
            -34.88875742092474,
            -7.973453191316791
          ],
          [
            -34.88684112626147,
            -7.971730189769914
          ],
          [
            -34.884924831598205,
            -7.970007188223038
          ],
          [
            -34.88300853693494,
            -7.968284186676161
          ],
          [
            -34.88109224227167,
            -7.966561185129285
          ],
          [
            -34.8791759476084,
            -7.964838183582408
          ],
          [
            -34.877259652945135,
            -7.963115182035532
          ],
          [
            -34.87534335828187,
            -7.961392180488655
          ],
          [
            -34.8734270636186,
            -7.959669178941779
          ],
          [
            -34.87151076895533,
            -7.957946177394902
          ],
          [
            -34.869594474292064,
            -7.9562231758480255
          ],
          [
            -34.8676781796288,
            -7.954500174301149
          ],
          [
            -34.86576188496553,
            -7.952777172754272
          ],
          [
            -34.86384559030226,
            -7.951054171207396
          ],
          [
            -34.861929295638994,
            -7.949331169660519
          ],
          [
            -34.86001300097573,
            -7.947608168113643
          ],
          [
            -34.85809670631246,
            -7.945885166566766
          ],
          [
            -34.85618041164919,
            -7.94416216501989
          ],
          [
            -34.854264116985924,
            -7.942439163473013
          ],
          [
            -34.852347822322656,
            -7.940716161926137
          ],
          [
            -34.85043152765939,
            -7.93899316037926
          ],
          [
            -34.84851523299612,
            -7.9372701588323835
          ],
          [
            -34.84659893833285,
            -7.935547157285507
          ],
          [
            -34.844682643669586,
            -7.93382415573863
          ],
          [
            -34.84276634900632,
            -7.932101154191754
          ],
          [
            -34.84085005434305,
            -7.930378152644877
          ],
          [
            -34.83893375967978,
            -7.928655151098001
          ],
          [
            -34.837017465016515,
            -7.926932149551124
          ],
          [
            -34.83510117035325,
            -7.925209148004248
          ],
          [
            -34.83318487568998,
            -7.923486146457371
          ],
          [
            -34.83126858102671,
            -7.921763144910495
          ],
          [
            -34.829352286363445,
            -7.920040143363618
          ],
          [
            -34.82743599170018,
            -7.9183171418167415
          ],
          [
            -34.82551969703691,
            -7.916594140269865
          ],
          [
            -34.82360340237364,
            -7.914871138722988
          ],
          [
            -34.821687107710375,
            -7.913148137176112
          ],
          [
            -34.81977081304711,
            -7.911425135629235
          ],
          [
            -34.81785451838384,
            -7.909702134082359
          ],
          [
            -34.81593822372057,
            -7.907979132535482
          ],
          [
            -34.814021929057304,
            -7.906256130988606
          ],
          [
            -34.81210563439404,
            -7.904533129441729
          ],
          [
            -34.81018933973077,
            -7.902810127894853
          ],
          [
            -34.8082730450675,
            -7.901087126347976
          ],
          [
            -34.806356750404234,
            -7.8993641248010995
          ],
          [
            -34.804440455740966,
            -7.897641123254223
          ],
          [
            -34.8025241610777,
            -7.895918121707346
          ],
          [
            -34.80060786641443,
            -7.89419512016047
          ],
          [
            -34.798691571751164,
            -7.892472118613593
          ],
          [
            -34.796775277087896,
            -7.890749117066717
          ],
          [
            -34.79485898242463,
            -7.88902611551984
          ],
          [
            -34.79294268776136,
            -7.887303113972964
          ],
          [
            -34.79102639309809,
            -7.885580112426087
          ],
          [
            -34.789110098434826,
            -7.883857110879211
          ],
          [
            -34.78719380377156,
            -7.882134109332334
          ],
          [
            -34.78527750910829,
            -7.8804111077854575
          ],
          [
            -34.78336121444502,
            -7.878688106238581
          ],
          [
            -34.781444919781755,
            -7.876965104691704
          ],
          [
            -34.77952862511849,
            -7.875242103144828
          ],
          [
            -34.77761233045522,
            -7.873519101597951
          ],
          [
            -34.77569603579195,
            -7.871796100051075
          ],
          [
            -34.773779741128685,
            -7.870073098504198
          ],
          [
            -34.77186344646542,
            -7.868350096957322
          ],
          [
            -34.76994715180215,
            -7.866627095410445
          ],
          [
            -34.76803085713888,
            -7.864904093863569
          ],
          [
            -34.766114562475614,
            -7.863181092316692
          ],
          [
            -34.76419826781235,
            -7.8614580907698155
          ],
          [
            -34.76228197314908,
            -7.859735089222939
          ],
          [
            -34.76036567848581,
            -7.858012087676062
          ],
          [
            -34.758449383822544,
            -7.856289086129186
          ],
          [
            -34.75653308915928,
            -7.854566084582309
          ],
          [
            -34.75461679449601,
            -7.852843083035433
          ],
          [
            -34.75270049983274,
            -7.851120081488556
          ],
          [
            -34.750784205169474,
            -7.84939707994168
          ],
          [
            -34.748867910506206,
            -7.847674078394803
          ],
          [
            -34.74695161584294,
            -7.845951076847927
          ],
          [
            -34.74503532117967,
            -7.84422807530105
          ],
          [
            -34.7431190265164,
            -7.8425050737541735
          ],
          [
            -34.741202731853136,
            -7.840782072207297
          ],
          [
            -34.73928643718987,
            -7.83905907066042
          ],
          [
            -34.7373701425266,
            -7.837336069113544
          ],
          [
            -34.73545384786333,
            -7.835613067566667
          ],
          [
            -34.733537553200065,
            -7.833890066019791
          ],
          [
            -34.7316212585368,
            -7.832167064472914
          ],
          [
            -34.72970496387353,
            -7.830444062926038
          ],
          [
            -34.72778866921026,
            -7.828721061379161
          ],
          [
            -34.725872374546995,
            -7.826998059832285
          ],
          [
            -34.72395607988373,
            -7.825275058285408
          ],
          [
            -34.72203978522046,
            -7.8235520567385315
          ],
          [
            -34.72012349055719,
            -7.821829055191655
          ],
          [
            -34.718207195893925,
            -7.820106053644778
          ],
          [
            -34.71629090123066,
            -7.818383052097902
          ],
          [
            -34.71437460656739,
            -7.816660050551025
          ],
          [
            -34.71245831190412,
            -7.814937049004149
          ],
          [
            -34.710542017240854,
            -7.813214047457272
          ],
          [
            -34.70862572257759,
            -7.811491045910396
          ],
          [
            -34.70670942791432,
            -7.809768044363519
          ],
          [
            -34.70479313325105,
            -7.808045042816643
          ],
          [
            -34.702876838587784,
            -7.806322041269766
          ],
          [
            -34.700960543924516,
            -7.8045990397228895
          ],
          [
            -34.69904424926125,
            -7.802876038176013
          ],
          [
            -34.69712795459798,
            -7.801153036629136
          ],
          [
            -34.695211659934714,
            -7.79943003508226
          ],
          [
            -34.693295365271446,
            -7.797707033535383
          ],
          [
            -34.69137907060818,
            -7.795984031988507
          ],
          [
            -34.68946277594491,
            -7.79426103044163
          ],
          [
            -34.68754648128164,
            -7.792538028894754
          ],
          [
            -34.685630186618376,
            -7.790815027347877
          ],
          [
            -34.68371389195511,
            -7.789092025801001
          ],
          [
            -34.68179759729184,
            -7.787369024254124
          ],
          [
            -34.67988130262857,
            -7.7856460227072475
          ],
          [
            -34.677965007965305,
            -7.783923021160371
          ],
          [
            -34.67604871330204,
            -7.782200019613494
          ],
          [
            -34.67413241863877,
            -7.780477018066618
          ],
          [
            -34.6722161239755,
            -7.778754016519741
          ],
          [
            -34.670299829312235,
            -7.777031014972865
          ],
          [
            -34.66838353464897,
            -7.775308013425988
          ],
          [
            -34.6664672399857,
            -7.773585011879112
          ],
          [
            -34.66455094532243,
            -7.771862010332235
          ],
          [
            -34.662634650659164,
            -7.770139008785359
          ],
          [
            -34.6607183559959,
            -7.768416007238482
          ],
          [
            -34.65880206133263,
            -7.7666930056916055
          ],
          [
            -34.65688576666936,
            -7.764970004144729
          ],
          [
            -34.654969472006094,
            -7.763247002597852
          ],
          [
            -34.65305317734283,
            -7.761524001050976
          ],
          [
            -34.65113688267956,
            -7.759800999504099
          ],
          [
            -34.64922058801629,
            -7.758077997957223
          ],
          [
            -34.647304293353024,
            -7.756354996410346
          ],
          [
            -34.645387998689756,
            -7.75463199486347
          ],
          [
            -34.64347170402649,
            -7.752908993316593
          ],
          [
            -34.64155540936322,
            -7.751185991769717
          ],
          [
            -34.63963911469995,
            -7.74946299022284
          ],
          [
            -34.637722820036686,
            -7.7477399886759635
          ],
          [
            -34.63580652537342,
            -7.746016987129087
          ],
          [
            -34.63389023071015,
            -7.74429398558221
          ],
          [
            -34.63197393604688,
            -7.742570984035334
          ],
          [
            -34.630057641383615,
            -7.740847982488457
          ],
          [
            -34.62814134672035,
            -7.739124980941581
          ],
          [
            -34.62622505205708,
            -7.737401979394704
          ],
          [
            -34.62430875739381,
            -7.735678977847828
          ],
          [
            -34.622392462730545,
            -7.733955976300951
          ],
          [
            -34.62047616806728,
            -7.732232974754075
          ],
          [
            -34.61855987340401,
            -7.730509973207198
          ],
          [
            -34.61664357874074,
            -7.7287869716603215
          ],
          [
            -34.614727284077475,
            -7.727063970113445
          ],
          [
            -34.61281098941421,
            -7.725340968566568
          ],
          [
            -34.61089469475094,
            -7.723617967019692
          ],
          [
            -34.60897840008767,
            -7.721894965472815
          ],
          [
            -34.607062105424404,
            -7.720171963925939
          ],
          [
            -34.60514581076114,
            -7.718448962379062
          ],
          [
            -34.60322951609787,
            -7.716725960832186
          ],
          [
            -34.6013132214346,
            -7.715002959285309
          ],
          [
            -34.599396926771334,
            -7.713279957738433
          ],
          [
            -34.597480632108066,
            -7.711556956191556
          ],
          [
            -34.5955643374448,
            -7.7098339546446795
          ],
          [
            -34.59364804278153,
            -7.708110953097803
          ],
          [
            -34.591731748118264,
            -7.706387951550926
          ],
          [
            -34.589815453454996,
            -7.70466495000405
          ],
          [
            -34.58789915879173,
            -7.702941948457173
          ],
          [
            -34.58598286412846,
            -7.701218946910297
          ],
          [
            -34.58406656946519,
            -7.69949594536342
          ],
          [
            -34.582150274801926,
            -7.697772943816544
          ],
          [
            -34.58023398013866,
            -7.696049942269667
          ],
          [
            -34.57831768547539,
            -7.6943269407227906
          ],
          [
            -34.57640139081212,
            -7.692603939175914
          ],
          [
            -34.574485096148855,
            -7.6908809376290375
          ],
          [
            -34.57256880148559,
            -7.689157936082161
          ],
          [
            -34.57065250682232,
            -7.687434934535284
          ],
          [
            -34.56873621215905,
            -7.685711932988408
          ],
          [
            -34.566819917495785,
            -7.683988931441531
          ],
          [
            -34.56490362283252,
            -7.682265929894655
          ],
          [
            -34.56298732816925,
            -7.680542928347778
          ],
          [
            -34.56107103350598,
            -7.678819926800902
          ],
          [
            -34.559154738842714,
            -7.677096925254025
          ],
          [
            -34.55723844417945,
            -7.6753739237071485
          ],
          [
            -34.55532214951618,
            -7.673650922160272
          ],
          [
            -34.55340585485291,
            -7.6719279206133955
          ],
          [
            -34.551489560189644,
            -7.670204919066519
          ],
          [
            -34.54957326552638,
            -7.668481917519642
          ],
          [
            -34.54765697086311,
            -7.666758915972766
          ],
          [
            -34.54574067619984,
            -7.665035914425889
          ],
          [
            -34.543824381536574,
            -7.663312912879013
          ],
          [
            -34.541908086873306,
            -7.661589911332136
          ],
          [
            -34.53999179221004,
            -7.65986690978526
          ],
          [
            -34.53807549754677,
            -7.658143908238383
          ],
          [
            -34.5361592028835,
            -7.6564209066915065
          ],
          [
            -34.534242908220236,
            -7.65469790514463
          ],
          [
            -34.53232661355697,
            -7.6529749035977535
          ],
          [
            -34.5304103188937,
            -7.651251902050877
          ],
          [
            -34.52849402423043,
            -7.649528900504
          ],
          [
            -34.526577729567165,
            -7.647805898957124
          ],
          [
            -34.5246614349039,
            -7.646082897410247
          ],
          [
            -34.52274514024063,
            -7.644359895863371
          ],
          [
            -34.52082884557736,
            -7.642636894316494
          ],
          [
            -34.518912550914095,
            -7.640913892769618
          ],
          [
            -34.51699625625083,
            -7.639190891222741
          ],
          [
            -34.51507996158756,
            -7.6374678896758645
          ],
          [
            -34.51316366692429,
            -7.635744888128988
          ],
          [
            -34.511247372261025,
            -7.6340218865821114
          ],
          [
            -34.50933107759776,
            -7.632298885035235
          ],
          [
            -34.50741478293449,
            -7.630575883488358
          ],
          [
            -34.50549848827122,
            -7.628852881941482
          ],
          [
            -34.503582193607954,
            -7.627129880394605
          ],
          [
            -34.50166589894469,
            -7.625406878847729
          ],
          [
            -34.49974960428142,
            -7.623683877300852
          ],
          [
            -34.49783330961815,
            -7.621960875753976
          ],
          [
            -34.495917014954884,
            -7.620237874207099
          ],
          [
            -34.494000720291616,
            -7.6185148726602225
          ],
          [
            -34.49208442562835,
            -7.616791871113346
          ],
          [
            -34.49016813096508,
            -7.6150688695664694
          ],
          [
            -34.488251836301814,
            -7.613345868019593
          ],
          [
            -34.486335541638546,
            -7.611622866472716
          ],
          [
            -34.48441924697528,
            -7.60989986492584
          ],
          [
            -34.48250295231201,
            -7.608176863378963
          ],
          [
            -34.48058665764874,
            -7.606453861832087
          ],
          [
            -34.478670362985476,
            -7.60473086028521
          ],
          [
            -34.47675406832221,
            -7.603007858738334
          ],
          [
            -34.47483777365894,
            -7.601284857191457
          ],
          [
            -34.47292147899567,
            -7.5995618556445805
          ],
          [
            -34.471005184332405,
            -7.597838854097704
          ],
          [
            -34.46908888966914,
            -7.596115852550827
          ],
          [
            -34.46717259500587,
            -7.594392851003951
          ],
          [
            -34.4652563003426,
            -7.592669849457074
          ],
          [
            -34.463340005679335,
            -7.590946847910198
          ],
          [
            -34.46142371101607,
            -7.589223846363321
          ],
          [
            -34.4595074163528,
            -7.587500844816445
          ],
          [
            -34.45759112168953,
            -7.585777843269568
          ],
          [
            -34.455674827026264,
            -7.584054841722692
          ],
          [
            -34.453758532363,
            -7.582331840175815
          ],
          [
            -34.45184223769973,
            -7.5806088386289385
          ],
          [
            -34.44992594303646,
            -7.578885837082062
          ],
          [
            -34.448009648373194,
            -7.577162835535185
          ],
          [
            -34.44609335370993,
            -7.575439833988309
          ],
          [
            -34.44417705904666,
            -7.573716832441432
          ],
          [
            -34.44226076438339,
            -7.571993830894556
          ],
          [
            -34.440344469720124,
            -7.570270829347679
          ],
          [
            -34.438428175056856,
            -7.568547827800803
          ],
          [
            -34.43651188039359,
            -7.566824826253926
          ],
          [
            -34.43459558573032,
            -7.56510182470705
          ],
          [
            -34.43267929106705,
            -7.563378823160173
          ],
          [
            -34.430762996403786,
            -7.5616558216132965
          ],
          [
            -34.42884670174052,
            -7.55993282006642
          ],
          [
            -34.42693040707725,
            -7.558209818519543
          ],
          [
            -34.42501411241398,
            -7.556486816972667
          ],
          [
            -34.423097817750715,
            -7.55476381542579
          ],
          [
            -34.42118152308745,
            -7.553040813878914
          ],
          [
            -34.41926522842418,
            -7.551317812332037
          ],
          [
            -34.41734893376091,
            -7.549594810785161
          ],
          [
            -34.415432639097645,
            -7.547871809238284
          ],
          [
            -34.41351634443438,
            -7.546148807691408
          ],
          [
            -34.41160004977111,
            -7.544425806144531
          ],
          [
            -34.40968375510784,
            -7.5427028045976545
          ],
          [
            -34.407767460444575,
            -7.540979803050778
          ],
          [
            -34.40585116578131,
            -7.539256801503901
          ],
          [
            -34.40393487111804,
            -7.537533799957025
          ],
          [
            -34.40201857645477,
            -7.535810798410148
          ],
          [
            -34.400102281791504,
            -7.534087796863272
          ],
          [
            -34.39818598712824,
            -7.532364795316395
          ],
          [
            -34.39626969246497,
            -7.530641793769519
          ],
          [
            -34.3943533978017,
            -7.528918792222642
          ],
          [
            -34.392437103138434,
            -7.527195790675766
          ],
          [
            -34.390520808475166,
            -7.525472789128889
          ],
          [
            -34.3886045138119,
            -7.5237497875820125
          ],
          [
            -34.38668821914863,
            -7.522026786035136
          ],
          [
            -34.384771924485364,
            -7.520303784488259
          ],
          [
            -34.382855629822096,
            -7.518580782941383
          ],
          [
            -34.38093933515883,
            -7.516857781394506
          ],
          [
            -34.37902304049556,
            -7.51513477984763
          ],
          [
            -34.37710674583229,
            -7.513411778300753
          ],
          [
            -34.375190451169026,
            -7.511688776753877
          ],
          [
            -34.37327415650576,
            -7.509965775207
          ],
          [
            -34.37135786184249,
            -7.508242773660124
          ],
          [
            -34.36944156717922,
            -7.506519772113247
          ],
          [
            -34.367525272515955,
            -7.5047967705663705
          ],
          [
            -34.36560897785269,
            -7.503073769019494
          ],
          [
            -34.36369268318942,
            -7.501350767472617
          ],
          [
            -34.36177638852615,
            -7.499627765925741
          ],
          [
            -34.359860093862885,
            -7.497904764378864
          ],
          [
            -34.35794379919962,
            -7.496181762831988
          ],
          [
            -34.35602750453635,
            -7.494458761285111
          ],
          [
            -34.35411120987308,
            -7.492735759738235
          ],
          [
            -34.352194915209814,
            -7.491012758191358
          ],
          [
            -34.35027862054655,
            -7.489289756644482
          ],
          [
            -34.34836232588328,
            -7.487566755097605
          ],
          [
            -34.34644603122001,
            -7.4858437535507285
          ],
          [
            -34.344529736556744,
            -7.484120752003852
          ],
          [
            -34.34261344189348,
            -7.482397750456975
          ],
          [
            -34.34069714723021,
            -7.480674748910099
          ],
          [
            -34.33878085256694,
            -7.478951747363222
          ],
          [
            -34.336864557903674,
            -7.477228745816346
          ],
          [
            -34.334948263240406,
            -7.475505744269469
          ],
          [
            -34.33303196857714,
            -7.473782742722593
          ],
          [
            -34.33111567391387,
            -7.472059741175716
          ],
          [
            -34.3291993792506,
            -7.47033673962884
          ],
          [
            -34.327283084587336,
            -7.468613738081963
          ],
          [
            -34.32536678992407,
            -7.4668907365350865
          ],
          [
            -34.3234504952608,
            -7.46516773498821
          ],
          [
            -34.32153420059753,
            -7.463444733441333
          ],
          [
            -34.319617905934265,
            -7.461721731894457
          ],
          [
            -34.317701611271,
            -7.45999873034758
          ],
          [
            -34.31578531660773,
            -7.458275728800704
          ],
          [
            -34.31386902194446,
            -7.456552727253827
          ],
          [
            -34.311952727281195,
            -7.454829725706951
          ],
          [
            -34.31003643261793,
            -7.453106724160074
          ],
          [
            -34.30812013795466,
            -7.451383722613198
          ],
          [
            -34.30620384329139,
            -7.449660721066321
          ],
          [
            -34.304287548628125,
            -7.4479377195194445
          ],
          [
            -34.30237125396486,
            -7.446214717972568
          ],
          [
            -34.30045495930159,
            -7.444491716425691
          ],
          [
            -34.29853866463832,
            -7.442768714878815
          ],
          [
            -34.296622369975054,
            -7.441045713331938
          ],
          [
            -34.29470607531179,
            -7.439322711785062
          ],
          [
            -34.29278978064852,
            -7.437599710238185
          ],
          [
            -34.29087348598525,
            -7.435876708691309
          ],
          [
            -34.288957191321984,
            -7.434153707144432
          ],
          [
            -34.287040896658716,
            -7.432430705597556
          ],
          [
            -34.28512460199545,
            -7.430707704050679
          ],
          [
            -34.28320830733218,
            -7.4289847025038025
          ],
          [
            -34.281292012668914,
            -7.427261700956926
          ],
          [
            -34.279375718005646,
            -7.425538699410049
          ],
          [
            -34.27745942334238,
            -7.423815697863173
          ],
          [
            -34.27554312867911,
            -7.422092696316296
          ],
          [
            -34.27362683401584,
            -7.42036969476942
          ],
          [
            -34.271710539352576,
            -7.418646693222543
          ],
          [
            -34.26979424468931,
            -7.416923691675667
          ],
          [
            -34.26787795002604,
            -7.41520069012879
          ],
          [
            -34.26596165536277,
            -7.413477688581914
          ],
          [
            -34.264045360699505,
            -7.411754687035037
          ],
          [
            -34.26212906603624,
            -7.4100316854881605
          ],
          [
            -34.26021277137297,
            -7.408308683941284
          ],
          [
            -34.2582964767097,
            -7.406585682394407
          ],
          [
            -34.256380182046435,
            -7.404862680847531
          ],
          [
            -34.25446388738317,
            -7.403139679300654
          ],
          [
            -34.2525475927199,
            -7.401416677753778
          ],
          [
            -34.25063129805663,
            -7.399693676206901
          ],
          [
            -34.248715003393364,
            -7.397970674660025
          ],
          [
            -34.2467987087301,
            -7.396247673113148
          ],
          [
            -34.24488241406683,
            -7.394524671566272
          ],
          [
            -34.24296611940356,
            -7.392801670019395
          ],
          [
            -34.241049824740294,
            -7.3910786684725185
          ],
          [
            -34.23913353007703,
            -7.389355666925642
          ],
          [
            -34.23721723541376,
            -7.387632665378765
          ],
          [
            -34.23530094075049,
            -7.385909663831889
          ],
          [
            -34.233384646087224,
            -7.384186662285012
          ],
          [
            -34.231468351423956,
            -7.382463660738136
          ],
          [
            -34.22955205676069,
            -7.380740659191259
          ],
          [
            -34.22763576209742,
            -7.379017657644383
          ],
          [
            -34.22571946743415,
            -7.377294656097506
          ],
          [
            -34.223803172770886,
            -7.37557165455063
          ],
          [
            -34.22188687810762,
            -7.373848653003753
          ],
          [
            -34.21997058344435,
            -7.3721256514568765
          ],
          [
            -34.21805428878108,
            -7.37040264991
          ],
          [
            -34.216137994117815,
            -7.368679648363123
          ],
          [
            -34.21422169945455,
            -7.366956646816247
          ],
          [
            -34.21230540479128,
            -7.36523364526937
          ],
          [
            -34.21038911012801,
            -7.363510643722494
          ],
          [
            -34.208472815464745,
            -7.361787642175617
          ],
          [
            -34.20655652080148,
            -7.360064640628741
          ],
          [
            -34.20464022613821,
            -7.358341639081864
          ],
          [
            -34.20272393147494,
            -7.356618637534988
          ],
          [
            -34.200807636811675,
            -7.354895635988111
          ],
          [
            -34.19889134214841,
            -7.3531726344412345
          ],
          [
            -34.19697504748514,
            -7.351449632894358
          ],
          [
            -34.19505875282187,
            -7.349726631347481
          ],
          [
            -34.193142458158604,
            -7.348003629800605
          ],
          [
            -34.19122616349534,
            -7.346280628253728
          ],
          [
            -34.18930986883207,
            -7.344557626706852
          ],
          [
            -34.1873935741688,
            -7.342834625159975
          ],
          [
            -34.185477279505534,
            -7.341111623613099
          ],
          [
            -34.183560984842266,
            -7.339388622066222
          ],
          [
            -34.181644690179,
            -7.337665620519346
          ],
          [
            -34.17972839551573,
            -7.335942618972469
          ],
          [
            -34.177812100852464,
            -7.3342196174255925
          ],
          [
            -34.175895806189196,
            -7.332496615878716
          ],
          [
            -34.17397951152593,
            -7.330773614331839
          ],
          [
            -34.17206321686266,
            -7.329050612784963
          ],
          [
            -34.17014692219939,
            -7.327327611238086
          ],
          [
            -34.168230627536126,
            -7.32560460969121
          ],
          [
            -34.16631433287286,
            -7.323881608144333
          ],
          [
            -34.16439803820959,
            -7.322158606597457
          ],
          [
            -34.16248174354632,
            -7.32043560505058
          ],
          [
            -34.160565448883055,
            -7.318712603503704
          ],
          [
            -34.15864915421979,
            -7.316989601956827
          ],
          [
            -34.15673285955652,
            -7.3152666004099505
          ],
          [
            -34.15481656489325,
            -7.313543598863074
          ],
          [
            -34.152900270229985,
            -7.311820597316197
          ],
          [
            -34.15098397556672,
            -7.310097595769321
          ],
          [
            -34.14906768090345,
            -7.308374594222444
          ],
          [
            -34.14715138624018,
            -7.306651592675568
          ],
          [
            -34.145235091576914,
            -7.304928591128691
          ],
          [
            -34.14331879691365,
            -7.303205589581815
          ],
          [
            -34.14140250225038,
            -7.301482588034938
          ],
          [
            -34.13948620758711,
            -7.299759586488062
          ],
          [
            -34.137569912923844,
            -7.298036584941185
          ],
          [
            -34.13565361826058,
            -7.2963135833943085
          ],
          [
            -34.13373732359731,
            -7.294590581847432
          ],
          [
            -34.13182102893404,
            -7.292867580300555
          ],
          [
            -34.129904734270774,
            -7.291144578753679
          ],
          [
            -34.127988439607506,
            -7.289421577206802
          ],
          [
            -34.12607214494424,
            -7.287698575659926
          ],
          [
            -34.12415585028097,
            -7.285975574113049
          ],
          [
            -34.1222395556177,
            -7.284252572566173
          ],
          [
            -34.120323260954436,
            -7.282529571019296
          ],
          [
            -34.11840696629117,
            -7.2808065694724196
          ],
          [
            -34.1164906716279,
            -7.279083567925543
          ],
          [
            -34.11457437696463,
            -7.2773605663786665
          ],
          [
            -34.112658082301365,
            -7.27563756483179
          ],
          [
            -34.1107417876381,
            -7.273914563284913
          ],
          [
            -34.10882549297483,
            -7.272191561738037
          ],
          [
            -34.10690919831156,
            -7.27046856019116
          ],
          [
            -34.104992903648295,
            -7.268745558644284
          ],
          [
            -34.10307660898503,
            -7.267022557097407
          ],
          [
            -34.10116031432176,
            -7.265299555550531
          ],
          [
            -34.09924401965849,
            -7.263576554003654
          ],
          [
            -34.097327724995225,
            -7.2618535524567775
          ],
          [
            -34.09541143033196,
            -7.260130550909901
          ],
          [
            -34.09349513566869,
            -7.2584075493630245
          ],
          [
            -34.09157884100542,
            -7.256684547816148
          ],
          [
            -34.089662546342154,
            -7.254961546269271
          ],
          [
            -34.08774625167889,
            -7.253238544722395
          ],
          [
            -34.08582995701562,
            -7.251515543175518
          ],
          [
            -34.08391366235235,
            -7.249792541628642
          ],
          [
            -34.081997367689084,
            -7.248069540081765
          ],
          [
            -34.080081073025816,
            -7.246346538534889
          ],
          [
            -34.07816477836255,
            -7.244623536988012
          ],
          [
            -34.07624848369928,
            -7.2429005354411355
          ],
          [
            -34.074332189036014,
            -7.241177533894259
          ],
          [
            -34.072415894372746,
            -7.2394545323473825
          ],
          [
            -34.07049959970948,
            -7.237731530800506
          ],
          [
            -34.06858330504621,
            -7.236008529253629
          ],
          [
            -34.06666701038294,
            -7.234285527706753
          ],
          [
            -34.064750715719676,
            -7.232562526159876
          ],
          [
            -34.06283442105641,
            -7.230839524613
          ],
          [
            -34.06091812639314,
            -7.229116523066123
          ],
          [
            -34.05900183172987,
            -7.227393521519247
          ],
          [
            -34.057085537066605,
            -7.22567051997237
          ],
          [
            -34.05516924240334,
            -7.2239475184254935
          ],
          [
            -34.05325294774007,
            -7.222224516878617
          ],
          [
            -34.0513366530768,
            -7.2205015153317404
          ],
          [
            -34.049420358413535,
            -7.218778513784864
          ],
          [
            -34.04750406375027,
            -7.217055512237987
          ],
          [
            -34.045587769087,
            -7.215332510691111
          ],
          [
            -34.04367147442373,
            -7.213609509144234
          ],
          [
            -34.041755179760465,
            -7.211886507597358
          ],
          [
            -34.0398388850972,
            -7.210163506050481
          ],
          [
            -34.03792259043393,
            -7.208440504503605
          ],
          [
            -34.03600629577066,
            -7.206717502956728
          ],
          [
            -34.034090001107394,
            -7.2049945014098515
          ],
          [
            -34.03217370644413,
            -7.203271499862975
          ],
          [
            -34.03025741178086,
            -7.2015484983160984
          ],
          [
            -34.02834111711759,
            -7.199825496769222
          ],
          [
            -34.026424822454324,
            -7.198102495222345
          ],
          [
            -34.024508527791056,
            -7.196379493675469
          ],
          [
            -34.02259223312779,
            -7.194656492128592
          ],
          [
            -34.02067593846452,
            -7.192933490581716
          ],
          [
            -34.01875964380125,
            -7.191210489034839
          ],
          [
            -34.016843349137986,
            -7.189487487487963
          ],
          [
            -34.01492705447472,
            -7.187764485941086
          ],
          [
            -34.01301075981145,
            -7.1860414843942095
          ],
          [
            -34.01109446514818,
            -7.184318482847333
          ],
          [
            -34.009178170484915,
            -7.182595481300456
          ],
          [
            -34.00726187582165,
            -7.18087247975358
          ],
          [
            -34.00534558115838,
            -7.179149478206703
          ],
          [
            -34.00342928649511,
            -7.177426476659827
          ],
          [
            -34.001512991831845,
            -7.17570347511295
          ],
          [
            -33.99959669716858,
            -7.173980473566074
          ],
          [
            -33.99768040250531,
            -7.172257472019197
          ],
          [
            -33.99576410784204,
            -7.170534470472321
          ],
          [
            -33.993847813178775,
            -7.168811468925444
          ],
          [
            -33.99193151851551,
            -7.1670884673785675
          ],
          [
            -33.99001522385224,
            -7.165365465831691
          ],
          [
            -33.98809892918897,
            -7.163642464284814
          ],
          [
            -33.986182634525704,
            -7.161919462737938
          ],
          [
            -33.98426633986244,
            -7.160196461191061
          ],
          [
            -33.98235004519917,
            -7.158473459644185
          ],
          [
            -33.9804337505359,
            -7.156750458097308
          ],
          [
            -33.978517455872634,
            -7.155027456550432
          ],
          [
            -33.976601161209366,
            -7.153304455003555
          ],
          [
            -33.9746848665461,
            -7.151581453456679
          ],
          [
            -33.97276857188283,
            -7.149858451909802
          ],
          [
            -33.970852277219564,
            -7.1481354503629255
          ],
          [
            -33.968935982556296,
            -7.146412448816049
          ],
          [
            -33.96701968789303,
            -7.144689447269172
          ],
          [
            -33.96510339322976,
            -7.142966445722296
          ],
          [
            -33.96318709856649,
            -7.141243444175419
          ],
          [
            -33.961270803903226,
            -7.139520442628543
          ],
          [
            -33.95935450923996,
            -7.137797441081666
          ],
          [
            -33.95743821457669,
            -7.13607443953479
          ],
          [
            -33.95552191991342,
            -7.134351437987913
          ],
          [
            -33.953605625250155,
            -7.132628436441037
          ],
          [
            -33.95168933058689,
            -7.13090543489416
          ],
          [
            -33.94977303592362,
            -7.1291824333472835
          ],
          [
            -33.94785674126035,
            -7.127459431800407
          ],
          [
            -33.945940446597085,
            -7.12573643025353
          ],
          [
            -33.94402415193382,
            -7.124013428706654
          ],
          [
            -33.94210785727055,
            -7.122290427159777
          ],
          [
            -33.94019156260728,
            -7.120567425612901
          ],
          [
            -33.938275267944015,
            -7.118844424066024
          ],
          [
            -33.93635897328075,
            -7.117121422519148
          ],
          [
            -33.93444267861748,
            -7.115398420972271
          ],
          [
            -33.93252638395421,
            -7.113675419425395
          ],
          [
            -33.930610089290944,
            -7.111952417878518
          ],
          [
            -33.92869379462768,
            -7.1102294163316415
          ],
          [
            -33.92677749996441,
            -7.108506414784765
          ],
          [
            -33.92486120530114,
            -7.106783413237888
          ],
          [
            -33.922944910637874,
            -7.105060411691012
          ],
          [
            -33.921028615974606,
            -7.103337410144135
          ],
          [
            -33.91911232131134,
            -7.101614408597259
          ],
          [
            -33.91719602664807,
            -7.099891407050382
          ],
          [
            -33.9152797319848,
            -7.098168405503506
          ],
          [
            -33.913363437321536,
            -7.096445403956629
          ],
          [
            -33.91144714265827,
            -7.094722402409753
          ],
          [
            -33.909530847995,
            -7.092999400862876
          ],
          [
            -33.90761455333173,
            -7.0912763993159995
          ],
          [
            -33.905698258668465,
            -7.089553397769123
          ],
          [
            -33.9037819640052,
            -7.087830396222246
          ],
          [
            -33.90186566934193,
            -7.08610739467537
          ],
          [
            -33.89994937467866,
            -7.084384393128493
          ],
          [
            -33.898033080015395,
            -7.082661391581617
          ],
          [
            -33.89611678535213,
            -7.08093839003474
          ],
          [
            -33.89420049068886,
            -7.079215388487864
          ],
          [
            -33.89228419602559,
            -7.077492386940987
          ],
          [
            -33.890367901362325,
            -7.075769385394111
          ],
          [
            -33.88845160669906,
            -7.074046383847234
          ],
          [
            -33.88653531203579,
            -7.0723233823003575
          ],
          [
            -33.88461901737252,
            -7.070600380753481
          ],
          [
            -33.882702722709254,
            -7.068877379206604
          ],
          [
            -33.88078642804599,
            -7.067154377659728
          ],
          [
            -33.87887013338272,
            -7.065431376112851
          ],
          [
            -33.87695383871945,
            -7.063708374565975
          ],
          [
            -33.875037544056184,
            -7.061985373019098
          ],
          [
            -33.873121249392916,
            -7.060262371472222
          ],
          [
            -33.87120495472965,
            -7.058539369925345
          ],
          [
            -33.86928866006638,
            -7.056816368378469
          ],
          [
            -33.867372365403114,
            -7.055093366831592
          ],
          [
            -33.865456070739846,
            -7.0533703652847155
          ],
          [
            -33.86353977607658,
            -7.051647363737839
          ],
          [
            -33.86162348141331,
            -7.049924362190962
          ],
          [
            -33.85970718675004,
            -7.048201360644086
          ],
          [
            -33.857790892086776,
            -7.046478359097209
          ],
          [
            -33.85587459742351,
            -7.044755357550333
          ],
          [
            -33.85395830276024,
            -7.043032356003456
          ],
          [
            -33.85204200809697,
            -7.04130935445658
          ],
          [
            -33.850125713433705,
            -7.039586352909703
          ],
          [
            -33.84820941877044,
            -7.037863351362827
          ],
          [
            -33.84629312410717,
            -7.03614034981595
          ],
          [
            -33.8443768294439,
            -7.0344173482690735
          ],
          [
            -33.842460534780635,
            -7.032694346722197
          ],
          [
            -33.84054424011737,
            -7.03097134517532
          ],
          [
            -33.8386279454541,
            -7.029248343628444
          ],
          [
            -33.83671165079083,
            -7.027525342081567
          ],
          [
            -33.834795356127565,
            -7.025802340534691
          ],
          [
            -33.8328790614643,
            -7.024079338987814
          ],
          [
            -33.83096276680103,
            -7.022356337440938
          ],
          [
            -33.82904647213776,
            -7.020633335894061
          ],
          [
            -33.827130177474494,
            -7.018910334347185
          ],
          [
            -33.82521388281123,
            -7.017187332800308
          ],
          [
            -33.82329758814796,
            -7.0154643312534315
          ],
          [
            -33.82138129348469,
            -7.013741329706555
          ],
          [
            -33.819464998821424,
            -7.012018328159678
          ],
          [
            -33.817548704158156,
            -7.010295326612802
          ],
          [
            -33.81563240949489,
            -7.008572325065925
          ],
          [
            -33.81371611483162,
            -7.006849323519049
          ],
          [
            -33.81179982016835,
            -7.005126321972172
          ],
          [
            -33.809883525505086,
            -7.003403320425296
          ],
          [
            -33.80796723084182,
            -7.001680318878419
          ],
          [
            -33.80605093617855,
            -6.999957317331543
          ],
          [
            -33.80413464151528,
            -6.998234315784666
          ],
          [
            -33.802218346852015,
            -6.9965113142377895
          ],
          [
            -33.80030205218875,
            -6.994788312690913
          ],
          [
            -33.79838575752548,
            -6.993065311144036
          ],
          [
            -33.79646946286221,
            -6.99134230959716
          ],
          [
            -33.794553168198945,
            -6.989619308050283
          ],
          [
            -33.79263687353568,
            -6.987896306503407
          ],
          [
            -33.79072057887241,
            -6.98617330495653
          ],
          [
            -33.78880428420914,
            -6.984450303409654
          ],
          [
            -33.786887989545875,
            -6.982727301862777
          ],
          [
            -33.78497169488261,
            -6.981004300315901
          ],
          [
            -33.78305540021934,
            -6.979281298769024
          ],
          [
            -33.78113910555607,
            -6.9775582972221475
          ],
          [
            -33.779222810892804,
            -6.975835295675271
          ],
          [
            -33.77730651622954,
            -6.974112294128394
          ],
          [
            -33.77539022156627,
            -6.972389292581518
          ],
          [
            -33.773473926903,
            -6.970666291034641
          ],
          [
            -33.771557632239734,
            -6.968943289487765
          ],
          [
            -33.769641337576466,
            -6.967220287940888
          ],
          [
            -33.7677250429132,
            -6.965497286394012
          ],
          [
            -33.76580874824993,
            -6.963774284847135
          ],
          [
            -33.763892453586664,
            -6.962051283300259
          ],
          [
            -33.761976158923396,
            -6.960328281753382
          ],
          [
            -33.76005986426013,
            -6.9586052802065055
          ],
          [
            -33.75814356959686,
            -6.956882278659629
          ],
          [
            -33.75622727493359,
            -6.955159277112752
          ],
          [
            -33.754310980270326,
            -6.953436275565876
          ],
          [
            -33.75239468560706,
            -6.951713274018999
          ],
          [
            -33.75047839094379,
            -6.949990272472123
          ],
          [
            -33.74856209628052,
            -6.948267270925246
          ],
          [
            -33.746645801617255,
            -6.94654426937837
          ],
          [
            -33.74472950695399,
            -6.944821267831493
          ],
          [
            -33.74281321229072,
            -6.943098266284617
          ],
          [
            -33.74089691762745,
            -6.94137526473774
          ],
          [
            -33.738980622964185,
            -6.9396522631908635
          ],
          [
            -33.73706432830092,
            -6.937929261643987
          ],
          [
            -33.73514803363765,
            -6.93620626009711
          ],
          [
            -33.73323173897438,
            -6.934483258550234
          ],
          [
            -33.731315444311115,
            -6.932760257003357
          ],
          [
            -33.72939914964785,
            -6.931037255456481
          ],
          [
            -33.72748285498458,
            -6.929314253909604
          ],
          [
            -33.72556656032131,
            -6.927591252362728
          ],
          [
            -33.723650265658044,
            -6.925868250815851
          ],
          [
            -33.72173397099478,
            -6.924145249268975
          ],
          [
            -33.71981767633151,
            -6.922422247722098
          ],
          [
            -33.71790138166824,
            -6.9206992461752215
          ],
          [
            -33.715985087004974,
            -6.918976244628345
          ],
          [
            -33.714068792341706,
            -6.917253243081468
          ],
          [
            -33.71215249767844,
            -6.915530241534592
          ],
          [
            -33.71023620301517,
            -6.913807239987715
          ],
          [
            -33.7083199083519,
            -6.912084238440839
          ],
          [
            -33.706403613688636,
            -6.910361236893962
          ],
          [
            -33.70448731902537,
            -6.908638235347086
          ],
          [
            -33.7025710243621,
            -6.906915233800209
          ],
          [
            -33.70065472969883,
            -6.905192232253333
          ],
          [
            -33.698738435035565,
            -6.903469230706456
          ],
          [
            -33.6968221403723,
            -6.9017462291595795
          ],
          [
            -33.69490584570903,
            -6.900023227612703
          ],
          [
            -33.69298955104576,
            -6.898300226065826
          ],
          [
            -33.691073256382495,
            -6.89657722451895
          ],
          [
            -33.68915696171923,
            -6.894854222972073
          ],
          [
            -33.68724066705596,
            -6.893131221425197
          ],
          [
            -33.68532437239269,
            -6.89140821987832
          ],
          [
            -33.683408077729425,
            -6.889685218331444
          ],
          [
            -33.68149178306616,
            -6.887962216784567
          ],
          [
            -33.67957548840289,
            -6.886239215237691
          ],
          [
            -33.67765919373962,
            -6.884516213690814
          ],
          [
            -33.675742899076354,
            -6.8827932121439375
          ],
          [
            -33.67382660441309,
            -6.881070210597061
          ],
          [
            -33.67191030974982,
            -6.879347209050184
          ],
          [
            -33.66999401508655,
            -6.877624207503308
          ],
          [
            -33.668077720423284,
            -6.875901205956431
          ],
          [
            -33.666161425760016,
            -6.874178204409555
          ],
          [
            -33.66424513109675,
            -6.872455202862678
          ],
          [
            -33.66232883643348,
            -6.870732201315802
          ],
          [
            -33.660412541770214,
            -6.869009199768925
          ],
          [
            -33.658496247106946,
            -6.8672861982220486
          ],
          [
            -33.65657995244368,
            -6.865563196675172
          ],
          [
            -33.65466365778041,
            -6.8638401951282955
          ],
          [
            -33.65274736311714,
            -6.862117193581419
          ],
          [
            -33.650831068453876,
            -6.860394192034542
          ],
          [
            -33.64891477379061,
            -6.858671190487666
          ],
          [
            -33.64699847912734,
            -6.856948188940789
          ],
          [
            -33.64508218446407,
            -6.855225187393913
          ],
          [
            -33.643165889800805,
            -6.853502185847036
          ],
          [
            -33.64124959513754,
            -6.85177918430016
          ],
          [
            -33.63933330047427,
            -6.850056182753283
          ],
          [
            -33.637417005811,
            -6.8483331812064066
          ],
          [
            -33.635500711147735,
            -6.84661017965953
          ],
          [
            -33.63358441648447,
            -6.8448871781126535
          ],
          [
            -33.6316681218212,
            -6.843164176565777
          ],
          [
            -33.62975182715793,
            -6.8414411750189
          ],
          [
            -33.627835532494665,
            -6.839718173472024
          ],
          [
            -33.6259192378314,
            -6.837995171925147
          ],
          [
            -33.62400294316813,
            -6.836272170378271
          ],
          [
            -33.62208664850486,
            -6.834549168831394
          ],
          [
            -33.620170353841594,
            -6.832826167284518
          ],
          [
            -33.61825405917833,
            -6.831103165737641
          ],
          [
            -33.61633776451506,
            -6.8293801641907645
          ],
          [
            -33.61442146985179,
            -6.827657162643888
          ],
          [
            -33.612505175188524,
            -6.8259341610970115
          ],
          [
            -33.610588880525256,
            -6.824211159550135
          ],
          [
            -33.60867258586199,
            -6.822488158003258
          ],
          [
            -33.60675629119872,
            -6.820765156456382
          ],
          [
            -33.60483999653545,
            -6.819042154909505
          ],
          [
            -33.602923701872186,
            -6.817319153362629
          ],
          [
            -33.60100740720892,
            -6.815596151815752
          ],
          [
            -33.59909111254565,
            -6.813873150268876
          ],
          [
            -33.59717481788238,
            -6.812150148721999
          ],
          [
            -33.595258523219115,
            -6.8104271471751225
          ],
          [
            -33.59334222855585,
            -6.808704145628246
          ],
          [
            -33.59142593389258,
            -6.8069811440813695
          ],
          [
            -33.58950963922931,
            -6.805258142534493
          ],
          [
            -33.587593344566045,
            -6.803535140987616
          ],
          [
            -33.58567704990278,
            -6.80181213944074
          ],
          [
            -33.58376075523951,
            -6.800089137893863
          ],
          [
            -33.58184446057624,
            -6.798366136346987
          ],
          [
            -33.579928165912975,
            -6.79664313480011
          ],
          [
            -33.57801187124971,
            -6.794920133253234
          ],
          [
            -33.57609557658644,
            -6.793197131706357
          ],
          [
            -33.57417928192317,
            -6.7914741301594805
          ],
          [
            -33.572262987259904,
            -6.789751128612604
          ],
          [
            -33.57034669259664,
            -6.7880281270657274
          ],
          [
            -33.56843039793337,
            -6.786305125518851
          ],
          [
            -33.5665141032701,
            -6.784582123971974
          ],
          [
            -33.564597808606834,
            -6.782859122425098
          ],
          [
            -33.562681513943566,
            -6.781136120878221
          ],
          [
            -33.5607652192803,
            -6.779413119331345
          ],
          [
            -33.55884892461703,
            -6.777690117784468
          ],
          [
            -33.556932629953764,
            -6.775967116237592
          ],
          [
            -33.555016335290496,
            -6.774244114690715
          ],
          [
            -33.55310004062723,
            -6.7725211131438385
          ],
          [
            -33.55118374596396,
            -6.770798111596962
          ],
          [
            -33.54926745130069,
            -6.769075110050085
          ],
          [
            -33.547351156637426,
            -6.767352108503209
          ],
          [
            -33.54543486197416,
            -6.765629106956332
          ],
          [
            -33.54351856731089,
            -6.763906105409456
          ],
          [
            -33.54160227264762,
            -6.762183103862579
          ],
          [
            -33.539685977984355,
            -6.760460102315703
          ],
          [
            -33.53776968332109,
            -6.758737100768826
          ],
          [
            -33.53585338865782,
            -6.75701409922195
          ],
          [
            -33.53393709399455,
            -6.755291097675073
          ],
          [
            -33.532020799331285,
            -6.7535680961281965
          ],
          [
            -33.53010450466802,
            -6.75184509458132
          ],
          [
            -33.52818821000475,
            -6.750122093034443
          ],
          [
            -33.52627191534148,
            -6.748399091487567
          ],
          [
            -33.524355620678215,
            -6.74667608994069
          ],
          [
            -33.52243932601495,
            -6.744953088393814
          ],
          [
            -33.52052303135168,
            -6.743230086846937
          ],
          [
            -33.51860673668841,
            -6.741507085300061
          ],
          [
            -33.516690442025144,
            -6.739784083753184
          ],
          [
            -33.51477414736188,
            -6.738061082206308
          ],
          [
            -33.51285785269861,
            -6.736338080659431
          ],
          [
            -33.51094155803534,
            -6.7346150791125545
          ],
          [
            -33.509025263372074,
            -6.732892077565678
          ],
          [
            -33.507108968708806,
            -6.731169076018801
          ],
          [
            -33.50519267404554,
            -6.729446074471925
          ],
          [
            -33.50327637938227,
            -6.727723072925048
          ],
          [
            -33.501360084719,
            -6.726000071378172
          ],
          [
            -33.499443790055736,
            -6.724277069831295
          ],
          [
            -33.49752749539247,
            -6.722554068284419
          ],
          [
            -33.4956112007292,
            -6.720831066737542
          ],
          [
            -33.49369490606593,
            -6.719108065190666
          ],
          [
            -33.491778611402665,
            -6.717385063643789
          ],
          [
            -33.4898623167394,
            -6.7156620620969125
          ],
          [
            -33.48794602207613,
            -6.713939060550036
          ],
          [
            -33.48602972741286,
            -6.712216059003159
          ],
          [
            -33.484113432749595,
            -6.710493057456283
          ],
          [
            -33.48219713808633,
            -6.708770055909406
          ],
          [
            -33.48028084342306,
            -6.70704705436253
          ],
          [
            -33.47836454875979,
            -6.705324052815653
          ],
          [
            -33.476448254096525,
            -6.703601051268777
          ],
          [
            -33.47453195943326,
            -6.7018780497219
          ],
          [
            -33.47261566476999,
            -6.700155048175024
          ],
          [
            -33.47069937010672,
            -6.698432046628147
          ],
          [
            -33.468783075443454,
            -6.6967090450812705
          ],
          [
            -33.46686678078019,
            -6.694986043534394
          ],
          [
            -33.46495048611692,
            -6.693263041987517
          ],
          [
            -33.46303419145365,
            -6.691540040440641
          ],
          [
            -33.461117896790384,
            -6.689817038893764
          ],
          [
            -33.459201602127116,
            -6.688094037346888
          ],
          [
            -33.45728530746385,
            -6.686371035800011
          ],
          [
            -33.45536901280058,
            -6.684648034253135
          ],
          [
            -33.453452718137314,
            -6.682925032706258
          ],
          [
            -33.451536423474046,
            -6.681202031159382
          ],
          [
            -33.44962012881078,
            -6.679479029612505
          ],
          [
            -33.44770383414751,
            -6.6777560280656285
          ],
          [
            -33.44578753948424,
            -6.676033026518752
          ],
          [
            -33.443871244820976,
            -6.674310024971875
          ],
          [
            -33.44195495015771,
            -6.672587023424999
          ],
          [
            -33.44003865549444,
            -6.670864021878122
          ],
          [
            -33.43812236083117,
            -6.669141020331246
          ],
          [
            -33.436206066167905,
            -6.667418018784369
          ],
          [
            -33.43428977150464,
            -6.665695017237493
          ],
          [
            -33.43237347684137,
            -6.663972015690616
          ],
          [
            -33.4304571821781,
            -6.66224901414374
          ],
          [
            -33.428540887514835,
            -6.660526012596863
          ],
          [
            -33.42662459285157,
            -6.6588030110499865
          ],
          [
            -33.4247082981883,
            -6.65708000950311
          ],
          [
            -33.42279200352503,
            -6.655357007956233
          ],
          [
            -33.420875708861765,
            -6.653634006409357
          ],
          [
            -33.4189594141985,
            -6.65191100486248
          ],
          [
            -33.41704311953523,
            -6.650188003315604
          ],
          [
            -33.41512682487196,
            -6.648465001768727
          ],
          [
            -33.413210530208694,
            -6.646742000221851
          ],
          [
            -33.41129423554543,
            -6.645018998674974
          ],
          [
            -33.40937794088216,
            -6.643295997128098
          ],
          [
            -33.40746164621889,
            -6.641572995581221
          ],
          [
            -33.405545351555624,
            -6.6398499940343445
          ],
          [
            -33.403629056892356,
            -6.638126992487468
          ],
          [
            -33.40171276222909,
            -6.636403990940591
          ],
          [
            -33.39979646756582,
            -6.634680989393715
          ],
          [
            -33.39788017290255,
            -6.632957987846838
          ],
          [
            -33.395963878239286,
            -6.631234986299962
          ],
          [
            -33.39404758357602,
            -6.629511984753085
          ],
          [
            -33.39213128891275,
            -6.627788983206209
          ],
          [
            -33.39021499424948,
            -6.626065981659332
          ],
          [
            -33.388298699586215,
            -6.624342980112456
          ],
          [
            -33.38638240492295,
            -6.622619978565579
          ],
          [
            -33.38446611025968,
            -6.6208969770187025
          ],
          [
            -33.38254981559641,
            -6.619173975471826
          ],
          [
            -33.380633520933145,
            -6.617450973924949
          ],
          [
            -33.37871722626988,
            -6.615727972378073
          ],
          [
            -33.37680093160661,
            -6.614004970831196
          ],
          [
            -33.37488463694334,
            -6.61228196928432
          ],
          [
            -33.372968342280075,
            -6.610558967737443
          ],
          [
            -33.37105204761681,
            -6.608835966190567
          ],
          [
            -33.36913575295354,
            -6.60711296464369
          ],
          [
            -33.36721945829027,
            -6.605389963096814
          ],
          [
            -33.365303163627004,
            -6.603666961549937
          ],
          [
            -33.36338686896374,
            -6.6019439600030605
          ],
          [
            -33.36147057430047,
            -6.600220958456184
          ],
          [
            -33.3595542796372,
            -6.598497956909307
          ],
          [
            -33.357637984973934,
            -6.596774955362431
          ],
          [
            -33.355721690310666,
            -6.595051953815554
          ],
          [
            -33.3538053956474,
            -6.593328952268678
          ],
          [
            -33.35188910098413,
            -6.591605950721801
          ],
          [
            -33.349972806320864,
            -6.589882949174925
          ],
          [
            -33.348056511657596,
            -6.588159947628048
          ],
          [
            -33.34614021699433,
            -6.586436946081172
          ],
          [
            -33.34422392233106,
            -6.584713944534295
          ],
          [
            -33.34230762766779,
            -6.5829909429874185
          ],
          [
            -33.340391333004526,
            -6.581267941440542
          ],
          [
            -33.33847503834126,
            -6.579544939893665
          ],
          [
            -33.33655874367799,
            -6.577821938346789
          ],
          [
            -33.33464244901472,
            -6.576098936799912
          ],
          [
            -33.332726154351455,
            -6.574375935253036
          ],
          [
            -33.33080985968819,
            -6.572652933706159
          ],
          [
            -33.32889356502492,
            -6.570929932159283
          ],
          [
            -33.32697727036165,
            -6.569206930612406
          ],
          [
            -33.325060975698385,
            -6.56748392906553
          ],
          [
            -33.32314468103512,
            -6.565760927518653
          ],
          [
            -33.32122838637185,
            -6.5640379259717765
          ],
          [
            -33.31931209170858,
            -6.5623149244249
          ],
          [
            -33.317395797045315,
            -6.560591922878023
          ],
          [
            -33.31547950238205,
            -6.558868921331147
          ],
          [
            -33.31356320771878,
            -6.55714591978427
          ]
        ]
      },
      "properties": {
        "type": "vessel",
        "mmsi": 100000001,
        "name": "Decoy_Vessel_1",
        "timestamps": [
          "2019-07-26T00:00:00",
          "2019-07-26T00:05:00",
          "2019-07-26T00:10:00",
          "2019-07-26T00:15:00",
          "2019-07-26T00:20:00",
          "2019-07-26T00:25:00",
          "2019-07-26T00:30:00",
          "2019-07-26T00:35:00",
          "2019-07-26T00:40:00",
          "2019-07-26T00:45:00",
          "2019-07-26T00:50:00",
          "2019-07-26T00:55:00",
          "2019-07-26T01:00:00",
          "2019-07-26T01:05:00",
          "2019-07-26T01:10:00",
          "2019-07-26T01:15:00",
          "2019-07-26T01:20:00",
          "2019-07-26T01:25:00",
          "2019-07-26T01:30:00",
          "2019-07-26T01:35:00",
          "2019-07-26T01:40:00",
          "2019-07-26T01:45:00",
          "2019-07-26T01:50:00",
          "2019-07-26T01:55:00",
          "2019-07-26T02:00:00",
          "2019-07-26T02:05:00",
          "2019-07-26T02:10:00",
          "2019-07-26T02:15:00",
          "2019-07-26T02:20:00",
          "2019-07-26T02:25:00",
          "2019-07-26T02:30:00",
          "2019-07-26T02:35:00",
          "2019-07-26T02:40:00",
          "2019-07-26T02:45:00",
          "2019-07-26T02:50:00",
          "2019-07-26T02:55:00",
          "2019-07-26T03:00:00",
          "2019-07-26T03:05:00",
          "2019-07-26T03:10:00",
          "2019-07-26T03:15:00",
          "2019-07-26T03:20:00",
          "2019-07-26T03:25:00",
          "2019-07-26T03:30:00",
          "2019-07-26T03:35:00",
          "2019-07-26T03:40:00",
          "2019-07-26T03:45:00",
          "2019-07-26T03:50:00",
          "2019-07-26T03:55:00",
          "2019-07-26T04:00:00",
          "2019-07-26T04:05:00",
          "2019-07-26T04:10:00",
          "2019-07-26T04:15:00",
          "2019-07-26T04:20:00",
          "2019-07-26T04:25:00",
          "2019-07-26T04:30:00",
          "2019-07-26T04:35:00",
          "2019-07-26T04:40:00",
          "2019-07-26T04:45:00",
          "2019-07-26T04:50:00",
          "2019-07-26T04:55:00",
          "2019-07-26T05:00:00",
          "2019-07-26T05:05:00",
          "2019-07-26T05:10:00",
          "2019-07-26T05:15:00",
          "2019-07-26T05:20:00",
          "2019-07-26T05:25:00",
          "2019-07-26T05:30:00",
          "2019-07-26T05:35:00",
          "2019-07-26T05:40:00",
          "2019-07-26T05:45:00",
          "2019-07-26T05:50:00",
          "2019-07-26T05:55:00",
          "2019-07-26T06:00:00",
          "2019-07-26T06:05:00",
          "2019-07-26T06:10:00",
          "2019-07-26T06:15:00",
          "2019-07-26T06:20:00",
          "2019-07-26T06:25:00",
          "2019-07-26T06:30:00",
          "2019-07-26T06:35:00",
          "2019-07-26T06:40:00",
          "2019-07-26T06:45:00",
          "2019-07-26T06:50:00",
          "2019-07-26T06:55:00",
          "2019-07-26T07:00:00",
          "2019-07-26T07:05:00",
          "2019-07-26T07:10:00",
          "2019-07-26T07:15:00",
          "2019-07-26T07:20:00",
          "2019-07-26T07:25:00",
          "2019-07-26T07:30:00",
          "2019-07-26T07:35:00",
          "2019-07-26T07:40:00",
          "2019-07-26T07:45:00",
          "2019-07-26T07:50:00",
          "2019-07-26T07:55:00",
          "2019-07-26T08:00:00",
          "2019-07-26T08:05:00",
          "2019-07-26T08:10:00",
          "2019-07-26T08:15:00",
          "2019-07-26T08:20:00",
          "2019-07-26T08:25:00",
          "2019-07-26T08:30:00",
          "2019-07-26T08:35:00",
          "2019-07-26T08:40:00",
          "2019-07-26T08:45:00",
          "2019-07-26T08:50:00",
          "2019-07-26T08:55:00",
          "2019-07-26T09:00:00",
          "2019-07-26T09:05:00",
          "2019-07-26T09:10:00",
          "2019-07-26T09:15:00",
          "2019-07-26T09:20:00",
          "2019-07-26T09:25:00",
          "2019-07-26T09:30:00",
          "2019-07-26T09:35:00",
          "2019-07-26T09:40:00",
          "2019-07-26T09:45:00",
          "2019-07-26T09:50:00",
          "2019-07-26T09:55:00",
          "2019-07-26T10:00:00",
          "2019-07-26T10:05:00",
          "2019-07-26T10:10:00",
          "2019-07-26T10:15:00",
          "2019-07-26T10:20:00",
          "2019-07-26T10:25:00",
          "2019-07-26T10:30:00",
          "2019-07-26T10:35:00",
          "2019-07-26T10:40:00",
          "2019-07-26T10:45:00",
          "2019-07-26T10:50:00",
          "2019-07-26T10:55:00",
          "2019-07-26T11:00:00",
          "2019-07-26T11:05:00",
          "2019-07-26T11:10:00",
          "2019-07-26T11:15:00",
          "2019-07-26T11:20:00",
          "2019-07-26T11:25:00",
          "2019-07-26T11:30:00",
          "2019-07-26T11:35:00",
          "2019-07-26T11:40:00",
          "2019-07-26T11:45:00",
          "2019-07-26T11:50:00",
          "2019-07-26T11:55:00",
          "2019-07-26T12:00:00",
          "2019-07-26T12:05:00",
          "2019-07-26T12:10:00",
          "2019-07-26T12:15:00",
          "2019-07-26T12:20:00",
          "2019-07-26T12:25:00",
          "2019-07-26T12:30:00",
          "2019-07-26T12:35:00",
          "2019-07-26T12:40:00",
          "2019-07-26T12:45:00",
          "2019-07-26T12:50:00",
          "2019-07-26T12:55:00",
          "2019-07-26T13:00:00",
          "2019-07-26T13:05:00",
          "2019-07-26T13:10:00",
          "2019-07-26T13:15:00",
          "2019-07-26T13:20:00",
          "2019-07-26T13:25:00",
          "2019-07-26T13:30:00",
          "2019-07-26T13:35:00",
          "2019-07-26T13:40:00",
          "2019-07-26T13:45:00",
          "2019-07-26T13:50:00",
          "2019-07-26T13:55:00",
          "2019-07-26T14:00:00",
          "2019-07-26T14:05:00",
          "2019-07-26T14:10:00",
          "2019-07-26T14:15:00",
          "2019-07-26T14:20:00",
          "2019-07-26T14:25:00",
          "2019-07-26T14:30:00",
          "2019-07-26T14:35:00",
          "2019-07-26T14:40:00",
          "2019-07-26T14:45:00",
          "2019-07-26T14:50:00",
          "2019-07-26T14:55:00",
          "2019-07-26T15:00:00",
          "2019-07-26T15:05:00",
          "2019-07-26T15:10:00",
          "2019-07-26T15:15:00",
          "2019-07-26T15:20:00",
          "2019-07-26T15:25:00",
          "2019-07-26T15:30:00",
          "2019-07-26T15:35:00",
          "2019-07-26T15:40:00",
          "2019-07-26T15:45:00",
          "2019-07-26T15:50:00",
          "2019-07-26T15:55:00",
          "2019-07-26T16:00:00",
          "2019-07-26T16:05:00",
          "2019-07-26T16:10:00",
          "2019-07-26T16:15:00",
          "2019-07-26T16:20:00",
          "2019-07-26T16:25:00",
          "2019-07-26T16:30:00",
          "2019-07-26T16:35:00",
          "2019-07-26T16:40:00",
          "2019-07-26T16:45:00",
          "2019-07-26T16:50:00",
          "2019-07-26T16:55:00",
          "2019-07-26T17:00:00",
          "2019-07-26T17:05:00",
          "2019-07-26T17:10:00",
          "2019-07-26T17:15:00",
          "2019-07-26T17:20:00",
          "2019-07-26T17:25:00",
          "2019-07-26T17:30:00",
          "2019-07-26T17:35:00",
          "2019-07-26T17:40:00",
          "2019-07-26T17:45:00",
          "2019-07-26T17:50:00",
          "2019-07-26T17:55:00",
          "2019-07-26T18:00:00",
          "2019-07-26T18:05:00",
          "2019-07-26T18:10:00",
          "2019-07-26T18:15:00",
          "2019-07-26T18:20:00",
          "2019-07-26T18:25:00",
          "2019-07-26T18:30:00",
          "2019-07-26T18:35:00",
          "2019-07-26T18:40:00",
          "2019-07-26T18:45:00",
          "2019-07-26T18:50:00",
          "2019-07-26T18:55:00",
          "2019-07-26T19:00:00",
          "2019-07-26T19:05:00",
          "2019-07-26T19:10:00",
          "2019-07-26T19:15:00",
          "2019-07-26T19:20:00",
          "2019-07-26T19:25:00",
          "2019-07-26T19:30:00",
          "2019-07-26T19:35:00",
          "2019-07-26T19:40:00",
          "2019-07-26T19:45:00",
          "2019-07-26T19:50:00",
          "2019-07-26T19:55:00",
          "2019-07-26T20:00:00",
          "2019-07-26T20:05:00",
          "2019-07-26T20:10:00",
          "2019-07-26T20:15:00",
          "2019-07-26T20:20:00",
          "2019-07-26T20:25:00",
          "2019-07-26T20:30:00",
          "2019-07-26T20:35:00",
          "2019-07-26T20:40:00",
          "2019-07-26T20:45:00",
          "2019-07-26T20:50:00",
          "2019-07-26T20:55:00",
          "2019-07-26T21:00:00",
          "2019-07-26T21:05:00",
          "2019-07-26T21:10:00",
          "2019-07-26T21:15:00",
          "2019-07-26T21:20:00",
          "2019-07-26T21:25:00",
          "2019-07-26T21:30:00",
          "2019-07-26T21:35:00",
          "2019-07-26T21:40:00",
          "2019-07-26T21:45:00",
          "2019-07-26T21:50:00",
          "2019-07-26T21:55:00",
          "2019-07-26T22:00:00",
          "2019-07-26T22:05:00",
          "2019-07-26T22:10:00",
          "2019-07-26T22:15:00",
          "2019-07-26T22:20:00",
          "2019-07-26T22:25:00",
          "2019-07-26T22:30:00",
          "2019-07-26T22:35:00",
          "2019-07-26T22:40:00",
          "2019-07-26T22:45:00",
          "2019-07-26T22:50:00",
          "2019-07-26T22:55:00",
          "2019-07-26T23:00:00",
          "2019-07-26T23:05:00",
          "2019-07-26T23:10:00",
          "2019-07-26T23:15:00",
          "2019-07-26T23:20:00",
          "2019-07-26T23:25:00",
          "2019-07-26T23:30:00",
          "2019-07-26T23:35:00",
          "2019-07-26T23:40:00",
          "2019-07-26T23:45:00",
          "2019-07-26T23:50:00",
          "2019-07-26T23:55:00",
          "2019-07-27T00:00:00",
          "2019-07-27T00:05:00",
          "2019-07-27T00:10:00",
          "2019-07-27T00:15:00",
          "2019-07-27T00:20:00",
          "2019-07-27T00:25:00",
          "2019-07-27T00:30:00",
          "2019-07-27T00:35:00",
          "2019-07-27T00:40:00",
          "2019-07-27T00:45:00",
          "2019-07-27T00:50:00",
          "2019-07-27T00:55:00",
          "2019-07-27T01:00:00",
          "2019-07-27T01:05:00",
          "2019-07-27T01:10:00",
          "2019-07-27T01:15:00",
          "2019-07-27T01:20:00",
          "2019-07-27T01:25:00",
          "2019-07-27T01:30:00",
          "2019-07-27T01:35:00",
          "2019-07-27T01:40:00",
          "2019-07-27T01:45:00",
          "2019-07-27T01:50:00",
          "2019-07-27T01:55:00",
          "2019-07-27T02:00:00",
          "2019-07-27T02:05:00",
          "2019-07-27T02:10:00",
          "2019-07-27T02:15:00",
          "2019-07-27T02:20:00",
          "2019-07-27T02:25:00",
          "2019-07-27T02:30:00",
          "2019-07-27T02:35:00",
          "2019-07-27T02:40:00",
          "2019-07-27T02:45:00",
          "2019-07-27T02:50:00",
          "2019-07-27T02:55:00",
          "2019-07-27T03:00:00",
          "2019-07-27T03:05:00",
          "2019-07-27T03:10:00",
          "2019-07-27T03:15:00",
          "2019-07-27T03:20:00",
          "2019-07-27T03:25:00",
          "2019-07-27T03:30:00",
          "2019-07-27T03:35:00",
          "2019-07-27T03:40:00",
          "2019-07-27T03:45:00",
          "2019-07-27T03:50:00",
          "2019-07-27T03:55:00",
          "2019-07-27T04:00:00",
          "2019-07-27T04:05:00",
          "2019-07-27T04:10:00",
          "2019-07-27T04:15:00",
          "2019-07-27T04:20:00",
          "2019-07-27T04:25:00",
          "2019-07-27T04:30:00",
          "2019-07-27T04:35:00",
          "2019-07-27T04:40:00",
          "2019-07-27T04:45:00",
          "2019-07-27T04:50:00",
          "2019-07-27T04:55:00",
          "2019-07-27T05:00:00",
          "2019-07-27T05:05:00",
          "2019-07-27T05:10:00",
          "2019-07-27T05:15:00",
          "2019-07-27T05:20:00",
          "2019-07-27T05:25:00",
          "2019-07-27T05:30:00",
          "2019-07-27T05:35:00",
          "2019-07-27T05:40:00",
          "2019-07-27T05:45:00",
          "2019-07-27T05:50:00",
          "2019-07-27T05:55:00",
          "2019-07-27T06:00:00",
          "2019-07-27T06:05:00",
          "2019-07-27T06:10:00",
          "2019-07-27T06:15:00",
          "2019-07-27T06:20:00",
          "2019-07-27T06:25:00",
          "2019-07-27T06:30:00",
          "2019-07-27T06:35:00",
          "2019-07-27T06:40:00",
          "2019-07-27T06:45:00",
          "2019-07-27T06:50:00",
          "2019-07-27T06:55:00",
          "2019-07-27T07:00:00",
          "2019-07-27T07:05:00",
          "2019-07-27T07:10:00",
          "2019-07-27T07:15:00",
          "2019-07-27T07:20:00",
          "2019-07-27T07:25:00",
          "2019-07-27T07:30:00",
          "2019-07-27T07:35:00",
          "2019-07-27T07:40:00",
          "2019-07-27T07:45:00",
          "2019-07-27T07:50:00",
          "2019-07-27T07:55:00",
          "2019-07-27T08:00:00",
          "2019-07-27T08:05:00",
          "2019-07-27T08:10:00",
          "2019-07-27T08:15:00",
          "2019-07-27T08:20:00",
          "2019-07-27T08:25:00",
          "2019-07-27T08:30:00",
          "2019-07-27T08:35:00",
          "2019-07-27T08:40:00",
          "2019-07-27T08:45:00",
          "2019-07-27T08:50:00",
          "2019-07-27T08:55:00",
          "2019-07-27T09:00:00",
          "2019-07-27T09:05:00",
          "2019-07-27T09:10:00",
          "2019-07-27T09:15:00",
          "2019-07-27T09:20:00",
          "2019-07-27T09:25:00",
          "2019-07-27T09:30:00",
          "2019-07-27T09:35:00",
          "2019-07-27T09:40:00",
          "2019-07-27T09:45:00",
          "2019-07-27T09:50:00",
          "2019-07-27T09:55:00",
          "2019-07-27T10:00:00",
          "2019-07-27T10:05:00",
          "2019-07-27T10:10:00",
          "2019-07-27T10:15:00",
          "2019-07-27T10:20:00",
          "2019-07-27T10:25:00",
          "2019-07-27T10:30:00",
          "2019-07-27T10:35:00",
          "2019-07-27T10:40:00",
          "2019-07-27T10:45:00",
          "2019-07-27T10:50:00",
          "2019-07-27T10:55:00",
          "2019-07-27T11:00:00",
          "2019-07-27T11:05:00",
          "2019-07-27T11:10:00",
          "2019-07-27T11:15:00",
          "2019-07-27T11:20:00",
          "2019-07-27T11:25:00",
          "2019-07-27T11:30:00",
          "2019-07-27T11:35:00",
          "2019-07-27T11:40:00",
          "2019-07-27T11:45:00",
          "2019-07-27T11:50:00",
          "2019-07-27T11:55:00",
          "2019-07-27T12:00:00",
          "2019-07-27T12:05:00",
          "2019-07-27T12:10:00",
          "2019-07-27T12:15:00",
          "2019-07-27T12:20:00",
          "2019-07-27T12:25:00",
          "2019-07-27T12:30:00",
          "2019-07-27T12:35:00",
          "2019-07-27T12:40:00",
          "2019-07-27T12:45:00",
          "2019-07-27T12:50:00",
          "2019-07-27T12:55:00",
          "2019-07-27T13:00:00",
          "2019-07-27T13:05:00",
          "2019-07-27T13:10:00",
          "2019-07-27T13:15:00",
          "2019-07-27T13:20:00",
          "2019-07-27T13:25:00",
          "2019-07-27T13:30:00",
          "2019-07-27T13:35:00",
          "2019-07-27T13:40:00",
          "2019-07-27T13:45:00",
          "2019-07-27T13:50:00",
          "2019-07-27T13:55:00",
          "2019-07-27T14:00:00",
          "2019-07-27T14:05:00",
          "2019-07-27T14:10:00",
          "2019-07-27T14:15:00",
          "2019-07-27T14:20:00",
          "2019-07-27T14:25:00",
          "2019-07-27T14:30:00",
          "2019-07-27T14:35:00",
          "2019-07-27T14:40:00",
          "2019-07-27T14:45:00",
          "2019-07-27T14:50:00",
          "2019-07-27T14:55:00",
          "2019-07-27T15:00:00",
          "2019-07-27T15:05:00",
          "2019-07-27T15:10:00",
          "2019-07-27T15:15:00",
          "2019-07-27T15:20:00",
          "2019-07-27T15:25:00",
          "2019-07-27T15:30:00",
          "2019-07-27T15:35:00",
          "2019-07-27T15:40:00",
          "2019-07-27T15:45:00",
          "2019-07-27T15:50:00",
          "2019-07-27T15:55:00",
          "2019-07-27T16:00:00",
          "2019-07-27T16:05:00",
          "2019-07-27T16:10:00",
          "2019-07-27T16:15:00",
          "2019-07-27T16:20:00",
          "2019-07-27T16:25:00",
          "2019-07-27T16:30:00",
          "2019-07-27T16:35:00",
          "2019-07-27T16:40:00",
          "2019-07-27T16:45:00",
          "2019-07-27T16:50:00",
          "2019-07-27T16:55:00",
          "2019-07-27T17:00:00",
          "2019-07-27T17:05:00",
          "2019-07-27T17:10:00",
          "2019-07-27T17:15:00",
          "2019-07-27T17:20:00",
          "2019-07-27T17:25:00",
          "2019-07-27T17:30:00",
          "2019-07-27T17:35:00",
          "2019-07-27T17:40:00",
          "2019-07-27T17:45:00",
          "2019-07-27T17:50:00",
          "2019-07-27T17:55:00",
          "2019-07-27T18:00:00",
          "2019-07-27T18:05:00",
          "2019-07-27T18:10:00",
          "2019-07-27T18:15:00",
          "2019-07-27T18:20:00",
          "2019-07-27T18:25:00",
          "2019-07-27T18:30:00",
          "2019-07-27T18:35:00",
          "2019-07-27T18:40:00",
          "2019-07-27T18:45:00",
          "2019-07-27T18:50:00",
          "2019-07-27T18:55:00",
          "2019-07-27T19:00:00",
          "2019-07-27T19:05:00",
          "2019-07-27T19:10:00",
          "2019-07-27T19:15:00",
          "2019-07-27T19:20:00",
          "2019-07-27T19:25:00",
          "2019-07-27T19:30:00",
          "2019-07-27T19:35:00",
          "2019-07-27T19:40:00",
          "2019-07-27T19:45:00",
          "2019-07-27T19:50:00",
          "2019-07-27T19:55:00",
          "2019-07-27T20:00:00",
          "2019-07-27T20:05:00",
          "2019-07-27T20:10:00",
          "2019-07-27T20:15:00",
          "2019-07-27T20:20:00",
          "2019-07-27T20:25:00",
          "2019-07-27T20:30:00",
          "2019-07-27T20:35:00",
          "2019-07-27T20:40:00",
          "2019-07-27T20:45:00",
          "2019-07-27T20:50:00",
          "2019-07-27T20:55:00",
          "2019-07-27T21:00:00",
          "2019-07-27T21:05:00",
          "2019-07-27T21:10:00",
          "2019-07-27T21:15:00",
          "2019-07-27T21:20:00",
          "2019-07-27T21:25:00",
          "2019-07-27T21:30:00",
          "2019-07-27T21:35:00",
          "2019-07-27T21:40:00",
          "2019-07-27T21:45:00",
          "2019-07-27T21:50:00",
          "2019-07-27T21:55:00",
          "2019-07-27T22:00:00",
          "2019-07-27T22:05:00",
          "2019-07-27T22:10:00",
          "2019-07-27T22:15:00",
          "2019-07-27T22:20:00",
          "2019-07-27T22:25:00",
          "2019-07-27T22:30:00",
          "2019-07-27T22:35:00",
          "2019-07-27T22:40:00",
          "2019-07-27T22:45:00",
          "2019-07-27T22:50:00",
          "2019-07-27T22:55:00",
          "2019-07-27T23:00:00",
          "2019-07-27T23:05:00",
          "2019-07-27T23:10:00",
          "2019-07-27T23:15:00",
          "2019-07-27T23:20:00",
          "2019-07-27T23:25:00",
          "2019-07-27T23:30:00",
          "2019-07-27T23:35:00",
          "2019-07-27T23:40:00",
          "2019-07-27T23:45:00",
          "2019-07-27T23:50:00",
          "2019-07-27T23:55:00",
          "2019-07-28T00:00:00",
          "2019-07-28T00:05:00",
          "2019-07-28T00:10:00",
          "2019-07-28T00:15:00",
          "2019-07-28T00:20:00",
          "2019-07-28T00:25:00",
          "2019-07-28T00:30:00",
          "2019-07-28T00:35:00",
          "2019-07-28T00:40:00",
          "2019-07-28T00:45:00",
          "2019-07-28T00:50:00",
          "2019-07-28T00:55:00",
          "2019-07-28T01:00:00",
          "2019-07-28T01:05:00",
          "2019-07-28T01:10:00",
          "2019-07-28T01:15:00",
          "2019-07-28T01:20:00",
          "2019-07-28T01:25:00",
          "2019-07-28T01:30:00",
          "2019-07-28T01:35:00",
          "2019-07-28T01:40:00",
          "2019-07-28T01:45:00",
          "2019-07-28T01:50:00",
          "2019-07-28T01:55:00",
          "2019-07-28T02:00:00",
          "2019-07-28T02:05:00",
          "2019-07-28T02:10:00",
          "2019-07-28T02:15:00",
          "2019-07-28T02:20:00",
          "2019-07-28T02:25:00",
          "2019-07-28T02:30:00",
          "2019-07-28T02:35:00",
          "2019-07-28T02:40:00",
          "2019-07-28T02:45:00",
          "2019-07-28T02:50:00",
          "2019-07-28T02:55:00",
          "2019-07-28T03:00:00",
          "2019-07-28T03:05:00",
          "2019-07-28T03:10:00",
          "2019-07-28T03:15:00",
          "2019-07-28T03:20:00",
          "2019-07-28T03:25:00",
          "2019-07-28T03:30:00",
          "2019-07-28T03:35:00",
          "2019-07-28T03:40:00",
          "2019-07-28T03:45:00",
          "2019-07-28T03:50:00",
          "2019-07-28T03:55:00",
          "2019-07-28T04:00:00",
          "2019-07-28T04:05:00",
          "2019-07-28T04:10:00",
          "2019-07-28T04:15:00",
          "2019-07-28T04:20:00",
          "2019-07-28T04:25:00",
          "2019-07-28T04:30:00",
          "2019-07-28T04:35:00",
          "2019-07-28T04:40:00",
          "2019-07-28T04:45:00",
          "2019-07-28T04:50:00",
          "2019-07-28T04:55:00",
          "2019-07-28T05:00:00",
          "2019-07-28T05:05:00",
          "2019-07-28T05:10:00",
          "2019-07-28T05:15:00",
          "2019-07-28T05:20:00",
          "2019-07-28T05:25:00",
          "2019-07-28T05:30:00",
          "2019-07-28T05:35:00",
          "2019-07-28T05:40:00",
          "2019-07-28T05:45:00",
          "2019-07-28T05:50:00",
          "2019-07-28T05:55:00",
          "2019-07-28T06:00:00",
          "2019-07-28T06:05:00",
          "2019-07-28T06:10:00",
          "2019-07-28T06:15:00",
          "2019-07-28T06:20:00",
          "2019-07-28T06:25:00",
          "2019-07-28T06:30:00",
          "2019-07-28T06:35:00",
          "2019-07-28T06:40:00",
          "2019-07-28T06:45:00",
          "2019-07-28T06:50:00",
          "2019-07-28T06:55:00",
          "2019-07-28T07:00:00",
          "2019-07-28T07:05:00",
          "2019-07-28T07:10:00",
          "2019-07-28T07:15:00",
          "2019-07-28T07:20:00",
          "2019-07-28T07:25:00",
          "2019-07-28T07:30:00",
          "2019-07-28T07:35:00",
          "2019-07-28T07:40:00",
          "2019-07-28T07:45:00",
          "2019-07-28T07:50:00",
          "2019-07-28T07:55:00",
          "2019-07-28T08:00:00",
          "2019-07-28T08:05:00",
          "2019-07-28T08:10:00",
          "2019-07-28T08:15:00",
          "2019-07-28T08:20:00",
          "2019-07-28T08:25:00",
          "2019-07-28T08:30:00",
          "2019-07-28T08:35:00",
          "2019-07-28T08:40:00",
          "2019-07-28T08:45:00",
          "2019-07-28T08:50:00",
          "2019-07-28T08:55:00",
          "2019-07-28T09:00:00",
          "2019-07-28T09:05:00",
          "2019-07-28T09:10:00",
          "2019-07-28T09:15:00",
          "2019-07-28T09:20:00",
          "2019-07-28T09:25:00",
          "2019-07-28T09:30:00",
          "2019-07-28T09:35:00",
          "2019-07-28T09:40:00",
          "2019-07-28T09:45:00",
          "2019-07-28T09:50:00",
          "2019-07-28T09:55:00",
          "2019-07-28T10:00:00",
          "2019-07-28T10:05:00",
          "2019-07-28T10:10:00",
          "2019-07-28T10:15:00",
          "2019-07-28T10:20:00",
          "2019-07-28T10:25:00",
          "2019-07-28T10:30:00",
          "2019-07-28T10:35:00",
          "2019-07-28T10:40:00",
          "2019-07-28T10:45:00",
          "2019-07-28T10:50:00",
          "2019-07-28T10:55:00",
          "2019-07-28T11:00:00",
          "2019-07-28T11:05:00",
          "2019-07-28T11:10:00",
          "2019-07-28T11:15:00",
          "2019-07-28T11:20:00",
          "2019-07-28T11:25:00",
          "2019-07-28T11:30:00",
          "2019-07-28T11:35:00",
          "2019-07-28T11:40:00",
          "2019-07-28T11:45:00",
          "2019-07-28T11:50:00",
          "2019-07-28T11:55:00",
          "2019-07-28T12:00:00",
          "2019-07-28T12:05:00",
          "2019-07-28T12:10:00",
          "2019-07-28T12:15:00",
          "2019-07-28T12:20:00",
          "2019-07-28T12:25:00",
          "2019-07-28T12:30:00",
          "2019-07-28T12:35:00",
          "2019-07-28T12:40:00",
          "2019-07-28T12:45:00",
          "2019-07-28T12:50:00",
          "2019-07-28T12:55:00",
          "2019-07-28T13:00:00",
          "2019-07-28T13:05:00",
          "2019-07-28T13:10:00",
          "2019-07-28T13:15:00",
          "2019-07-28T13:20:00",
          "2019-07-28T13:25:00",
          "2019-07-28T13:30:00",
          "2019-07-28T13:35:00",
          "2019-07-28T13:40:00",
          "2019-07-28T13:45:00",
          "2019-07-28T13:50:00",
          "2019-07-28T13:55:00",
          "2019-07-28T14:00:00",
          "2019-07-28T14:05:00",
          "2019-07-28T14:10:00",
          "2019-07-28T14:15:00",
          "2019-07-28T14:20:00",
          "2019-07-28T14:25:00",
          "2019-07-28T14:30:00",
          "2019-07-28T14:35:00",
          "2019-07-28T14:40:00",
          "2019-07-28T14:45:00",
          "2019-07-28T14:50:00",
          "2019-07-28T14:55:00",
          "2019-07-28T15:00:00",
          "2019-07-28T15:05:00",
          "2019-07-28T15:10:00",
          "2019-07-28T15:15:00",
          "2019-07-28T15:20:00",
          "2019-07-28T15:25:00",
          "2019-07-28T15:30:00",
          "2019-07-28T15:35:00",
          "2019-07-28T15:40:00",
          "2019-07-28T15:45:00",
          "2019-07-28T15:50:00",
          "2019-07-28T15:55:00",
          "2019-07-28T16:00:00",
          "2019-07-28T16:05:00",
          "2019-07-28T16:10:00",
          "2019-07-28T16:15:00",
          "2019-07-28T16:20:00",
          "2019-07-28T16:25:00",
          "2019-07-28T16:30:00",
          "2019-07-28T16:35:00",
          "2019-07-28T16:40:00",
          "2019-07-28T16:45:00",
          "2019-07-28T16:50:00",
          "2019-07-28T16:55:00",
          "2019-07-28T17:00:00",
          "2019-07-28T17:05:00",
          "2019-07-28T17:10:00",
          "2019-07-28T17:15:00",
          "2019-07-28T17:20:00",
          "2019-07-28T17:25:00",
          "2019-07-28T17:30:00",
          "2019-07-28T17:35:00",
          "2019-07-28T17:40:00",
          "2019-07-28T17:45:00",
          "2019-07-28T17:50:00",
          "2019-07-28T17:55:00",
          "2019-07-28T18:00:00",
          "2019-07-28T18:05:00",
          "2019-07-28T18:10:00",
          "2019-07-28T18:15:00",
          "2019-07-28T18:20:00",
          "2019-07-28T18:25:00",
          "2019-07-28T18:30:00",
          "2019-07-28T18:35:00",
          "2019-07-28T18:40:00",
          "2019-07-28T18:45:00",
          "2019-07-28T18:50:00",
          "2019-07-28T18:55:00",
          "2019-07-28T19:00:00",
          "2019-07-28T19:05:00",
          "2019-07-28T19:10:00",
          "2019-07-28T19:15:00",
          "2019-07-28T19:20:00",
          "2019-07-28T19:25:00",
          "2019-07-28T19:30:00",
          "2019-07-28T19:35:00",
          "2019-07-28T19:40:00",
          "2019-07-28T19:45:00",
          "2019-07-28T19:50:00",
          "2019-07-28T19:55:00",
          "2019-07-28T20:00:00",
          "2019-07-28T20:05:00",
          "2019-07-28T20:10:00",
          "2019-07-28T20:15:00",
          "2019-07-28T20:20:00",
          "2019-07-28T20:25:00",
          "2019-07-28T20:30:00",
          "2019-07-28T20:35:00",
          "2019-07-28T20:40:00",
          "2019-07-28T20:45:00",
          "2019-07-28T20:50:00",
          "2019-07-28T20:55:00",
          "2019-07-28T21:00:00",
          "2019-07-28T21:05:00",
          "2019-07-28T21:10:00",
          "2019-07-28T21:15:00",
          "2019-07-28T21:20:00",
          "2019-07-28T21:25:00",
          "2019-07-28T21:30:00",
          "2019-07-28T21:35:00",
          "2019-07-28T21:40:00",
          "2019-07-28T21:45:00",
          "2019-07-28T21:50:00",
          "2019-07-28T21:55:00",
          "2019-07-28T22:00:00",
          "2019-07-28T22:05:00",
          "2019-07-28T22:10:00",
          "2019-07-28T22:15:00",
          "2019-07-28T22:20:00",
          "2019-07-28T22:25:00",
          "2019-07-28T22:30:00",
          "2019-07-28T22:35:00",
          "2019-07-28T22:40:00",
          "2019-07-28T22:45:00",
          "2019-07-28T22:50:00",
          "2019-07-28T22:55:00",
          "2019-07-28T23:00:00",
          "2019-07-28T23:05:00",
          "2019-07-28T23:10:00",
          "2019-07-28T23:15:00",
          "2019-07-28T23:20:00",
          "2019-07-28T23:25:00",
          "2019-07-28T23:30:00",
          "2019-07-28T23:35:00",
          "2019-07-28T23:40:00",
          "2019-07-28T23:45:00",
          "2019-07-28T23:50:00",
          "2019-07-28T23:55:00",
          "2019-07-29T00:00:00",
          "2019-07-29T00:05:00",
          "2019-07-29T00:10:00",
          "2019-07-29T00:15:00",
          "2019-07-29T00:20:00",
          "2019-07-29T00:25:00",
          "2019-07-29T00:30:00",
          "2019-07-29T00:35:00",
          "2019-07-29T00:40:00",
          "2019-07-29T00:45:00",
          "2019-07-29T00:50:00",
          "2019-07-29T00:55:00",
          "2019-07-29T01:00:00",
          "2019-07-29T01:05:00",
          "2019-07-29T01:10:00",
          "2019-07-29T01:15:00",
          "2019-07-29T01:20:00",
          "2019-07-29T01:25:00",
          "2019-07-29T01:30:00",
          "2019-07-29T01:35:00",
          "2019-07-29T01:40:00",
          "2019-07-29T01:45:00",
          "2019-07-29T01:50:00",
          "2019-07-29T01:55:00",
          "2019-07-29T02:00:00",
          "2019-07-29T02:05:00",
          "2019-07-29T02:10:00",
          "2019-07-29T02:15:00",
          "2019-07-29T02:20:00",
          "2019-07-29T02:25:00",
          "2019-07-29T02:30:00",
          "2019-07-29T02:35:00",
          "2019-07-29T02:40:00",
          "2019-07-29T02:45:00",
          "2019-07-29T02:50:00",
          "2019-07-29T02:55:00",
          "2019-07-29T03:00:00",
          "2019-07-29T03:05:00",
          "2019-07-29T03:10:00",
          "2019-07-29T03:15:00",
          "2019-07-29T03:20:00",
          "2019-07-29T03:25:00",
          "2019-07-29T03:30:00",
          "2019-07-29T03:35:00",
          "2019-07-29T03:40:00",
          "2019-07-29T03:45:00",
          "2019-07-29T03:50:00",
          "2019-07-29T03:55:00",
          "2019-07-29T04:00:00",
          "2019-07-29T04:05:00",
          "2019-07-29T04:10:00",
          "2019-07-29T04:15:00",
          "2019-07-29T04:20:00",
          "2019-07-29T04:25:00",
          "2019-07-29T04:30:00",
          "2019-07-29T04:35:00",
          "2019-07-29T04:40:00",
          "2019-07-29T04:45:00",
          "2019-07-29T04:50:00",
          "2019-07-29T04:55:00",
          "2019-07-29T05:00:00",
          "2019-07-29T05:05:00",
          "2019-07-29T05:10:00",
          "2019-07-29T05:15:00",
          "2019-07-29T05:20:00",
          "2019-07-29T05:25:00",
          "2019-07-29T05:30:00",
          "2019-07-29T05:35:00",
          "2019-07-29T05:40:00",
          "2019-07-29T05:45:00",
          "2019-07-29T05:50:00",
          "2019-07-29T05:55:00",
          "2019-07-29T06:00:00",
          "2019-07-29T06:05:00",
          "2019-07-29T06:10:00",
          "2019-07-29T06:15:00",
          "2019-07-29T06:20:00",
          "2019-07-29T06:25:00",
          "2019-07-29T06:30:00",
          "2019-07-29T06:35:00",
          "2019-07-29T06:40:00",
          "2019-07-29T06:45:00",
          "2019-07-29T06:50:00",
          "2019-07-29T06:55:00",
          "2019-07-29T07:00:00",
          "2019-07-29T07:05:00",
          "2019-07-29T07:10:00",
          "2019-07-29T07:15:00",
          "2019-07-29T07:20:00",
          "2019-07-29T07:25:00",
          "2019-07-29T07:30:00",
          "2019-07-29T07:35:00",
          "2019-07-29T07:40:00",
          "2019-07-29T07:45:00",
          "2019-07-29T07:50:00",
          "2019-07-29T07:55:00",
          "2019-07-29T08:00:00",
          "2019-07-29T08:05:00",
          "2019-07-29T08:10:00",
          "2019-07-29T08:15:00",
          "2019-07-29T08:20:00",
          "2019-07-29T08:25:00",
          "2019-07-29T08:30:00",
          "2019-07-29T08:35:00",
          "2019-07-29T08:40:00",
          "2019-07-29T08:45:00",
          "2019-07-29T08:50:00",
          "2019-07-29T08:55:00",
          "2019-07-29T09:00:00",
          "2019-07-29T09:05:00",
          "2019-07-29T09:10:00",
          "2019-07-29T09:15:00",
          "2019-07-29T09:20:00",
          "2019-07-29T09:25:00",
          "2019-07-29T09:30:00",
          "2019-07-29T09:35:00",
          "2019-07-29T09:40:00",
          "2019-07-29T09:45:00",
          "2019-07-29T09:50:00",
          "2019-07-29T09:55:00",
          "2019-07-29T10:00:00",
          "2019-07-29T10:05:00",
          "2019-07-29T10:10:00",
          "2019-07-29T10:15:00",
          "2019-07-29T10:20:00",
          "2019-07-29T10:25:00",
          "2019-07-29T10:30:00",
          "2019-07-29T10:35:00",
          "2019-07-29T10:40:00",
          "2019-07-29T10:45:00",
          "2019-07-29T10:50:00",
          "2019-07-29T10:55:00",
          "2019-07-29T11:00:00",
          "2019-07-29T11:05:00",
          "2019-07-29T11:10:00",
          "2019-07-29T11:15:00",
          "2019-07-29T11:20:00",
          "2019-07-29T11:25:00",
          "2019-07-29T11:30:00",
          "2019-07-29T11:35:00",
          "2019-07-29T11:40:00",
          "2019-07-29T11:45:00",
          "2019-07-29T11:50:00",
          "2019-07-29T11:55:00",
          "2019-07-29T12:00:00",
          "2019-07-29T12:05:00",
          "2019-07-29T12:10:00",
          "2019-07-29T12:15:00",
          "2019-07-29T12:20:00",
          "2019-07-29T12:25:00",
          "2019-07-29T12:30:00",
          "2019-07-29T12:35:00",
          "2019-07-29T12:40:00",
          "2019-07-29T12:45:00",
          "2019-07-29T12:50:00",
          "2019-07-29T12:55:00",
          "2019-07-29T13:00:00",
          "2019-07-29T13:05:00",
          "2019-07-29T13:10:00",
          "2019-07-29T13:15:00",
          "2019-07-29T13:20:00",
          "2019-07-29T13:25:00",
          "2019-07-29T13:30:00",
          "2019-07-29T13:35:00",
          "2019-07-29T13:40:00",
          "2019-07-29T13:45:00",
          "2019-07-29T13:50:00",
          "2019-07-29T13:55:00",
          "2019-07-29T14:00:00",
          "2019-07-29T14:05:00",
          "2019-07-29T14:10:00",
          "2019-07-29T14:15:00",
          "2019-07-29T14:20:00",
          "2019-07-29T14:25:00",
          "2019-07-29T14:30:00",
          "2019-07-29T14:35:00",
          "2019-07-29T14:40:00",
          "2019-07-29T14:45:00",
          "2019-07-29T14:50:00",
          "2019-07-29T14:55:00",
          "2019-07-29T15:00:00",
          "2019-07-29T15:05:00",
          "2019-07-29T15:10:00",
          "2019-07-29T15:15:00",
          "2019-07-29T15:20:00",
          "2019-07-29T15:25:00",
          "2019-07-29T15:30:00",
          "2019-07-29T15:35:00",
          "2019-07-29T15:40:00",
          "2019-07-29T15:45:00",
          "2019-07-29T15:50:00",
          "2019-07-29T15:55:00",
          "2019-07-29T16:00:00",
          "2019-07-29T16:05:00",
          "2019-07-29T16:10:00",
          "2019-07-29T16:15:00",
          "2019-07-29T16:20:00",
          "2019-07-29T16:25:00",
          "2019-07-29T16:30:00",
          "2019-07-29T16:35:00",
          "2019-07-29T16:40:00",
          "2019-07-29T16:45:00",
          "2019-07-29T16:50:00",
          "2019-07-29T16:55:00",
          "2019-07-29T17:00:00",
          "2019-07-29T17:05:00",
          "2019-07-29T17:10:00",
          "2019-07-29T17:15:00",
          "2019-07-29T17:20:00",
          "2019-07-29T17:25:00",
          "2019-07-29T17:30:00",
          "2019-07-29T17:35:00",
          "2019-07-29T17:40:00",
          "2019-07-29T17:45:00",
          "2019-07-29T17:50:00",
          "2019-07-29T17:55:00",
          "2019-07-29T18:00:00",
          "2019-07-29T18:05:00",
          "2019-07-29T18:10:00",
          "2019-07-29T18:15:00",
          "2019-07-29T18:20:00",
          "2019-07-29T18:25:00",
          "2019-07-29T18:30:00",
          "2019-07-29T18:35:00",
          "2019-07-29T18:40:00",
          "2019-07-29T18:45:00",
          "2019-07-29T18:50:00",
          "2019-07-29T18:55:00",
          "2019-07-29T19:00:00",
          "2019-07-29T19:05:00",
          "2019-07-29T19:10:00",
          "2019-07-29T19:15:00",
          "2019-07-29T19:20:00",
          "2019-07-29T19:25:00",
          "2019-07-29T19:30:00",
          "2019-07-29T19:35:00",
          "2019-07-29T19:40:00",
          "2019-07-29T19:45:00",
          "2019-07-29T19:50:00",
          "2019-07-29T19:55:00",
          "2019-07-29T20:00:00",
          "2019-07-29T20:05:00",
          "2019-07-29T20:10:00",
          "2019-07-29T20:15:00",
          "2019-07-29T20:20:00",
          "2019-07-29T20:25:00",
          "2019-07-29T20:30:00",
          "2019-07-29T20:35:00",
          "2019-07-29T20:40:00",
          "2019-07-29T20:45:00",
          "2019-07-29T20:50:00",
          "2019-07-29T20:55:00",
          "2019-07-29T21:00:00",
          "2019-07-29T21:05:00",
          "2019-07-29T21:10:00",
          "2019-07-29T21:15:00",
          "2019-07-29T21:20:00",
          "2019-07-29T21:25:00",
          "2019-07-29T21:30:00",
          "2019-07-29T21:35:00",
          "2019-07-29T21:40:00",
          "2019-07-29T21:45:00",
          "2019-07-29T21:50:00",
          "2019-07-29T21:55:00",
          "2019-07-29T22:00:00",
          "2019-07-29T22:05:00",
          "2019-07-29T22:10:00",
          "2019-07-29T22:15:00",
          "2019-07-29T22:20:00",
          "2019-07-29T22:25:00",
          "2019-07-29T22:30:00",
          "2019-07-29T22:35:00",
          "2019-07-29T22:40:00",
          "2019-07-29T22:45:00",
          "2019-07-29T22:50:00",
          "2019-07-29T22:55:00",
          "2019-07-29T23:00:00",
          "2019-07-29T23:05:00",
          "2019-07-29T23:10:00",
          "2019-07-29T23:15:00",
          "2019-07-29T23:20:00",
          "2019-07-29T23:25:00",
          "2019-07-29T23:30:00",
          "2019-07-29T23:35:00",
          "2019-07-29T23:40:00",
          "2019-07-29T23:45:00",
          "2019-07-29T23:50:00",
          "2019-07-29T23:55:00",
          "2019-07-30T00:00:00",
          "2019-07-30T00:05:00",
          "2019-07-30T00:10:00",
          "2019-07-30T00:15:00",
          "2019-07-30T00:20:00",
          "2019-07-30T00:25:00",
          "2019-07-30T00:30:00",
          "2019-07-30T00:35:00",
          "2019-07-30T00:40:00",
          "2019-07-30T00:45:00",
          "2019-07-30T00:50:00",
          "2019-07-30T00:55:00",
          "2019-07-30T01:00:00",
          "2019-07-30T01:05:00",
          "2019-07-30T01:10:00",
          "2019-07-30T01:15:00",
          "2019-07-30T01:20:00",
          "2019-07-30T01:25:00",
          "2019-07-30T01:30:00",
          "2019-07-30T01:35:00",
          "2019-07-30T01:40:00",
          "2019-07-30T01:45:00",
          "2019-07-30T01:50:00",
          "2019-07-30T01:55:00",
          "2019-07-30T02:00:00",
          "2019-07-30T02:05:00",
          "2019-07-30T02:10:00",
          "2019-07-30T02:15:00",
          "2019-07-30T02:20:00",
          "2019-07-30T02:25:00",
          "2019-07-30T02:30:00",
          "2019-07-30T02:35:00",
          "2019-07-30T02:40:00",
          "2019-07-30T02:45:00",
          "2019-07-30T02:50:00",
          "2019-07-30T02:55:00",
          "2019-07-30T03:00:00",
          "2019-07-30T03:05:00",
          "2019-07-30T03:10:00",
          "2019-07-30T03:15:00",
          "2019-07-30T03:20:00",
          "2019-07-30T03:25:00",
          "2019-07-30T03:30:00",
          "2019-07-30T03:35:00",
          "2019-07-30T03:40:00",
          "2019-07-30T03:45:00",
          "2019-07-30T03:50:00",
          "2019-07-30T03:55:00",
          "2019-07-30T04:00:00",
          "2019-07-30T04:05:00",
          "2019-07-30T04:10:00",
          "2019-07-30T04:15:00",
          "2019-07-30T04:20:00",
          "2019-07-30T04:25:00",
          "2019-07-30T04:30:00",
          "2019-07-30T04:35:00",
          "2019-07-30T04:40:00",
          "2019-07-30T04:45:00",
          "2019-07-30T04:50:00",
          "2019-07-30T04:55:00",
          "2019-07-30T05:00:00",
          "2019-07-30T05:05:00",
          "2019-07-30T05:10:00",
          "2019-07-30T05:15:00",
          "2019-07-30T05:20:00",
          "2019-07-30T05:25:00",
          "2019-07-30T05:30:00",
          "2019-07-30T05:35:00",
          "2019-07-30T05:40:00",
          "2019-07-30T05:45:00",
          "2019-07-30T05:50:00",
          "2019-07-30T05:55:00",
          "2019-07-30T06:00:00",
          "2019-07-30T06:05:00",
          "2019-07-30T06:10:00",
          "2019-07-30T06:15:00",
          "2019-07-30T06:20:00",
          "2019-07-30T06:25:00",
          "2019-07-30T06:30:00",
          "2019-07-30T06:35:00",
          "2019-07-30T06:40:00",
          "2019-07-30T06:45:00",
          "2019-07-30T06:50:00",
          "2019-07-30T06:55:00",
          "2019-07-30T07:00:00",
          "2019-07-30T07:05:00",
          "2019-07-30T07:10:00",
          "2019-07-30T07:15:00",
          "2019-07-30T07:20:00",
          "2019-07-30T07:25:00",
          "2019-07-30T07:30:00",
          "2019-07-30T07:35:00",
          "2019-07-30T07:40:00",
          "2019-07-30T07:45:00",
          "2019-07-30T07:50:00",
          "2019-07-30T07:55:00",
          "2019-07-30T08:00:00",
          "2019-07-30T08:05:00",
          "2019-07-30T08:10:00",
          "2019-07-30T08:15:00",
          "2019-07-30T08:20:00",
          "2019-07-30T08:25:00",
          "2019-07-30T08:30:00",
          "2019-07-30T08:35:00",
          "2019-07-30T08:40:00",
          "2019-07-30T08:45:00",
          "2019-07-30T08:50:00",
          "2019-07-30T08:55:00",
          "2019-07-30T09:00:00",
          "2019-07-30T09:05:00",
          "2019-07-30T09:10:00",
          "2019-07-30T09:15:00",
          "2019-07-30T09:20:00",
          "2019-07-30T09:25:00",
          "2019-07-30T09:30:00",
          "2019-07-30T09:35:00",
          "2019-07-30T09:40:00",
          "2019-07-30T09:45:00",
          "2019-07-30T09:50:00",
          "2019-07-30T09:55:00",
          "2019-07-30T10:00:00",
          "2019-07-30T10:05:00",
          "2019-07-30T10:10:00",
          "2019-07-30T10:15:00",
          "2019-07-30T10:20:00",
          "2019-07-30T10:25:00",
          "2019-07-30T10:30:00",
          "2019-07-30T10:35:00",
          "2019-07-30T10:40:00",
          "2019-07-30T10:45:00",
          "2019-07-30T10:50:00",
          "2019-07-30T10:55:00",
          "2019-07-30T11:00:00",
          "2019-07-30T11:05:00",
          "2019-07-30T11:10:00",
          "2019-07-30T11:15:00",
          "2019-07-30T11:20:00",
          "2019-07-30T11:25:00",
          "2019-07-30T11:30:00",
          "2019-07-30T11:35:00",
          "2019-07-30T11:40:00",
          "2019-07-30T11:45:00",
          "2019-07-30T11:50:00",
          "2019-07-30T11:55:00",
          "2019-07-30T12:00:00",
          "2019-07-30T12:05:00",
          "2019-07-30T12:10:00",
          "2019-07-30T12:15:00",
          "2019-07-30T12:20:00",
          "2019-07-30T12:25:00",
          "2019-07-30T12:30:00",
          "2019-07-30T12:35:00",
          "2019-07-30T12:40:00",
          "2019-07-30T12:45:00",
          "2019-07-30T12:50:00",
          "2019-07-30T12:55:00",
          "2019-07-30T13:00:00",
          "2019-07-30T13:05:00",
          "2019-07-30T13:10:00",
          "2019-07-30T13:15:00",
          "2019-07-30T13:20:00",
          "2019-07-30T13:25:00",
          "2019-07-30T13:30:00",
          "2019-07-30T13:35:00",
          "2019-07-30T13:40:00",
          "2019-07-30T13:45:00",
          "2019-07-30T13:50:00",
          "2019-07-30T13:55:00",
          "2019-07-30T14:00:00",
          "2019-07-30T14:05:00",
          "2019-07-30T14:10:00",
          "2019-07-30T14:15:00",
          "2019-07-30T14:20:00",
          "2019-07-30T14:25:00",
          "2019-07-30T14:30:00",
          "2019-07-30T14:35:00",
          "2019-07-30T14:40:00",
          "2019-07-30T14:45:00",
          "2019-07-30T14:50:00",
          "2019-07-30T14:55:00",
          "2019-07-30T15:00:00",
          "2019-07-30T15:05:00",
          "2019-07-30T15:10:00",
          "2019-07-30T15:15:00",
          "2019-07-30T15:20:00",
          "2019-07-30T15:25:00",
          "2019-07-30T15:30:00",
          "2019-07-30T15:35:00",
          "2019-07-30T15:40:00",
          "2019-07-30T15:45:00",
          "2019-07-30T15:50:00",
          "2019-07-30T15:55:00",
          "2019-07-30T16:00:00",
          "2019-07-30T16:05:00",
          "2019-07-30T16:10:00",
          "2019-07-30T16:15:00",
          "2019-07-30T16:20:00",
          "2019-07-30T16:25:00",
          "2019-07-30T16:30:00",
          "2019-07-30T16:35:00",
          "2019-07-30T16:40:00",
          "2019-07-30T16:45:00",
          "2019-07-30T16:50:00",
          "2019-07-30T16:55:00",
          "2019-07-30T17:00:00",
          "2019-07-30T17:05:00",
          "2019-07-30T17:10:00",
          "2019-07-30T17:15:00",
          "2019-07-30T17:20:00",
          "2019-07-30T17:25:00",
          "2019-07-30T17:30:00",
          "2019-07-30T17:35:00",
          "2019-07-30T17:40:00",
          "2019-07-30T17:45:00",
          "2019-07-30T17:50:00",
          "2019-07-30T17:55:00",
          "2019-07-30T18:00:00",
          "2019-07-30T18:05:00",
          "2019-07-30T18:10:00",
          "2019-07-30T18:15:00",
          "2019-07-30T18:20:00",
          "2019-07-30T18:25:00",
          "2019-07-30T18:30:00",
          "2019-07-30T18:35:00",
          "2019-07-30T18:40:00",
          "2019-07-30T18:45:00",
          "2019-07-30T18:50:00",
          "2019-07-30T18:55:00",
          "2019-07-30T19:00:00",
          "2019-07-30T19:05:00",
          "2019-07-30T19:10:00",
          "2019-07-30T19:15:00",
          "2019-07-30T19:20:00",
          "2019-07-30T19:25:00",
          "2019-07-30T19:30:00",
          "2019-07-30T19:35:00",
          "2019-07-30T19:40:00",
          "2019-07-30T19:45:00",
          "2019-07-30T19:50:00",
          "2019-07-30T19:55:00",
          "2019-07-30T20:00:00",
          "2019-07-30T20:05:00",
          "2019-07-30T20:10:00",
          "2019-07-30T20:15:00",
          "2019-07-30T20:20:00",
          "2019-07-30T20:25:00",
          "2019-07-30T20:30:00",
          "2019-07-30T20:35:00",
          "2019-07-30T20:40:00",
          "2019-07-30T20:45:00",
          "2019-07-30T20:50:00",
          "2019-07-30T20:55:00",
          "2019-07-30T21:00:00",
          "2019-07-30T21:05:00",
          "2019-07-30T21:10:00",
          "2019-07-30T21:15:00",
          "2019-07-30T21:20:00",
          "2019-07-30T21:25:00",
          "2019-07-30T21:30:00",
          "2019-07-30T21:35:00",
          "2019-07-30T21:40:00",
          "2019-07-30T21:45:00",
          "2019-07-30T21:50:00",
          "2019-07-30T21:55:00",
          "2019-07-30T22:00:00",
          "2019-07-30T22:05:00",
          "2019-07-30T22:10:00",
          "2019-07-30T22:15:00",
          "2019-07-30T22:20:00",
          "2019-07-30T22:25:00",
          "2019-07-30T22:30:00",
          "2019-07-30T22:35:00",
          "2019-07-30T22:40:00",
          "2019-07-30T22:45:00",
          "2019-07-30T22:50:00",
          "2019-07-30T22:55:00",
          "2019-07-30T23:00:00",
          "2019-07-30T23:05:00",
          "2019-07-30T23:10:00",
          "2019-07-30T23:15:00",
          "2019-07-30T23:20:00",
          "2019-07-30T23:25:00",
          "2019-07-30T23:30:00",
          "2019-07-30T23:35:00",
          "2019-07-30T23:40:00",
          "2019-07-30T23:45:00",
          "2019-07-30T23:50:00"
        ]
      }
    },
    {
      "type": "Feature",
      "geometry": {
        "type": "LineString",
        "coordinates": [
          [
            -37.008279806047426,
            -8.80499068778262
          ],
          [
            -37.00267582882265,
            -8.80218042690442
          ],
          [
            -36.99707185159788,
            -8.799370166026218
          ],
          [
            -36.99146787437311,
            -8.796559905148017
          ],
          [
            -36.985863897148334,
            -8.793749644269816
          ],
          [
            -36.98025991992356,
            -8.790939383391615
          ],
          [
            -36.97465594269879,
            -8.788129122513414
          ],
          [
            -36.969051965474016,
            -8.785318861635213
          ],
          [
            -36.96344798824924,
            -8.782508600757012
          ],
          [
            -36.95784401102447,
            -8.779698339878811
          ],
          [
            -36.9522400337997,
            -8.77688807900061
          ],
          [
            -36.946636056574924,
            -8.774077818122409
          ],
          [
            -36.94103207935015,
            -8.771267557244208
          ],
          [
            -36.93542810212538,
            -8.768457296366007
          ],
          [
            -36.929824124900605,
            -8.765647035487806
          ],
          [
            -36.92422014767583,
            -8.762836774609605
          ],
          [
            -36.91861617045106,
            -8.760026513731404
          ],
          [
            -36.91301219322629,
            -8.757216252853203
          ],
          [
            -36.907408216001514,
            -8.754405991975002
          ],
          [
            -36.90180423877674,
            -8.751595731096801
          ],
          [
            -36.89620026155197,
            -8.7487854702186
          ],
          [
            -36.890596284327195,
            -8.745975209340399
          ],
          [
            -36.88499230710242,
            -8.743164948462198
          ],
          [
            -36.87938832987765,
            -8.740354687583997
          ],
          [
            -36.873784352652876,
            -8.737544426705796
          ],
          [
            -36.8681803754281,
            -8.734734165827595
          ],
          [
            -36.86257639820333,
            -8.731923904949394
          ],
          [
            -36.85697242097856,
            -8.729113644071193
          ],
          [
            -36.851368443753785,
            -8.726303383192992
          ],
          [
            -36.84576446652901,
            -8.72349312231479
          ],
          [
            -36.84016048930424,
            -8.72068286143659
          ],
          [
            -36.834556512079466,
            -8.717872600558389
          ],
          [
            -36.82895253485469,
            -8.715062339680188
          ],
          [
            -36.82334855762992,
            -8.712252078801987
          ],
          [
            -36.81774458040515,
            -8.709441817923786
          ],
          [
            -36.812140603180374,
            -8.706631557045585
          ],
          [
            -36.8065366259556,
            -8.703821296167384
          ],
          [
            -36.80093264873083,
            -8.701011035289183
          ],
          [
            -36.795328671506056,
            -8.698200774410981
          ],
          [
            -36.78972469428128,
            -8.69539051353278
          ],
          [
            -36.78412071705651,
            -8.69258025265458
          ],
          [
            -36.77851673983174,
            -8.689769991776378
          ],
          [
            -36.772912762606964,
            -8.686959730898177
          ],
          [
            -36.76730878538219,
            -8.684149470019976
          ],
          [
            -36.76170480815742,
            -8.681339209141775
          ],
          [
            -36.756100830932645,
            -8.678528948263574
          ],
          [
            -36.75049685370787,
            -8.675718687385373
          ],
          [
            -36.7448928764831,
            -8.672908426507172
          ],
          [
            -36.73928889925833,
            -8.670098165628971
          ],
          [
            -36.733684922033554,
            -8.66728790475077
          ],
          [
            -36.72808094480878,
            -8.66447764387257
          ],
          [
            -36.72247696758401,
            -8.661667382994368
          ],
          [
            -36.716872990359235,
            -8.658857122116167
          ],
          [
            -36.71126901313446,
            -8.656046861237966
          ],
          [
            -36.70566503590969,
            -8.653236600359765
          ],
          [
            -36.700061058684916,
            -8.650426339481564
          ],
          [
            -36.69445708146014,
            -8.647616078603363
          ],
          [
            -36.68885310423537,
            -8.644805817725162
          ],
          [
            -36.6832491270106,
            -8.641995556846961
          ],
          [
            -36.677645149785825,
            -8.63918529596876
          ],
          [
            -36.67204117256105,
            -8.636375035090559
          ],
          [
            -36.66643719533628,
            -8.633564774212358
          ],
          [
            -36.660833218111506,
            -8.630754513334157
          ],
          [
            -36.65522924088673,
            -8.627944252455956
          ],
          [
            -36.64962526366196,
            -8.625133991577755
          ],
          [
            -36.64402128643719,
            -8.622323730699554
          ],
          [
            -36.638417309212414,
            -8.619513469821353
          ],
          [
            -36.63281333198764,
            -8.616703208943152
          ],
          [
            -36.62720935476287,
            -8.61389294806495
          ],
          [
            -36.621605377538096,
            -8.61108268718675
          ],
          [
            -36.61600140031332,
            -8.608272426308549
          ],
          [
            -36.61039742308855,
            -8.605462165430348
          ],
          [
            -36.60479344586378,
            -8.602651904552147
          ],
          [
            -36.599189468639004,
            -8.599841643673946
          ],
          [
            -36.59358549141423,
            -8.597031382795745
          ],
          [
            -36.58798151418946,
            -8.594221121917544
          ],
          [
            -36.582377536964685,
            -8.591410861039343
          ],
          [
            -36.57677355973991,
            -8.588600600161142
          ],
          [
            -36.57116958251514,
            -8.58579033928294
          ],
          [
            -36.56556560529037,
            -8.58298007840474
          ],
          [
            -36.559961628065594,
            -8.580169817526539
          ],
          [
            -36.55435765084082,
            -8.577359556648338
          ],
          [
            -36.54875367361605,
            -8.574549295770137
          ],
          [
            -36.543149696391275,
            -8.571739034891936
          ],
          [
            -36.5375457191665,
            -8.568928774013735
          ],
          [
            -36.53194174194173,
            -8.566118513135534
          ],
          [
            -36.526337764716956,
            -8.563308252257332
          ],
          [
            -36.52073378749218,
            -8.560497991379131
          ],
          [
            -36.51512981026741,
            -8.55768773050093
          ],
          [
            -36.50952583304264,
            -8.55487746962273
          ],
          [
            -36.503921855817865,
            -8.552067208744528
          ],
          [
            -36.49831787859309,
            -8.549256947866327
          ],
          [
            -36.49271390136832,
            -8.546446686988126
          ],
          [
            -36.487109924143546,
            -8.543636426109925
          ],
          [
            -36.48150594691877,
            -8.540826165231724
          ],
          [
            -36.475901969694,
            -8.538015904353523
          ],
          [
            -36.47029799246923,
            -8.535205643475322
          ],
          [
            -36.464694015244454,
            -8.532395382597121
          ],
          [
            -36.45909003801968,
            -8.52958512171892
          ],
          [
            -36.45348606079491,
            -8.52677486084072
          ],
          [
            -36.447882083570136,
            -8.523964599962518
          ],
          [
            -36.44227810634536,
            -8.521154339084317
          ],
          [
            -36.43667412912059,
            -8.518344078206116
          ],
          [
            -36.43107015189582,
            -8.515533817327915
          ],
          [
            -36.425466174671044,
            -8.512723556449714
          ],
          [
            -36.41986219744627,
            -8.509913295571513
          ],
          [
            -36.4142582202215,
            -8.507103034693312
          ],
          [
            -36.408654242996725,
            -8.504292773815111
          ],
          [
            -36.40305026577195,
            -8.50148251293691
          ],
          [
            -36.39744628854718,
            -8.498672252058709
          ],
          [
            -36.39184231132241,
            -8.495861991180508
          ],
          [
            -36.386238334097634,
            -8.493051730302307
          ],
          [
            -36.38063435687286,
            -8.490241469424106
          ],
          [
            -36.37503037964809,
            -8.487431208545905
          ],
          [
            -36.369426402423315,
            -8.484620947667704
          ],
          [
            -36.36382242519854,
            -8.481810686789503
          ],
          [
            -36.35821844797377,
            -8.479000425911302
          ],
          [
            -36.352614470748996,
            -8.4761901650331
          ],
          [
            -36.34701049352422,
            -8.4733799041549
          ],
          [
            -36.34140651629945,
            -8.470569643276699
          ],
          [
            -36.33580253907468,
            -8.467759382398498
          ],
          [
            -36.330198561849905,
            -8.464949121520297
          ],
          [
            -36.32459458462513,
            -8.462138860642096
          ],
          [
            -36.31899060740036,
            -8.459328599763895
          ],
          [
            -36.313386630175586,
            -8.456518338885694
          ],
          [
            -36.30778265295081,
            -8.453708078007493
          ],
          [
            -36.30217867572604,
            -8.450897817129292
          ],
          [
            -36.29657469850127,
            -8.44808755625109
          ],
          [
            -36.290970721276494,
            -8.44527729537289
          ],
          [
            -36.28536674405172,
            -8.442467034494689
          ],
          [
            -36.27976276682695,
            -8.439656773616488
          ],
          [
            -36.274158789602176,
            -8.436846512738287
          ],
          [
            -36.2685548123774,
            -8.434036251860086
          ],
          [
            -36.26295083515263,
            -8.431225990981885
          ],
          [
            -36.25734685792786,
            -8.428415730103684
          ],
          [
            -36.251742880703084,
            -8.425605469225482
          ],
          [
            -36.24613890347831,
            -8.422795208347281
          ],
          [
            -36.24053492625354,
            -8.41998494746908
          ],
          [
            -36.234930949028765,
            -8.41717468659088
          ],
          [
            -36.22932697180399,
            -8.414364425712678
          ],
          [
            -36.22372299457922,
            -8.411554164834477
          ],
          [
            -36.21811901735445,
            -8.408743903956276
          ],
          [
            -36.212515040129674,
            -8.405933643078075
          ],
          [
            -36.2069110629049,
            -8.403123382199874
          ],
          [
            -36.20130708568013,
            -8.400313121321673
          ],
          [
            -36.195703108455355,
            -8.397502860443472
          ],
          [
            -36.19009913123058,
            -8.394692599565271
          ],
          [
            -36.18449515400581,
            -8.39188233868707
          ],
          [
            -36.178891176781036,
            -8.38907207780887
          ],
          [
            -36.17328719955626,
            -8.386261816930668
          ],
          [
            -36.16768322233149,
            -8.383451556052467
          ],
          [
            -36.16207924510672,
            -8.380641295174266
          ],
          [
            -36.156475267881945,
            -8.377831034296065
          ],
          [
            -36.15087129065717,
            -8.375020773417864
          ],
          [
            -36.1452673134324,
            -8.372210512539663
          ],
          [
            -36.139663336207626,
            -8.369400251661462
          ],
          [
            -36.13405935898285,
            -8.366589990783261
          ],
          [
            -36.12845538175808,
            -8.36377972990506
          ],
          [
            -36.12285140453331,
            -8.360969469026859
          ],
          [
            -36.117247427308534,
            -8.358159208148658
          ],
          [
            -36.11164345008376,
            -8.355348947270457
          ],
          [
            -36.10603947285899,
            -8.352538686392256
          ],
          [
            -36.100435495634215,
            -8.349728425514055
          ],
          [
            -36.09483151840944,
            -8.346918164635854
          ],
          [
            -36.08922754118467,
            -8.344107903757653
          ],
          [
            -36.0836235639599,
            -8.341297642879452
          ],
          [
            -36.078019586735124,
            -8.33848738200125
          ],
          [
            -36.07241560951035,
            -8.33567712112305
          ],
          [
            -36.06681163228558,
            -8.332866860244849
          ],
          [
            -36.061207655060805,
            -8.330056599366648
          ],
          [
            -36.05560367783603,
            -8.327246338488447
          ],
          [
            -36.04999970061126,
            -8.324436077610246
          ],
          [
            -36.04439572338649,
            -8.321625816732045
          ],
          [
            -36.03879174616171,
            -8.318815555853844
          ],
          [
            -36.03318776893694,
            -8.316005294975643
          ],
          [
            -36.02758379171217,
            -8.313195034097442
          ],
          [
            -36.021979814487395,
            -8.31038477321924
          ],
          [
            -36.01637583726262,
            -8.30757451234104
          ],
          [
            -36.01077186003785,
            -8.304764251462839
          ],
          [
            -36.005167882813076,
            -8.301953990584638
          ],
          [
            -35.9995639055883,
            -8.299143729706437
          ],
          [
            -35.99395992836353,
            -8.296333468828236
          ],
          [
            -35.98835595113876,
            -8.293523207950035
          ],
          [
            -35.982751973913985,
            -8.290712947071833
          ],
          [
            -35.97714799668921,
            -8.287902686193632
          ],
          [
            -35.97154401946444,
            -8.285092425315431
          ],
          [
            -35.965940042239666,
            -8.28228216443723
          ],
          [
            -35.96033606501489,
            -8.27947190355903
          ],
          [
            -35.95473208779012,
            -8.276661642680828
          ],
          [
            -35.94912811056535,
            -8.273851381802627
          ],
          [
            -35.943524133340574,
            -8.271041120924426
          ],
          [
            -35.9379201561158,
            -8.268230860046225
          ],
          [
            -35.93231617889103,
            -8.265420599168024
          ],
          [
            -35.926712201666255,
            -8.262610338289823
          ],
          [
            -35.92110822444148,
            -8.259800077411622
          ],
          [
            -35.91550424721671,
            -8.256989816533421
          ],
          [
            -35.90990026999194,
            -8.25417955565522
          ],
          [
            -35.904296292767164,
            -8.25136929477702
          ],
          [
            -35.89869231554239,
            -8.248559033898818
          ],
          [
            -35.89308833831762,
            -8.245748773020617
          ],
          [
            -35.887484361092845,
            -8.242938512142416
          ],
          [
            -35.88188038386807,
            -8.240128251264215
          ],
          [
            -35.8762764066433,
            -8.237317990386014
          ],
          [
            -35.870672429418526,
            -8.234507729507813
          ],
          [
            -35.86506845219375,
            -8.231697468629612
          ],
          [
            -35.85946447496898,
            -8.228887207751411
          ],
          [
            -35.85386049774421,
            -8.22607694687321
          ],
          [
            -35.848256520519435,
            -8.223266685995009
          ],
          [
            -35.84265254329466,
            -8.220456425116808
          ],
          [
            -35.83704856606989,
            -8.217646164238607
          ],
          [
            -35.831444588845116,
            -8.214835903360406
          ],
          [
            -35.82584061162034,
            -8.212025642482205
          ],
          [
            -35.82023663439557,
            -8.209215381604004
          ],
          [
            -35.8146326571708,
            -8.206405120725803
          ],
          [
            -35.809028679946024,
            -8.203594859847602
          ],
          [
            -35.80342470272125,
            -8.2007845989694
          ],
          [
            -35.79782072549648,
            -8.1979743380912
          ],
          [
            -35.792216748271706,
            -8.195164077212999
          ],
          [
            -35.78661277104693,
            -8.192353816334798
          ],
          [
            -35.78100879382216,
            -8.189543555456597
          ],
          [
            -35.77540481659739,
            -8.186733294578396
          ],
          [
            -35.769800839372614,
            -8.183923033700195
          ],
          [
            -35.76419686214784,
            -8.181112772821994
          ],
          [
            -35.75859288492307,
            -8.178302511943793
          ],
          [
            -35.752988907698295,
            -8.175492251065592
          ],
          [
            -35.74738493047352,
            -8.17268199018739
          ],
          [
            -35.74178095324875,
            -8.16987172930919
          ],
          [
            -35.73617697602398,
            -8.167061468430989
          ],
          [
            -35.730572998799204,
            -8.164251207552788
          ],
          [
            -35.72496902157443,
            -8.161440946674587
          ],
          [
            -35.71936504434966,
            -8.158630685796386
          ],
          [
            -35.713761067124885,
            -8.155820424918184
          ],
          [
            -35.70815708990011,
            -8.153010164039983
          ],
          [
            -35.70255311267534,
            -8.150199903161782
          ],
          [
            -35.696949135450566,
            -8.147389642283581
          ],
          [
            -35.69134515822579,
            -8.14457938140538
          ],
          [
            -35.68574118100102,
            -8.14176912052718
          ],
          [
            -35.68013720377625,
            -8.138958859648978
          ],
          [
            -35.674533226551475,
            -8.136148598770777
          ],
          [
            -35.6689292493267,
            -8.133338337892576
          ],
          [
            -35.66332527210193,
            -8.130528077014375
          ],
          [
            -35.657721294877156,
            -8.127717816136174
          ],
          [
            -35.65211731765238,
            -8.124907555257973
          ],
          [
            -35.64651334042761,
            -8.122097294379772
          ],
          [
            -35.64090936320284,
            -8.119287033501571
          ],
          [
            -35.635305385978064,
            -8.11647677262337
          ],
          [
            -35.62970140875329,
            -8.11366651174517
          ],
          [
            -35.62409743152852,
            -8.110856250866968
          ],
          [
            -35.618493454303746,
            -8.108045989988767
          ],
          [
            -35.61288947707897,
            -8.105235729110566
          ],
          [
            -35.6072854998542,
            -8.102425468232365
          ],
          [
            -35.60168152262943,
            -8.099615207354164
          ],
          [
            -35.596077545404654,
            -8.096804946475963
          ],
          [
            -35.59047356817988,
            -8.093994685597762
          ],
          [
            -35.58486959095511,
            -8.091184424719561
          ],
          [
            -35.579265613730335,
            -8.08837416384136
          ],
          [
            -35.57366163650556,
            -8.085563902963159
          ],
          [
            -35.56805765928079,
            -8.082753642084958
          ],
          [
            -35.56245368205602,
            -8.079943381206757
          ],
          [
            -35.556849704831244,
            -8.077133120328556
          ],
          [
            -35.55124572760647,
            -8.074322859450355
          ],
          [
            -35.5456417503817,
            -8.071512598572154
          ],
          [
            -35.540037773156925,
            -8.068702337693953
          ],
          [
            -35.53443379593215,
            -8.065892076815752
          ],
          [
            -35.52882981870738,
            -8.06308181593755
          ],
          [
            -35.523225841482606,
            -8.06027155505935
          ],
          [
            -35.51762186425783,
            -8.057461294181149
          ],
          [
            -35.51201788703306,
            -8.054651033302948
          ],
          [
            -35.50641390980829,
            -8.051840772424747
          ],
          [
            -35.500809932583515,
            -8.049030511546546
          ],
          [
            -35.49520595535874,
            -8.046220250668345
          ],
          [
            -35.48960197813397,
            -8.043409989790144
          ],
          [
            -35.483998000909196,
            -8.040599728911943
          ],
          [
            -35.47839402368442,
            -8.037789468033742
          ],
          [
            -35.47279004645965,
            -8.03497920715554
          ],
          [
            -35.46718606923488,
            -8.03216894627734
          ],
          [
            -35.461582092010104,
            -8.029358685399139
          ],
          [
            -35.45597811478533,
            -8.026548424520938
          ],
          [
            -35.45037413756056,
            -8.023738163642737
          ],
          [
            -35.444770160335786,
            -8.020927902764535
          ],
          [
            -35.43916618311101,
            -8.018117641886334
          ],
          [
            -35.43356220588624,
            -8.015307381008133
          ],
          [
            -35.42795822866147,
            -8.012497120129932
          ],
          [
            -35.422354251436694,
            -8.009686859251731
          ],
          [
            -35.41675027421192,
            -8.00687659837353
          ],
          [
            -35.41114629698715,
            -8.00406633749533
          ],
          [
            -35.405542319762375,
            -8.001256076617128
          ],
          [
            -35.3999383425376,
            -7.998445815738927
          ],
          [
            -35.39433436531283,
            -7.995635554860726
          ],
          [
            -35.38873038808806,
            -7.992825293982525
          ],
          [
            -35.383126410863284,
            -7.990015033104324
          ],
          [
            -35.37752243363851,
            -7.987204772226123
          ],
          [
            -35.37191845641374,
            -7.984394511347922
          ],
          [
            -35.366314479188965,
            -7.981584250469721
          ],
          [
            -35.36071050196419,
            -7.97877398959152
          ],
          [
            -35.35510652473942,
            -7.975963728713319
          ],
          [
            -35.349502547514646,
            -7.973153467835118
          ],
          [
            -35.34389857028987,
            -7.970343206956917
          ],
          [
            -35.3382945930651,
            -7.967532946078716
          ],
          [
            -35.33269061584033,
            -7.964722685200515
          ],
          [
            -35.327086638615555,
            -7.961912424322314
          ],
          [
            -35.32148266139078,
            -7.959102163444113
          ],
          [
            -35.31587868416601,
            -7.956291902565912
          ],
          [
            -35.310274706941236,
            -7.953481641687711
          ],
          [
            -35.30467072971646,
            -7.95067138080951
          ],
          [
            -35.29906675249169,
            -7.947861119931309
          ],
          [
            -35.29346277526692,
            -7.945050859053108
          ],
          [
            -35.287858798042144,
            -7.942240598174907
          ],
          [
            -35.28225482081737,
            -7.939430337296706
          ],
          [
            -35.2766508435926,
            -7.936620076418505
          ],
          [
            -35.271046866367826,
            -7.933809815540304
          ],
          [
            -35.26544288914305,
            -7.930999554662103
          ],
          [
            -35.25983891191828,
            -7.928189293783902
          ],
          [
            -35.25423493469351,
            -7.925379032905701
          ],
          [
            -35.248630957468734,
            -7.9225687720275
          ],
          [
            -35.24302698024396,
            -7.919758511149299
          ],
          [
            -35.23742300301919,
            -7.916948250271098
          ],
          [
            -35.231819025794415,
            -7.914137989392897
          ],
          [
            -35.22621504856964,
            -7.911327728514696
          ],
          [
            -35.22061107134487,
            -7.908517467636495
          ],
          [
            -35.2150070941201,
            -7.905707206758294
          ],
          [
            -35.209403116895324,
            -7.902896945880093
          ],
          [
            -35.20379913967055,
            -7.900086685001892
          ],
          [
            -35.19819516244578,
            -7.897276424123691
          ],
          [
            -35.192591185221005,
            -7.8944661632454896
          ],
          [
            -35.18698720799623,
            -7.8916559023672885
          ],
          [
            -35.18138323077146,
            -7.8888456414890875
          ],
          [
            -35.175779253546686,
            -7.8860353806108865
          ],
          [
            -35.17017527632191,
            -7.8832251197326855
          ],
          [
            -35.16457129909714,
            -7.8804148588544845
          ],
          [
            -35.15896732187237,
            -7.877604597976283
          ],
          [
            -35.153363344647595,
            -7.874794337098082
          ],
          [
            -35.14775936742282,
            -7.871984076219881
          ],
          [
            -35.14215539019805,
            -7.86917381534168
          ],
          [
            -35.136551412973276,
            -7.866363554463479
          ],
          [
            -35.1309474357485,
            -7.863553293585278
          ],
          [
            -35.12534345852373,
            -7.860743032707077
          ],
          [
            -35.11973948129896,
            -7.857932771828876
          ],
          [
            -35.114135504074184,
            -7.855122510950675
          ],
          [
            -35.10853152684941,
            -7.852312250072474
          ],
          [
            -35.10292754962464,
            -7.849501989194273
          ],
          [
            -35.097323572399866,
            -7.846691728316072
          ],
          [
            -35.09171959517509,
            -7.843881467437871
          ],
          [
            -35.08611561795032,
            -7.84107120655967
          ],
          [
            -35.08051164072555,
            -7.838260945681469
          ],
          [
            -35.074907663500774,
            -7.835450684803268
          ],
          [
            -35.069303686276,
            -7.832640423925067
          ],
          [
            -35.06369970905123,
            -7.829830163046866
          ],
          [
            -35.058095731826455,
            -7.827019902168665
          ],
          [
            -35.05249175460168,
            -7.824209641290464
          ],
          [
            -35.04688777737691,
            -7.821399380412263
          ],
          [
            -35.04128380015214,
            -7.818589119534062
          ],
          [
            -35.035679822927364,
            -7.815778858655861
          ],
          [
            -35.03007584570259,
            -7.81296859777766
          ],
          [
            -35.02447186847782,
            -7.810158336899459
          ],
          [
            -35.018867891253045,
            -7.807348076021258
          ],
          [
            -35.01326391402827,
            -7.804537815143057
          ],
          [
            -35.0076599368035,
            -7.801727554264856
          ],
          [
            -35.002055959578726,
            -7.798917293386655
          ],
          [
            -34.99645198235395,
            -7.796107032508454
          ],
          [
            -34.99084800512918,
            -7.793296771630253
          ],
          [
            -34.98524402790441,
            -7.790486510752052
          ],
          [
            -34.979640050679635,
            -7.787676249873851
          ],
          [
            -34.97403607345486,
            -7.78486598899565
          ],
          [
            -34.96843209623009,
            -7.782055728117449
          ],
          [
            -34.962828119005316,
            -7.779245467239248
          ],
          [
            -34.95722414178054,
            -7.776435206361047
          ],
          [
            -34.95162016455577,
            -7.773624945482846
          ],
          [
            -34.946016187331,
            -7.770814684604645
          ],
          [
            -34.940412210106224,
            -7.768004423726444
          ],
          [
            -34.93480823288145,
            -7.765194162848243
          ],
          [
            -34.92920425565668,
            -7.762383901970042
          ],
          [
            -34.923600278431906,
            -7.759573641091841
          ],
          [
            -34.91799630120713,
            -7.7567633802136395
          ],
          [
            -34.91239232398236,
            -7.7539531193354385
          ],
          [
            -34.90678834675759,
            -7.7511428584572375
          ],
          [
            -34.901184369532814,
            -7.7483325975790365
          ],
          [
            -34.89558039230804,
            -7.7455223367008355
          ],
          [
            -34.88997641508327,
            -7.742712075822634
          ],
          [
            -34.884372437858495,
            -7.739901814944433
          ],
          [
            -34.87876846063372,
            -7.737091554066232
          ],
          [
            -34.87316448340895,
            -7.734281293188031
          ],
          [
            -34.86756050618418,
            -7.73147103230983
          ],
          [
            -34.861956528959404,
            -7.728660771431629
          ],
          [
            -34.85635255173463,
            -7.725850510553428
          ],
          [
            -34.85074857450986,
            -7.723040249675227
          ],
          [
            -34.845144597285085,
            -7.720229988797026
          ],
          [
            -34.83954062006031,
            -7.717419727918825
          ],
          [
            -34.83393664283554,
            -7.714609467040624
          ],
          [
            -34.828332665610766,
            -7.711799206162423
          ],
          [
            -34.82272868838599,
            -7.708988945284222
          ],
          [
            -34.81712471116122,
            -7.706178684406021
          ],
          [
            -34.81152073393645,
            -7.70336842352782
          ],
          [
            -34.805916756711675,
            -7.700558162649619
          ],
          [
            -34.8003127794869,
            -7.697747901771418
          ],
          [
            -34.79470880226213,
            -7.694937640893217
          ],
          [
            -34.789104825037356,
            -7.692127380015016
          ],
          [
            -34.78350084781258,
            -7.689317119136815
          ],
          [
            -34.77789687058781,
            -7.686506858258614
          ],
          [
            -34.77229289336304,
            -7.683696597380413
          ],
          [
            -34.766688916138264,
            -7.680886336502212
          ],
          [
            -34.76108493891349,
            -7.678076075624011
          ],
          [
            -34.75548096168872,
            -7.67526581474581
          ],
          [
            -34.749876984463945,
            -7.672455553867609
          ],
          [
            -34.74427300723917,
            -7.669645292989408
          ],
          [
            -34.7386690300144,
            -7.666835032111207
          ],
          [
            -34.73306505278963,
            -7.664024771233006
          ],
          [
            -34.727461075564854,
            -7.661214510354805
          ],
          [
            -34.72185709834008,
            -7.658404249476604
          ],
          [
            -34.71625312111531,
            -7.655593988598403
          ],
          [
            -34.710649143890535,
            -7.652783727720202
          ],
          [
            -34.70504516666576,
            -7.649973466842001
          ],
          [
            -34.69944118944099,
            -7.6471632059638
          ],
          [
            -34.693837212216216,
            -7.644352945085599
          ],
          [
            -34.68823323499144,
            -7.641542684207398
          ],
          [
            -34.68262925776667,
            -7.638732423329197
          ],
          [
            -34.6770252805419,
            -7.635922162450996
          ],
          [
            -34.671421303317125,
            -7.633111901572795
          ],
          [
            -34.66581732609235,
            -7.630301640694594
          ],
          [
            -34.66021334886758,
            -7.627491379816393
          ],
          [
            -34.654609371642806,
            -7.624681118938192
          ],
          [
            -34.64900539441803,
            -7.6218708580599905
          ],
          [
            -34.64340141719326,
            -7.6190605971817895
          ],
          [
            -34.63779743996849,
            -7.6162503363035885
          ],
          [
            -34.632193462743714,
            -7.6134400754253875
          ],
          [
            -34.62658948551894,
            -7.6106298145471865
          ],
          [
            -34.62098550829417,
            -7.607819553668985
          ],
          [
            -34.615381531069396,
            -7.605009292790784
          ],
          [
            -34.60977755384462,
            -7.602199031912583
          ],
          [
            -34.60417357661985,
            -7.599388771034382
          ],
          [
            -34.59856959939508,
            -7.596578510156181
          ],
          [
            -34.592965622170304,
            -7.59376824927798
          ],
          [
            -34.58736164494553,
            -7.590957988399779
          ],
          [
            -34.58175766772076,
            -7.588147727521578
          ],
          [
            -34.576153690495985,
            -7.585337466643377
          ],
          [
            -34.57054971327121,
            -7.582527205765176
          ],
          [
            -34.56494573604644,
            -7.579716944886975
          ],
          [
            -34.55934175882167,
            -7.576906684008774
          ],
          [
            -34.553737781596894,
            -7.574096423130573
          ],
          [
            -34.54813380437212,
            -7.571286162252372
          ],
          [
            -34.54252982714735,
            -7.568475901374171
          ],
          [
            -34.536925849922575,
            -7.56566564049597
          ],
          [
            -34.5313218726978,
            -7.562855379617769
          ],
          [
            -34.52571789547303,
            -7.560045118739568
          ],
          [
            -34.520113918248256,
            -7.557234857861367
          ],
          [
            -34.51450994102348,
            -7.554424596983166
          ],
          [
            -34.50890596379871,
            -7.551614336104965
          ],
          [
            -34.50330198657394,
            -7.548804075226764
          ],
          [
            -34.497698009349165,
            -7.545993814348563
          ],
          [
            -34.49209403212439,
            -7.543183553470362
          ],
          [
            -34.48649005489962,
            -7.540373292592161
          ],
          [
            -34.480886077674846,
            -7.53756303171396
          ],
          [
            -34.47528210045007,
            -7.534752770835759
          ],
          [
            -34.4696781232253,
            -7.531942509957558
          ],
          [
            -34.46407414600053,
            -7.529132249079357
          ],
          [
            -34.458470168775754,
            -7.526321988201156
          ],
          [
            -34.45286619155098,
            -7.523511727322955
          ],
          [
            -34.44726221432621,
            -7.520701466444754
          ],
          [
            -34.441658237101436,
            -7.517891205566553
          ],
          [
            -34.43605425987666,
            -7.515080944688352
          ],
          [
            -34.43045028265189,
            -7.512270683810151
          ],
          [
            -34.42484630542712,
            -7.50946042293195
          ],
          [
            -34.419242328202344,
            -7.506650162053749
          ],
          [
            -34.41363835097757,
            -7.503839901175548
          ],
          [
            -34.4080343737528,
            -7.501029640297347
          ],
          [
            -34.402430396528025,
            -7.498219379419146
          ],
          [
            -34.39682641930325,
            -7.495409118540945
          ],
          [
            -34.39122244207848,
            -7.492598857662744
          ],
          [
            -34.38561846485371,
            -7.489788596784543
          ],
          [
            -34.380014487628934,
            -7.4869783359063415
          ],
          [
            -34.37441051040416,
            -7.4841680750281405
          ],
          [
            -34.36880653317939,
            -7.4813578141499395
          ],
          [
            -34.363202555954615,
            -7.4785475532717385
          ],
          [
            -34.35759857872984,
            -7.4757372923935375
          ],
          [
            -34.35199460150507,
            -7.472927031515336
          ],
          [
            -34.346390624280296,
            -7.470116770637135
          ],
          [
            -34.34078664705552,
            -7.467306509758934
          ],
          [
            -34.33518266983075,
            -7.464496248880733
          ],
          [
            -34.32957869260598,
            -7.461685988002532
          ],
          [
            -34.323974715381205,
            -7.458875727124331
          ],
          [
            -34.31837073815643,
            -7.45606546624613
          ],
          [
            -34.31276676093166,
            -7.453255205367929
          ],
          [
            -34.307162783706886,
            -7.450444944489728
          ],
          [
            -34.30155880648211,
            -7.447634683611527
          ],
          [
            -34.29595482925734,
            -7.444824422733326
          ],
          [
            -34.29035085203257,
            -7.442014161855125
          ],
          [
            -34.284746874807794,
            -7.439203900976924
          ],
          [
            -34.27914289758302,
            -7.436393640098723
          ],
          [
            -34.27353892035825,
            -7.433583379220522
          ],
          [
            -34.267934943133476,
            -7.430773118342321
          ],
          [
            -34.2623309659087,
            -7.42796285746412
          ],
          [
            -34.25672698868393,
            -7.425152596585919
          ],
          [
            -34.25112301145916,
            -7.422342335707718
          ],
          [
            -34.245519034234384,
            -7.419532074829517
          ],
          [
            -34.23991505700961,
            -7.416721813951316
          ],
          [
            -34.23431107978484,
            -7.413911553073115
          ],
          [
            -34.228707102560065,
            -7.411101292194914
          ],
          [
            -34.22310312533529,
            -7.408291031316713
          ],
          [
            -34.21749914811052,
            -7.405480770438512
          ],
          [
            -34.21189517088575,
            -7.402670509560311
          ],
          [
            -34.206291193660974,
            -7.39986024868211
          ],
          [
            -34.2006872164362,
            -7.397049987803909
          ],
          [
            -34.19508323921143,
            -7.394239726925708
          ],
          [
            -34.189479261986655,
            -7.391429466047507
          ],
          [
            -34.18387528476188,
            -7.388619205169306
          ],
          [
            -34.17827130753711,
            -7.385808944291105
          ],
          [
            -34.172667330312336,
            -7.382998683412904
          ],
          [
            -34.16706335308756,
            -7.380188422534703
          ],
          [
            -34.16145937586279,
            -7.377378161656502
          ],
          [
            -34.15585539863802,
            -7.374567900778301
          ],
          [
            -34.150251421413245,
            -7.3717576399001
          ],
          [
            -34.14464744418847,
            -7.368947379021899
          ],
          [
            -34.1390434669637,
            -7.366137118143698
          ],
          [
            -34.133439489738926,
            -7.363326857265497
          ],
          [
            -34.12783551251415,
            -7.360516596387296
          ],
          [
            -34.12223153528938,
            -7.357706335509095
          ],
          [
            -34.11662755806461,
            -7.354896074630894
          ],
          [
            -34.111023580839834,
            -7.3520858137526925
          ],
          [
            -34.10541960361506,
            -7.3492755528744915
          ],
          [
            -34.09981562639029,
            -7.3464652919962905
          ],
          [
            -34.094211649165516,
            -7.3436550311180895
          ],
          [
            -34.08860767194074,
            -7.3408447702398885
          ],
          [
            -34.08300369471597,
            -7.338034509361687
          ],
          [
            -34.0773997174912,
            -7.335224248483486
          ],
          [
            -34.071795740266424,
            -7.332413987605285
          ],
          [
            -34.06619176304165,
            -7.329603726727084
          ],
          [
            -34.06058778581688,
            -7.326793465848883
          ],
          [
            -34.054983808592105,
            -7.323983204970682
          ],
          [
            -34.04937983136733,
            -7.321172944092481
          ],
          [
            -34.04377585414256,
            -7.31836268321428
          ],
          [
            -34.03817187691779,
            -7.315552422336079
          ],
          [
            -34.032567899693014,
            -7.312742161457878
          ],
          [
            -34.02696392246824,
            -7.309931900579677
          ],
          [
            -34.02135994524347,
            -7.307121639701476
          ],
          [
            -34.015755968018695,
            -7.304311378823275
          ],
          [
            -34.01015199079392,
            -7.301501117945074
          ],
          [
            -34.00454801356915,
            -7.298690857066873
          ],
          [
            -33.998944036344376,
            -7.295880596188672
          ],
          [
            -33.9933400591196,
            -7.293070335310471
          ],
          [
            -33.98773608189483,
            -7.29026007443227
          ],
          [
            -33.98213210467006,
            -7.287449813554069
          ],
          [
            -33.976528127445285,
            -7.284639552675868
          ],
          [
            -33.97092415022051,
            -7.281829291797667
          ],
          [
            -33.96532017299574,
            -7.279019030919466
          ],
          [
            -33.959716195770966,
            -7.276208770041265
          ],
          [
            -33.95411221854619,
            -7.273398509163064
          ],
          [
            -33.94850824132142,
            -7.270588248284863
          ],
          [
            -33.94290426409665,
            -7.267777987406662
          ],
          [
            -33.937300286871874,
            -7.264967726528461
          ],
          [
            -33.9316963096471,
            -7.26215746565026
          ],
          [
            -33.92609233242233,
            -7.259347204772059
          ],
          [
            -33.920488355197556,
            -7.256536943893858
          ],
          [
            -33.91488437797278,
            -7.253726683015657
          ],
          [
            -33.90928040074801,
            -7.250916422137456
          ],
          [
            -33.90367642352324,
            -7.248106161259255
          ],
          [
            -33.898072446298464,
            -7.245295900381054
          ],
          [
            -33.89246846907369,
            -7.242485639502853
          ],
          [
            -33.88686449184892,
            -7.239675378624652
          ],
          [
            -33.881260514624145,
            -7.236865117746451
          ],
          [
            -33.87565653739937,
            -7.23405485686825
          ],
          [
            -33.8700525601746,
            -7.231244595990049
          ],
          [
            -33.86444858294983,
            -7.228434335111848
          ],
          [
            -33.858844605725054,
            -7.225624074233647
          ],
          [
            -33.85324062850028,
            -7.222813813355446
          ],
          [
            -33.84763665127551,
            -7.220003552477245
          ],
          [
            -33.842032674050735,
            -7.2171932915990435
          ],
          [
            -33.83642869682596,
            -7.2143830307208425
          ],
          [
            -33.83082471960119,
            -7.2115727698426415
          ],
          [
            -33.825220742376416,
            -7.2087625089644405
          ],
          [
            -33.81961676515164,
            -7.2059522480862395
          ],
          [
            -33.81401278792687,
            -7.203141987208038
          ],
          [
            -33.8084088107021,
            -7.200331726329837
          ],
          [
            -33.802804833477325,
            -7.197521465451636
          ],
          [
            -33.79720085625255,
            -7.194711204573435
          ],
          [
            -33.79159687902778,
            -7.191900943695234
          ],
          [
            -33.785992901803006,
            -7.189090682817033
          ],
          [
            -33.78038892457823,
            -7.186280421938832
          ],
          [
            -33.77478494735346,
            -7.183470161060631
          ],
          [
            -33.76918097012869,
            -7.18065990018243
          ],
          [
            -33.763576992903914,
            -7.177849639304229
          ],
          [
            -33.75797301567914,
            -7.175039378426028
          ],
          [
            -33.75236903845437,
            -7.172229117547827
          ],
          [
            -33.746765061229596,
            -7.169418856669626
          ],
          [
            -33.74116108400482,
            -7.166608595791425
          ],
          [
            -33.73555710678005,
            -7.163798334913224
          ],
          [
            -33.72995312955528,
            -7.160988074035023
          ],
          [
            -33.724349152330504,
            -7.158177813156822
          ],
          [
            -33.71874517510573,
            -7.155367552278621
          ],
          [
            -33.71314119788096,
            -7.15255729140042
          ],
          [
            -33.707537220656185,
            -7.149747030522219
          ],
          [
            -33.70193324343141,
            -7.146936769644018
          ],
          [
            -33.69632926620664,
            -7.144126508765817
          ],
          [
            -33.69072528898187,
            -7.141316247887616
          ],
          [
            -33.685121311757094,
            -7.138505987009415
          ],
          [
            -33.67951733453232,
            -7.135695726131214
          ],
          [
            -33.67391335730755,
            -7.132885465253013
          ],
          [
            -33.668309380082775,
            -7.130075204374812
          ],
          [
            -33.662705402858,
            -7.127264943496611
          ],
          [
            -33.65710142563323,
            -7.12445468261841
          ],
          [
            -33.651497448408456,
            -7.121644421740209
          ],
          [
            -33.64589347118368,
            -7.118834160862008
          ],
          [
            -33.64028949395891,
            -7.116023899983807
          ],
          [
            -33.63468551673414,
            -7.113213639105606
          ],
          [
            -33.629081539509365,
            -7.110403378227405
          ],
          [
            -33.62347756228459,
            -7.107593117349204
          ],
          [
            -33.61787358505982,
            -7.104782856471003
          ],
          [
            -33.612269607835046,
            -7.101972595592802
          ],
          [
            -33.60666563061027,
            -7.099162334714601
          ],
          [
            -33.6010616533855,
            -7.0963520738364
          ],
          [
            -33.59545767616073,
            -7.093541812958199
          ],
          [
            -33.589853698935954,
            -7.090731552079998
          ],
          [
            -33.58424972171118,
            -7.087921291201797
          ],
          [
            -33.57864574448641,
            -7.085111030323596
          ],
          [
            -33.573041767261635,
            -7.0823007694453946
          ],
          [
            -33.56743779003686,
            -7.0794905085671935
          ],
          [
            -33.56183381281209,
            -7.0766802476889925
          ],
          [
            -33.55622983558732,
            -7.0738699868107915
          ],
          [
            -33.550625858362544,
            -7.0710597259325905
          ],
          [
            -33.54502188113777,
            -7.0682494650543894
          ],
          [
            -33.539417903913,
            -7.065439204176188
          ],
          [
            -33.533813926688225,
            -7.062628943297987
          ],
          [
            -33.52820994946345,
            -7.059818682419786
          ],
          [
            -33.52260597223868,
            -7.057008421541585
          ],
          [
            -33.517001995013906,
            -7.054198160663384
          ],
          [
            -33.51139801778913,
            -7.051387899785183
          ],
          [
            -33.50579404056436,
            -7.048577638906982
          ],
          [
            -33.50019006333959,
            -7.045767378028781
          ],
          [
            -33.494586086114815,
            -7.04295711715058
          ],
          [
            -33.48898210889004,
            -7.040146856272379
          ],
          [
            -33.48337813166527,
            -7.037336595394178
          ],
          [
            -33.477774154440496,
            -7.034526334515977
          ],
          [
            -33.47217017721572,
            -7.031716073637776
          ],
          [
            -33.46656619999095,
            -7.028905812759575
          ],
          [
            -33.46096222276618,
            -7.026095551881374
          ],
          [
            -33.455358245541404,
            -7.023285291003173
          ],
          [
            -33.44975426831663,
            -7.020475030124972
          ],
          [
            -33.44415029109186,
            -7.017664769246771
          ],
          [
            -33.438546313867086,
            -7.01485450836857
          ],
          [
            -33.43294233664231,
            -7.012044247490369
          ],
          [
            -33.42733835941754,
            -7.009233986612168
          ],
          [
            -33.42173438219277,
            -7.006423725733967
          ],
          [
            -33.416130404967994,
            -7.003613464855766
          ],
          [
            -33.41052642774322,
            -7.000803203977565
          ],
          [
            -33.40492245051845,
            -6.997992943099364
          ],
          [
            -33.399318473293675,
            -6.995182682221163
          ],
          [
            -33.3937144960689,
            -6.992372421342962
          ],
          [
            -33.38811051884413,
            -6.989562160464761
          ],
          [
            -33.38250654161936,
            -6.98675189958656
          ],
          [
            -33.376902564394584,
            -6.983941638708359
          ],
          [
            -33.37129858716981,
            -6.981131377830158
          ],
          [
            -33.36569460994504,
            -6.978321116951957
          ],
          [
            -33.360090632720265,
            -6.975510856073756
          ],
          [
            -33.35448665549549,
            -6.972700595195555
          ],
          [
            -33.34888267827072,
            -6.969890334317354
          ],
          [
            -33.343278701045946,
            -6.967080073439153
          ],
          [
            -33.33767472382117,
            -6.964269812560952
          ],
          [
            -33.3320707465964,
            -6.961459551682751
          ],
          [
            -33.32646676937163,
            -6.95864929080455
          ],
          [
            -33.320862792146855,
            -6.955839029926349
          ],
          [
            -33.31525881492208,
            -6.953028769048148
          ],
          [
            -33.30965483769731,
            -6.950218508169947
          ],
          [
            -33.304050860472536,
            -6.9474082472917456
          ],
          [
            -33.29844688324776,
            -6.9445979864135445
          ],
          [
            -33.29284290602299,
            -6.9417877255353435
          ],
          [
            -33.28723892879822,
            -6.9389774646571425
          ],
          [
            -33.281634951573444,
            -6.9361672037789415
          ],
          [
            -33.27603097434867,
            -6.9333569429007404
          ],
          [
            -33.2704269971239,
            -6.930546682022539
          ],
          [
            -33.264823019899126,
            -6.927736421144338
          ],
          [
            -33.25921904267435,
            -6.924926160266137
          ],
          [
            -33.25361506544958,
            -6.922115899387936
          ],
          [
            -33.24801108822481,
            -6.919305638509735
          ],
          [
            -33.242407111000034,
            -6.916495377631534
          ],
          [
            -33.23680313377526,
            -6.913685116753333
          ],
          [
            -33.23119915655049,
            -6.910874855875132
          ],
          [
            -33.225595179325715,
            -6.908064594996931
          ],
          [
            -33.21999120210094,
            -6.90525433411873
          ],
          [
            -33.21438722487617,
            -6.902444073240529
          ],
          [
            -33.2087832476514,
            -6.899633812362328
          ],
          [
            -33.203179270426624,
            -6.896823551484127
          ],
          [
            -33.19757529320185,
            -6.894013290605926
          ],
          [
            -33.19197131597708,
            -6.891203029727725
          ],
          [
            -33.186367338752305,
            -6.888392768849524
          ],
          [
            -33.18076336152753,
            -6.885582507971323
          ],
          [
            -33.17515938430276,
            -6.882772247093122
          ],
          [
            -33.169555407077986,
            -6.879961986214921
          ],
          [
            -33.16395142985321,
            -6.87715172533672
          ],
          [
            -33.15834745262844,
            -6.874341464458519
          ],
          [
            -33.15274347540367,
            -6.871531203580318
          ],
          [
            -33.147139498178895,
            -6.868720942702117
          ],
          [
            -33.14153552095412,
            -6.865910681823916
          ],
          [
            -33.13593154372935,
            -6.863100420945715
          ],
          [
            -33.130327566504576,
            -6.860290160067514
          ],
          [
            -33.1247235892798,
            -6.857479899189313
          ],
          [
            -33.11911961205503,
            -6.854669638311112
          ],
          [
            -33.11351563483026,
            -6.851859377432911
          ],
          [
            -33.107911657605484,
            -6.84904911655471
          ],
          [
            -33.10230768038071,
            -6.846238855676509
          ],
          [
            -33.09670370315594,
            -6.843428594798308
          ],
          [
            -33.091099725931166,
            -6.840618333920107
          ],
          [
            -33.08549574870639,
            -6.837808073041906
          ],
          [
            -33.07989177148162,
            -6.834997812163705
          ],
          [
            -33.07428779425685,
            -6.832187551285504
          ],
          [
            -33.068683817032074,
            -6.829377290407303
          ],
          [
            -33.0630798398073,
            -6.826567029529102
          ],
          [
            -33.05747586258253,
            -6.823756768650901
          ],
          [
            -33.051871885357755,
            -6.8209465077727
          ],
          [
            -33.04626790813298,
            -6.818136246894499
          ],
          [
            -33.04066393090821,
            -6.815325986016298
          ],
          [
            -33.03505995368344,
            -6.812515725138097
          ],
          [
            -33.029455976458664,
            -6.8097054642598955
          ],
          [
            -33.02385199923389,
            -6.8068952033816945
          ],
          [
            -33.01824802200912,
            -6.8040849425034935
          ],
          [
            -33.012644044784345,
            -6.8012746816252925
          ],
          [
            -33.00704006755957,
            -6.7984644207470915
          ],
          [
            -33.0014360903348,
            -6.79565415986889
          ],
          [
            -32.995832113110026,
            -6.792843898990689
          ],
          [
            -32.99022813588525,
            -6.790033638112488
          ],
          [
            -32.98462415866048,
            -6.787223377234287
          ],
          [
            -32.97902018143571,
            -6.784413116356086
          ],
          [
            -32.973416204210935,
            -6.781602855477885
          ],
          [
            -32.96781222698616,
            -6.778792594599684
          ],
          [
            -32.96220824976139,
            -6.775982333721483
          ],
          [
            -32.956604272536616,
            -6.773172072843282
          ],
          [
            -32.95100029531184,
            -6.770361811965081
          ],
          [
            -32.94539631808707,
            -6.76755155108688
          ],
          [
            -32.9397923408623,
            -6.764741290208679
          ],
          [
            -32.934188363637524,
            -6.761931029330478
          ],
          [
            -32.92858438641275,
            -6.759120768452277
          ],
          [
            -32.92298040918798,
            -6.756310507574076
          ],
          [
            -32.917376431963206,
            -6.753500246695875
          ],
          [
            -32.91177245473843,
            -6.750689985817674
          ],
          [
            -32.90616847751366,
            -6.747879724939473
          ],
          [
            -32.90056450028889,
            -6.745069464061272
          ],
          [
            -32.894960523064114,
            -6.742259203183071
          ],
          [
            -32.88935654583934,
            -6.73944894230487
          ],
          [
            -32.88375256861457,
            -6.736638681426669
          ],
          [
            -32.878148591389795,
            -6.733828420548468
          ],
          [
            -32.87254461416502,
            -6.731018159670267
          ],
          [
            -32.86694063694025,
            -6.728207898792066
          ],
          [
            -32.86133665971548,
            -6.725397637913865
          ],
          [
            -32.855732682490704,
            -6.722587377035664
          ],
          [
            -32.85012870526593,
            -6.719777116157463
          ],
          [
            -32.84452472804116,
            -6.716966855279262
          ],
          [
            -32.838920750816385,
            -6.714156594401061
          ],
          [
            -32.83331677359161,
            -6.71134633352286
          ],
          [
            -32.82771279636684,
            -6.708536072644659
          ],
          [
            -32.822108819142066,
            -6.705725811766458
          ],
          [
            -32.81650484191729,
            -6.702915550888257
          ],
          [
            -32.81090086469252,
            -6.700105290010056
          ],
          [
            -32.80529688746775,
            -6.697295029131855
          ],
          [
            -32.799692910242975,
            -6.694484768253654
          ],
          [
            -32.7940889330182,
            -6.691674507375453
          ],
          [
            -32.78848495579343,
            -6.688864246497252
          ],
          [
            -32.782880978568656,
            -6.686053985619051
          ],
          [
            -32.77727700134388,
            -6.68324372474085
          ],
          [
            -32.77167302411911,
            -6.680433463862649
          ],
          [
            -32.76606904689434,
            -6.677623202984448
          ],
          [
            -32.760465069669564,
            -6.6748129421062465
          ],
          [
            -32.75486109244479,
            -6.6720026812280455
          ],
          [
            -32.74925711522002,
            -6.6691924203498445
          ],
          [
            -32.743653137995246,
            -6.6663821594716435
          ],
          [
            -32.73804916077047,
            -6.6635718985934425
          ],
          [
            -32.7324451835457,
            -6.660761637715241
          ],
          [
            -32.72684120632093,
            -6.65795137683704
          ],
          [
            -32.721237229096154,
            -6.655141115958839
          ],
          [
            -32.71563325187138,
            -6.652330855080638
          ],
          [
            -32.71002927464661,
            -6.649520594202437
          ],
          [
            -32.704425297421835,
            -6.646710333324236
          ],
          [
            -32.69882132019706,
            -6.643900072446035
          ],
          [
            -32.69321734297229,
            -6.641089811567834
          ],
          [
            -32.68761336574752,
            -6.638279550689633
          ],
          [
            -32.682009388522744,
            -6.635469289811432
          ],
          [
            -32.67640541129797,
            -6.632659028933231
          ],
          [
            -32.6708014340732,
            -6.62984876805503
          ],
          [
            -32.665197456848425,
            -6.627038507176829
          ],
          [
            -32.65959347962365,
            -6.624228246298628
          ],
          [
            -32.65398950239888,
            -6.621417985420427
          ],
          [
            -32.648385525174106,
            -6.618607724542226
          ],
          [
            -32.64278154794933,
            -6.615797463664025
          ],
          [
            -32.63717757072456,
            -6.612987202785824
          ],
          [
            -32.63157359349979,
            -6.610176941907623
          ],
          [
            -32.625969616275015,
            -6.607366681029422
          ],
          [
            -32.62036563905024,
            -6.604556420151221
          ],
          [
            -32.61476166182547,
            -6.60174615927302
          ],
          [
            -32.609157684600696,
            -6.598935898394819
          ],
          [
            -32.60355370737592,
            -6.596125637516618
          ],
          [
            -32.59794973015115,
            -6.593315376638417
          ],
          [
            -32.59234575292638,
            -6.590505115760216
          ],
          [
            -32.586741775701604,
            -6.587694854882015
          ],
          [
            -32.58113779847683,
            -6.584884594003814
          ],
          [
            -32.57553382125206,
            -6.582074333125613
          ],
          [
            -32.569929844027286,
            -6.579264072247412
          ],
          [
            -32.56432586680251,
            -6.576453811369211
          ],
          [
            -32.55872188957774,
            -6.57364355049101
          ],
          [
            -32.55311791235297,
            -6.570833289612809
          ],
          [
            -32.547513935128194,
            -6.568023028734608
          ],
          [
            -32.54190995790342,
            -6.565212767856407
          ],
          [
            -32.53630598067865,
            -6.562402506978206
          ],
          [
            -32.530702003453875,
            -6.559592246100005
          ],
          [
            -32.5250980262291,
            -6.556781985221804
          ],
          [
            -32.51949404900433,
            -6.553971724343603
          ],
          [
            -32.51389007177956,
            -6.551161463465402
          ],
          [
            -32.508286094554784,
            -6.548351202587201
          ],
          [
            -32.50268211733001,
            -6.545540941709
          ],
          [
            -32.49707814010524,
            -6.542730680830799
          ],
          [
            -32.491474162880465,
            -6.5399204199525975
          ],
          [
            -32.48587018565569,
            -6.5371101590743965
          ],
          [
            -32.48026620843092,
            -6.5342998981961955
          ],
          [
            -32.474662231206146,
            -6.5314896373179945
          ],
          [
            -32.46905825398137,
            -6.5286793764397935
          ],
          [
            -32.4634542767566,
            -6.525869115561592
          ],
          [
            -32.45785029953183,
            -6.523058854683391
          ],
          [
            -32.452246322307055,
            -6.52024859380519
          ],
          [
            -32.44664234508228,
            -6.517438332926989
          ],
          [
            -32.44103836785751,
            -6.514628072048788
          ],
          [
            -32.435434390632736,
            -6.511817811170587
          ],
          [
            -32.42983041340796,
            -6.509007550292386
          ],
          [
            -32.42422643618319,
            -6.506197289414185
          ],
          [
            -32.41862245895842,
            -6.503387028535984
          ],
          [
            -32.413018481733644,
            -6.500576767657783
          ],
          [
            -32.40741450450887,
            -6.497766506779582
          ],
          [
            -32.4018105272841,
            -6.494956245901381
          ],
          [
            -32.396206550059325,
            -6.49214598502318
          ],
          [
            -32.39060257283455,
            -6.489335724144979
          ],
          [
            -32.38499859560978,
            -6.486525463266778
          ],
          [
            -32.37939461838501,
            -6.483715202388577
          ],
          [
            -32.373790641160234,
            -6.480904941510376
          ],
          [
            -32.36818666393546,
            -6.478094680632175
          ],
          [
            -32.36258268671069,
            -6.475284419753974
          ],
          [
            -32.356978709485915,
            -6.472474158875773
          ],
          [
            -32.35137473226114,
            -6.469663897997572
          ],
          [
            -32.34577075503637,
            -6.466853637119371
          ],
          [
            -32.340166777811596,
            -6.46404337624117
          ],
          [
            -32.33456280058682,
            -6.461233115362969
          ],
          [
            -32.32895882336205,
            -6.458422854484768
          ],
          [
            -32.32335484613728,
            -6.455612593606567
          ],
          [
            -32.317750868912505,
            -6.452802332728366
          ],
          [
            -32.31214689168773,
            -6.449992071850165
          ],
          [
            -32.30654291446296,
            -6.447181810971964
          ],
          [
            -32.300938937238186,
            -6.444371550093763
          ],
          [
            -32.29533496001341,
            -6.441561289215562
          ],
          [
            -32.28973098278864,
            -6.438751028337361
          ],
          [
            -32.28412700556387,
            -6.43594076745916
          ],
          [
            -32.278523028339094,
            -6.433130506580959
          ],
          [
            -32.27291905111432,
            -6.430320245702758
          ],
          [
            -32.26731507388955,
            -6.427509984824557
          ],
          [
            -32.261711096664776,
            -6.424699723946356
          ],
          [
            -32.25610711944,
            -6.421889463068155
          ],
          [
            -32.25050314221523,
            -6.419079202189954
          ],
          [
            -32.24489916499046,
            -6.416268941311753
          ],
          [
            -32.239295187765684,
            -6.413458680433552
          ],
          [
            -32.23369121054091,
            -6.410648419555351
          ],
          [
            -32.22808723331614,
            -6.40783815867715
          ],
          [
            -32.222483256091365,
            -6.4050278977989485
          ],
          [
            -32.21687927886659,
            -6.4022176369207475
          ],
          [
            -32.21127530164182,
            -6.3994073760425465
          ],
          [
            -32.20567132441705,
            -6.3965971151643455
          ],
          [
            -32.200067347192274,
            -6.3937868542861445
          ],
          [
            -32.1944633699675,
            -6.390976593407943
          ],
          [
            -32.18885939274273,
            -6.388166332529742
          ],
          [
            -32.183255415517955,
            -6.385356071651541
          ],
          [
            -32.17765143829318,
            -6.38254581077334
          ],
          [
            -32.17204746106841,
            -6.379735549895139
          ],
          [
            -32.166443483843636,
            -6.376925289016938
          ],
          [
            -32.16083950661886,
            -6.374115028138737
          ],
          [
            -32.15523552939409,
            -6.371304767260536
          ],
          [
            -32.14963155216932,
            -6.368494506382335
          ],
          [
            -32.144027574944545,
            -6.365684245504134
          ],
          [
            -32.13842359771977,
            -6.362873984625933
          ],
          [
            -32.132819620495,
            -6.360063723747732
          ],
          [
            -32.127215643270226,
            -6.357253462869531
          ],
          [
            -32.12161166604545,
            -6.35444320199133
          ],
          [
            -32.11600768882068,
            -6.351632941113129
          ],
          [
            -32.11040371159591,
            -6.348822680234928
          ],
          [
            -32.104799734371134,
            -6.346012419356727
          ],
          [
            -32.09919575714636,
            -6.343202158478526
          ],
          [
            -32.09359177992159,
            -6.340391897600325
          ],
          [
            -32.087987802696816,
            -6.337581636722124
          ],
          [
            -32.08238382547204,
            -6.334771375843923
          ],
          [
            -32.07677984824727,
            -6.331961114965722
          ],
          [
            -32.0711758710225,
            -6.329150854087521
          ],
          [
            -32.065571893797724,
            -6.32634059320932
          ],
          [
            -32.05996791657295,
            -6.323530332331119
          ],
          [
            -32.05436393934818,
            -6.320720071452918
          ],
          [
            -32.048759962123405,
            -6.317909810574717
          ],
          [
            -32.04315598489863,
            -6.315099549696516
          ],
          [
            -32.03755200767386,
            -6.312289288818315
          ],
          [
            -32.03194803044909,
            -6.309479027940114
          ],
          [
            -32.026344053224314,
            -6.306668767061913
          ],
          [
            -32.02074007599954,
            -6.303858506183712
          ],
          [
            -32.01513609877477,
            -6.301048245305511
          ],
          [
            -32.009532121549995,
            -6.29823798442731
          ],
          [
            -32.00392814432522,
            -6.295427723549109
          ],
          [
            -31.998324167100453,
            -6.292617462670908
          ],
          [
            -31.992720189875683,
            -6.289807201792707
          ],
          [
            -31.987116212650914,
            -6.286996940914506
          ],
          [
            -31.981512235426145,
            -6.284186680036305
          ],
          [
            -31.975908258201375,
            -6.281376419158104
          ],
          [
            -31.970304280976606,
            -6.278566158279903
          ],
          [
            -31.964700303751837,
            -6.275755897401702
          ],
          [
            -31.959096326527067,
            -6.272945636523501
          ],
          [
            -31.953492349302298,
            -6.2701353756452995
          ],
          [
            -31.94788837207753,
            -6.2673251147670985
          ],
          [
            -31.94228439485276,
            -6.2645148538888975
          ],
          [
            -31.93668041762799,
            -6.2617045930106965
          ],
          [
            -31.93107644040322,
            -6.2588943321324955
          ],
          [
            -31.92547246317845,
            -6.256084071254294
          ],
          [
            -31.919868485953682,
            -6.253273810376093
          ],
          [
            -31.914264508728913,
            -6.250463549497892
          ],
          [
            -31.908660531504143,
            -6.247653288619691
          ],
          [
            -31.903056554279374,
            -6.24484302774149
          ],
          [
            -31.897452577054604,
            -6.242032766863289
          ],
          [
            -31.891848599829835,
            -6.239222505985088
          ],
          [
            -31.886244622605066,
            -6.236412245106887
          ],
          [
            -31.880640645380296,
            -6.233601984228686
          ],
          [
            -31.875036668155527,
            -6.230791723350485
          ],
          [
            -31.869432690930758,
            -6.227981462472284
          ],
          [
            -31.86382871370599,
            -6.225171201594083
          ],
          [
            -31.85822473648122,
            -6.222360940715882
          ],
          [
            -31.85262075925645,
            -6.219550679837681
          ],
          [
            -31.84701678203168,
            -6.21674041895948
          ],
          [
            -31.84141280480691,
            -6.213930158081279
          ],
          [
            -31.83580882758214,
            -6.211119897203078
          ],
          [
            -31.830204850357372,
            -6.208309636324877
          ],
          [
            -31.824600873132603,
            -6.205499375446676
          ],
          [
            -31.818996895907834,
            -6.202689114568475
          ],
          [
            -31.813392918683064,
            -6.199878853690274
          ],
          [
            -31.807788941458295,
            -6.197068592812073
          ],
          [
            -31.802184964233525,
            -6.194258331933872
          ],
          [
            -31.796580987008756,
            -6.191448071055671
          ],
          [
            -31.790977009783987,
            -6.18863781017747
          ],
          [
            -31.785373032559217,
            -6.185827549299269
          ],
          [
            -31.779769055334448,
            -6.183017288421068
          ],
          [
            -31.77416507810968,
            -6.180207027542867
          ],
          [
            -31.76856110088491,
            -6.177396766664666
          ],
          [
            -31.76295712366014,
            -6.174586505786465
          ],
          [
            -31.75735314643537,
            -6.171776244908264
          ],
          [
            -31.7517491692106,
            -6.168965984030063
          ],
          [
            -31.746145191985832,
            -6.166155723151862
          ],
          [
            -31.740541214761063,
            -6.163345462273661
          ],
          [
            -31.734937237536293,
            -6.16053520139546
          ],
          [
            -31.729333260311524,
            -6.157724940517259
          ],
          [
            -31.723729283086755,
            -6.154914679639058
          ],
          [
            -31.718125305861985,
            -6.152104418760857
          ],
          [
            -31.712521328637216,
            -6.149294157882656
          ],
          [
            -31.706917351412446,
            -6.146483897004455
          ],
          [
            -31.701313374187677,
            -6.143673636126254
          ],
          [
            -31.695709396962908,
            -6.140863375248053
          ],
          [
            -31.69010541973814,
            -6.138053114369852
          ],
          [
            -31.68450144251337,
            -6.1352428534916505
          ],
          [
            -31.6788974652886,
            -6.1324325926134495
          ],
          [
            -31.67329348806383,
            -6.1296223317352485
          ],
          [
            -31.66768951083906,
            -6.1268120708570475
          ],
          [
            -31.66208553361429,
            -6.1240018099788465
          ],
          [
            -31.656481556389522,
            -6.1211915491006454
          ],
          [
            -31.650877579164753,
            -6.118381288222444
          ],
          [
            -31.645273601939984,
            -6.115571027344243
          ],
          [
            -31.639669624715214,
            -6.112760766466042
          ],
          [
            -31.634065647490445,
            -6.109950505587841
          ],
          [
            -31.628461670265676,
            -6.10714024470964
          ],
          [
            -31.622857693040906,
            -6.104329983831439
          ],
          [
            -31.617253715816137,
            -6.101519722953238
          ],
          [
            -31.611649738591368,
            -6.098709462075037
          ],
          [
            -31.606045761366598,
            -6.095899201196836
          ],
          [
            -31.60044178414183,
            -6.093088940318635
          ],
          [
            -31.59483780691706,
            -6.090278679440434
          ],
          [
            -31.58923382969229,
            -6.087468418562233
          ],
          [
            -31.58362985246752,
            -6.084658157684032
          ],
          [
            -31.57802587524275,
            -6.081847896805831
          ],
          [
            -31.572421898017982,
            -6.07903763592763
          ],
          [
            -31.566817920793213,
            -6.076227375049429
          ],
          [
            -31.561213943568443,
            -6.073417114171228
          ],
          [
            -31.555609966343674,
            -6.070606853293027
          ],
          [
            -31.550005989118905,
            -6.067796592414826
          ],
          [
            -31.544402011894135,
            -6.064986331536625
          ],
          [
            -31.538798034669366,
            -6.062176070658424
          ],
          [
            -31.533194057444597,
            -6.059365809780223
          ],
          [
            -31.527590080219827,
            -6.056555548902022
          ],
          [
            -31.521986102995058,
            -6.053745288023821
          ],
          [
            -31.51638212577029,
            -6.05093502714562
          ],
          [
            -31.51077814854552,
            -6.048124766267419
          ],
          [
            -31.50517417132075,
            -6.045314505389218
          ],
          [
            -31.49957019409598,
            -6.042504244511017
          ],
          [
            -31.49396621687121,
            -6.039693983632816
          ],
          [
            -31.48836223964644,
            -6.036883722754615
          ],
          [
            -31.482758262421672,
            -6.034073461876414
          ],
          [
            -31.477154285196903,
            -6.031263200998213
          ],
          [
            -31.471550307972134,
            -6.028452940120012
          ],
          [
            -31.465946330747364,
            -6.025642679241811
          ],
          [
            -31.460342353522595,
            -6.02283241836361
          ],
          [
            -31.454738376297826,
            -6.020022157485409
          ],
          [
            -31.449134399073056,
            -6.017211896607208
          ],
          [
            -31.443530421848287,
            -6.014401635729007
          ],
          [
            -31.437926444623518,
            -6.011591374850806
          ],
          [
            -31.43232246739875,
            -6.008781113972605
          ],
          [
            -31.42671849017398,
            -6.005970853094404
          ],
          [
            -31.42111451294921,
            -6.003160592216203
          ],
          [
            -31.41551053572444,
            -6.0003503313380016
          ],
          [
            -31.40990655849967,
            -5.9975400704598005
          ],
          [
            -31.4043025812749,
            -5.9947298095815995
          ],
          [
            -31.398698604050132,
            -5.9919195487033985
          ],
          [
            -31.393094626825363,
            -5.9891092878251975
          ],
          [
            -31.387490649600593,
            -5.9862990269469964
          ],
          [
            -31.381886672375824,
            -5.983488766068795
          ],
          [
            -31.376282695151055,
            -5.980678505190594
          ],
          [
            -31.370678717926285,
            -5.977868244312393
          ],
          [
            -31.365074740701516,
            -5.975057983434192
          ],
          [
            -31.359470763476747,
            -5.972247722555991
          ],
          [
            -31.353866786251977,
            -5.96943746167779
          ],
          [
            -31.348262809027208,
            -5.966627200799589
          ],
          [
            -31.34265883180244,
            -5.963816939921388
          ],
          [
            -31.33705485457767,
            -5.961006679043187
          ],
          [
            -31.3314508773529,
            -5.958196418164986
          ],
          [
            -31.32584690012813,
            -5.955386157286785
          ],
          [
            -31.32024292290336,
            -5.952575896408584
          ],
          [
            -31.314638945678592,
            -5.949765635530383
          ],
          [
            -31.309034968453823,
            -5.946955374652182
          ],
          [
            -31.303430991229053,
            -5.944145113773981
          ],
          [
            -31.297827014004284,
            -5.94133485289578
          ],
          [
            -31.292223036779514,
            -5.938524592017579
          ],
          [
            -31.286619059554745,
            -5.935714331139378
          ],
          [
            -31.281015082329976,
            -5.932904070261177
          ],
          [
            -31.275411105105206,
            -5.930093809382976
          ],
          [
            -31.269807127880437,
            -5.927283548504775
          ],
          [
            -31.264203150655668,
            -5.924473287626574
          ],
          [
            -31.2585991734309,
            -5.921663026748373
          ],
          [
            -31.25299519620613,
            -5.918852765870172
          ],
          [
            -31.24739121898136,
            -5.916042504991971
          ],
          [
            -31.24178724175659,
            -5.91323224411377
          ],
          [
            -31.23618326453182,
            -5.910421983235569
          ],
          [
            -31.23057928730705,
            -5.907611722357368
          ],
          [
            -31.224975310082282,
            -5.904801461479167
          ],
          [
            -31.219371332857513,
            -5.901991200600966
          ],
          [
            -31.213767355632744,
            -5.899180939722765
          ],
          [
            -31.208163378407974,
            -5.896370678844564
          ],
          [
            -31.202559401183205,
            -5.893560417966363
          ],
          [
            -31.196955423958435,
            -5.890750157088162
          ],
          [
            -31.191351446733666,
            -5.887939896209961
          ],
          [
            -31.185747469508897,
            -5.88512963533176
          ],
          [
            -31.180143492284127,
            -5.882319374453559
          ],
          [
            -31.174539515059358,
            -5.879509113575358
          ],
          [
            -31.16893553783459,
            -5.876698852697157
          ],
          [
            -31.16333156060982,
            -5.873888591818956
          ],
          [
            -31.15772758338505,
            -5.871078330940755
          ],
          [
            -31.15212360616028,
            -5.868268070062554
          ],
          [
            -31.14651962893551,
            -5.8654578091843526
          ],
          [
            -31.140915651710742,
            -5.8626475483061515
          ],
          [
            -31.135311674485973,
            -5.8598372874279505
          ],
          [
            -31.129707697261203,
            -5.8570270265497495
          ],
          [
            -31.124103720036434,
            -5.8542167656715485
          ],
          [
            -31.118499742811665,
            -5.8514065047933475
          ],
          [
            -31.112895765586895,
            -5.848596243915146
          ],
          [
            -31.107291788362126,
            -5.845785983036945
          ],
          [
            -31.101687811137356,
            -5.842975722158744
          ],
          [
            -31.096083833912587,
            -5.840165461280543
          ],
          [
            -31.090479856687818,
            -5.837355200402342
          ],
          [
            -31.08487587946305,
            -5.834544939524141
          ],
          [
            -31.07927190223828,
            -5.83173467864594
          ],
          [
            -31.07366792501351,
            -5.828924417767739
          ],
          [
            -31.06806394778874,
            -5.826114156889538
          ],
          [
            -31.06245997056397,
            -5.823303896011337
          ],
          [
            -31.0568559933392,
            -5.820493635133136
          ],
          [
            -31.051252016114432,
            -5.817683374254935
          ],
          [
            -31.045648038889663,
            -5.814873113376734
          ],
          [
            -31.040044061664894,
            -5.812062852498533
          ],
          [
            -31.034440084440124,
            -5.809252591620332
          ],
          [
            -31.028836107215355,
            -5.806442330742131
          ],
          [
            -31.023232129990586,
            -5.80363206986393
          ],
          [
            -31.017628152765816,
            -5.800821808985729
          ],
          [
            -31.012024175541047,
            -5.798011548107528
          ],
          [
            -31.006420198316277,
            -5.795201287229327
          ],
          [
            -31.000816221091508,
            -5.792391026351126
          ],
          [
            -30.99521224386674,
            -5.789580765472925
          ],
          [
            -30.98960826664197,
            -5.786770504594724
          ],
          [
            -30.9840042894172,
            -5.783960243716523
          ],
          [
            -30.97840031219243,
            -5.781149982838322
          ],
          [
            -30.97279633496766,
            -5.778339721960121
          ],
          [
            -30.967192357742892,
            -5.77552946108192
          ],
          [
            -30.961588380518123,
            -5.772719200203719
          ],
          [
            -30.955984403293353,
            -5.769908939325518
          ],
          [
            -30.950380426068584,
            -5.767098678447317
          ],
          [
            -30.944776448843815,
            -5.764288417569116
          ],
          [
            -30.939172471619045,
            -5.761478156690915
          ],
          [
            -30.933568494394276,
            -5.758667895812714
          ],
          [
            -30.927964517169507,
            -5.755857634934513
          ],
          [
            -30.922360539944737,
            -5.753047374056312
          ],
          [
            -30.916756562719968,
            -5.750237113178111
          ],
          [
            -30.9111525854952,
            -5.74742685229991
          ],
          [
            -30.90554860827043,
            -5.744616591421709
          ],
          [
            -30.89994463104566,
            -5.741806330543508
          ],
          [
            -30.89434065382089,
            -5.738996069665307
          ],
          [
            -30.88873667659612,
            -5.736185808787106
          ],
          [
            -30.88313269937135,
            -5.733375547908905
          ],
          [
            -30.877528722146582,
            -5.730565287030704
          ],
          [
            -30.871924744921813,
            -5.7277550261525025
          ],
          [
            -30.866320767697044,
            -5.7249447652743015
          ],
          [
            -30.860716790472274,
            -5.7221345043961005
          ],
          [
            -30.855112813247505,
            -5.7193242435178995
          ],
          [
            -30.849508836022736,
            -5.7165139826396985
          ],
          [
            -30.843904858797966,
            -5.713703721761497
          ],
          [
            -30.838300881573197,
            -5.710893460883296
          ],
          [
            -30.832696904348428,
            -5.708083200005095
          ],
          [
            -30.82709292712366,
            -5.705272939126894
          ],
          [
            -30.82148894989889,
            -5.702462678248693
          ],
          [
            -30.81588497267412,
            -5.699652417370492
          ],
          [
            -30.81028099544935,
            -5.696842156492291
          ],
          [
            -30.80467701822458,
            -5.69403189561409
          ],
          [
            -30.79907304099981,
            -5.691221634735889
          ],
          [
            -30.793469063775042,
            -5.688411373857688
          ],
          [
            -30.787865086550273,
            -5.685601112979487
          ],
          [
            -30.782261109325503,
            -5.682790852101286
          ],
          [
            -30.776657132100734,
            -5.679980591223085
          ],
          [
            -30.771053154875965,
            -5.677170330344884
          ],
          [
            -30.765449177651195,
            -5.674360069466683
          ],
          [
            -30.759845200426426,
            -5.671549808588482
          ],
          [
            -30.754241223201657,
            -5.668739547710281
          ],
          [
            -30.748637245976887,
            -5.66592928683208
          ],
          [
            -30.743033268752118,
            -5.663119025953879
          ],
          [
            -30.73742929152735,
            -5.660308765075678
          ],
          [
            -30.73182531430258,
            -5.657498504197477
          ],
          [
            -30.72622133707781,
            -5.654688243319276
          ],
          [
            -30.72061735985304,
            -5.651877982441075
          ],
          [
            -30.71501338262827,
            -5.649067721562874
          ],
          [
            -30.709409405403502,
            -5.646257460684673
          ],
          [
            -30.703805428178732,
            -5.643447199806472
          ],
          [
            -30.698201450953963,
            -5.640636938928271
          ],
          [
            -30.692597473729194,
            -5.63782667805007
          ],
          [
            -30.686993496504424,
            -5.635016417171869
          ],
          [
            -30.681389519279655,
            -5.632206156293668
          ],
          [
            -30.675785542054886,
            -5.629395895415467
          ],
          [
            -30.670181564830116,
            -5.626585634537266
          ],
          [
            -30.664577587605347,
            -5.623775373659065
          ],
          [
            -30.658973610380578,
            -5.620965112780864
          ],
          [
            -30.65336963315581,
            -5.618154851902663
          ],
          [
            -30.64776565593104,
            -5.615344591024462
          ],
          [
            -30.64216167870627,
            -5.612534330146261
          ],
          [
            -30.6365577014815,
            -5.60972406926806
          ],
          [
            -30.63095372425673,
            -5.606913808389859
          ],
          [
            -30.62534974703196,
            -5.604103547511658
          ],
          [
            -30.619745769807192,
            -5.601293286633457
          ],
          [
            -30.614141792582423,
            -5.598483025755256
          ],
          [
            -30.608537815357653,
            -5.595672764877055
          ],
          [
            -30.602933838132884,
            -5.5928625039988535
          ],
          [
            -30.597329860908115,
            -5.5900522431206525
          ],
          [
            -30.591725883683345,
            -5.5872419822424515
          ],
          [
            -30.586121906458576,
            -5.5844317213642505
          ],
          [
            -30.580517929233807,
            -5.5816214604860495
          ],
          [
            -30.574913952009037,
            -5.578811199607848
          ],
          [
            -30.569309974784268,
            -5.576000938729647
          ],
          [
            -30.5637059975595,
            -5.573190677851446
          ],
          [
            -30.55810202033473,
            -5.570380416973245
          ],
          [
            -30.55249804310996,
            -5.567570156095044
          ],
          [
            -30.54689406588519,
            -5.564759895216843
          ],
          [
            -30.54129008866042,
            -5.561949634338642
          ],
          [
            -30.535686111435652,
            -5.559139373460441
          ],
          [
            -30.530082134210883,
            -5.55632911258224
          ],
          [
            -30.524478156986113,
            -5.553518851704039
          ],
          [
            -30.518874179761344,
            -5.550708590825838
          ],
          [
            -30.513270202536575,
            -5.547898329947637
          ],
          [
            -30.507666225311805,
            -5.545088069069436
          ],
          [
            -30.502062248087036,
            -5.542277808191235
          ],
          [
            -30.496458270862266,
            -5.539467547313034
          ],
          [
            -30.490854293637497,
            -5.536657286434833
          ],
          [
            -30.485250316412728,
            -5.533847025556632
          ],
          [
            -30.47964633918796,
            -5.531036764678431
          ],
          [
            -30.47404236196319,
            -5.52822650380023
          ],
          [
            -30.46843838473842,
            -5.525416242922029
          ],
          [
            -30.46283440751365,
            -5.522605982043828
          ],
          [
            -30.45723043028888,
            -5.519795721165627
          ],
          [
            -30.45162645306411,
            -5.516985460287426
          ],
          [
            -30.446022475839342,
            -5.514175199409225
          ],
          [
            -30.440418498614573,
            -5.511364938531024
          ],
          [
            -30.434814521389804,
            -5.508554677652823
          ],
          [
            -30.429210544165034,
            -5.505744416774622
          ],
          [
            -30.423606566940265,
            -5.502934155896421
          ],
          [
            -30.418002589715496,
            -5.50012389501822
          ],
          [
            -30.412398612490726,
            -5.497313634140019
          ],
          [
            -30.406794635265957,
            -5.494503373261818
          ],
          [
            -30.401190658041187,
            -5.491693112383617
          ],
          [
            -30.395586680816418,
            -5.488882851505416
          ],
          [
            -30.38998270359165,
            -5.486072590627215
          ],
          [
            -30.38437872636688,
            -5.483262329749014
          ],
          [
            -30.37877474914211,
            -5.480452068870813
          ],
          [
            -30.37317077191734,
            -5.477641807992612
          ],
          [
            -30.36756679469257,
            -5.474831547114411
          ],
          [
            -30.361962817467802,
            -5.47202128623621
          ],
          [
            -30.356358840243033,
            -5.469211025358009
          ],
          [
            -30.350754863018263,
            -5.466400764479808
          ],
          [
            -30.345150885793494,
            -5.463590503601607
          ],
          [
            -30.339546908568725,
            -5.460780242723406
          ],
          [
            -30.333942931343955,
            -5.4579699818452045
          ],
          [
            -30.328338954119186,
            -5.4551597209670035
          ],
          [
            -30.322734976894417,
            -5.4523494600888025
          ],
          [
            -30.317130999669647,
            -5.4495391992106015
          ],
          [
            -30.311527022444878,
            -5.4467289383324005
          ],
          [
            -30.30592304522011,
            -5.443918677454199
          ],
          [
            -30.30031906799534,
            -5.441108416575998
          ],
          [
            -30.29471509077057,
            -5.438298155697797
          ],
          [
            -30.2891111135458,
            -5.435487894819596
          ],
          [
            -30.28350713632103,
            -5.432677633941395
          ],
          [
            -30.27790315909626,
            -5.429867373063194
          ],
          [
            -30.272299181871492,
            -5.427057112184993
          ],
          [
            -30.266695204646723,
            -5.424246851306792
          ],
          [
            -30.261091227421954,
            -5.421436590428591
          ],
          [
            -30.255487250197184,
            -5.41862632955039
          ],
          [
            -30.249883272972415,
            -5.415816068672189
          ],
          [
            -30.244279295747646,
            -5.413005807793988
          ],
          [
            -30.238675318522876,
            -5.410195546915787
          ],
          [
            -30.233071341298107,
            -5.407385286037586
          ],
          [
            -30.227467364073338,
            -5.404575025159385
          ],
          [
            -30.221863386848568,
            -5.401764764281184
          ],
          [
            -30.2162594096238,
            -5.398954503402983
          ],
          [
            -30.21065543239903,
            -5.396144242524782
          ],
          [
            -30.20505145517426,
            -5.393333981646581
          ],
          [
            -30.19944747794949,
            -5.39052372076838
          ],
          [
            -30.19384350072472,
            -5.387713459890179
          ],
          [
            -30.188239523499952,
            -5.384903199011978
          ],
          [
            -30.182635546275183,
            -5.382092938133777
          ],
          [
            -30.177031569050413,
            -5.379282677255576
          ],
          [
            -30.171427591825644,
            -5.376472416377375
          ],
          [
            -30.165823614600875,
            -5.373662155499174
          ],
          [
            -30.160219637376105,
            -5.370851894620973
          ],
          [
            -30.154615660151336,
            -5.368041633742772
          ],
          [
            -30.149011682926567,
            -5.365231372864571
          ],
          [
            -30.143407705701797,
            -5.36242111198637
          ],
          [
            -30.137803728477028,
            -5.359610851108169
          ],
          [
            -30.13219975125226,
            -5.356800590229968
          ],
          [
            -30.12659577402749,
            -5.353990329351767
          ],
          [
            -30.12099179680272,
            -5.351180068473566
          ],
          [
            -30.11538781957795,
            -5.348369807595365
          ],
          [
            -30.10978384235318,
            -5.345559546717164
          ],
          [
            -30.104179865128412,
            -5.342749285838963
          ],
          [
            -30.098575887903642,
            -5.339939024960762
          ],
          [
            -30.092971910678873,
            -5.337128764082561
          ],
          [
            -30.087367933454104,
            -5.33431850320436
          ],
          [
            -30.081763956229334,
            -5.331508242326159
          ],
          [
            -30.076159979004565,
            -5.328697981447958
          ],
          [
            -30.070556001779796,
            -5.325887720569757
          ],
          [
            -30.064952024555026,
            -5.3230774596915555
          ],
          [
            -30.059348047330257,
            -5.3202671988133545
          ],
          [
            -30.053744070105488,
            -5.3174569379351535
          ],
          [
            -30.04814009288072,
            -5.3146466770569525
          ],
          [
            -30.04253611565595,
            -5.3118364161787515
          ],
          [
            -30.03693213843118,
            -5.30902615530055
          ],
          [
            -30.03132816120641,
            -5.306215894422349
          ],
          [
            -30.02572418398164,
            -5.303405633544148
          ],
          [
            -30.02012020675687,
            -5.300595372665947
          ],
          [
            -30.014516229532102,
            -5.297785111787746
          ],
          [
            -30.008912252307333,
            -5.294974850909545
          ],
          [
            -30.003308275082563,
            -5.292164590031344
          ],
          [
            -29.997704297857794,
            -5.289354329153143
          ],
          [
            -29.992100320633025,
            -5.286544068274942
          ],
          [
            -29.986496343408255,
            -5.283733807396741
          ],
          [
            -29.980892366183486,
            -5.28092354651854
          ],
          [
            -29.975288388958717,
            -5.278113285640339
          ],
          [
            -29.969684411733947,
            -5.275303024762138
          ],
          [
            -29.964080434509178,
            -5.272492763883937
          ],
          [
            -29.95847645728441,
            -5.269682503005736
          ],
          [
            -29.95287248005964,
            -5.266872242127535
          ],
          [
            -29.94726850283487,
            -5.264061981249334
          ],
          [
            -29.9416645256101,
            -5.261251720371133
          ],
          [
            -29.93606054838533,
            -5.258441459492932
          ],
          [
            -29.930456571160562,
            -5.255631198614731
          ],
          [
            -29.924852593935793,
            -5.25282093773653
          ],
          [
            -29.919248616711023,
            -5.250010676858329
          ],
          [
            -29.913644639486254,
            -5.247200415980128
          ],
          [
            -29.908040662261484,
            -5.244390155101927
          ],
          [
            -29.902436685036715,
            -5.241579894223726
          ],
          [
            -29.896832707811946,
            -5.238769633345525
          ],
          [
            -29.891228730587176,
            -5.235959372467324
          ],
          [
            -29.885624753362407,
            -5.233149111589123
          ],
          [
            -29.880020776137638,
            -5.230338850710922
          ],
          [
            -29.87441679891287,
            -5.227528589832721
          ],
          [
            -29.8688128216881,
            -5.22471832895452
          ],
          [
            -29.86320884446333,
            -5.221908068076319
          ],
          [
            -29.85760486723856,
            -5.219097807198118
          ],
          [
            -29.85200089001379,
            -5.216287546319917
          ],
          [
            -29.84639691278902,
            -5.213477285441716
          ],
          [
            -29.840792935564252,
            -5.210667024563515
          ],
          [
            -29.835188958339483,
            -5.207856763685314
          ],
          [
            -29.829584981114714,
            -5.205046502807113
          ],
          [
            -29.823981003889944,
            -5.202236241928912
          ],
          [
            -29.818377026665175,
            -5.199425981050711
          ],
          [
            -29.812773049440406,
            -5.19661572017251
          ],
          [
            -29.807169072215636,
            -5.193805459294309
          ],
          [
            -29.801565094990867,
            -5.190995198416108
          ],
          [
            -29.795961117766097,
            -5.1881849375379065
          ],
          [
            -29.790357140541328,
            -5.1853746766597055
          ],
          [
            -29.78475316331656,
            -5.1825644157815045
          ],
          [
            -29.77914918609179,
            -5.1797541549033035
          ],
          [
            -29.77354520886702,
            -5.1769438940251025
          ],
          [
            -29.76794123164225,
            -5.1741336331469014
          ],
          [
            -29.76233725441748,
            -5.1713233722687
          ],
          [
            -29.756733277192712,
            -5.168513111390499
          ],
          [
            -29.751129299967943,
            -5.165702850512298
          ],
          [
            -29.745525322743173,
            -5.162892589634097
          ],
          [
            -29.739921345518404,
            -5.160082328755896
          ],
          [
            -29.734317368293635,
            -5.157272067877695
          ],
          [
            -29.728713391068865,
            -5.154461806999494
          ],
          [
            -29.723109413844096,
            -5.151651546121293
          ],
          [
            -29.717505436619327,
            -5.148841285243092
          ],
          [
            -29.711901459394557,
            -5.146031024364891
          ],
          [
            -29.706297482169788,
            -5.14322076348669
          ],
          [
            -29.70069350494502,
            -5.140410502608489
          ],
          [
            -29.69508952772025,
            -5.137600241730288
          ],
          [
            -29.68948555049548,
            -5.134789980852087
          ],
          [
            -29.68388157327071,
            -5.131979719973886
          ],
          [
            -29.67827759604594,
            -5.129169459095685
          ],
          [
            -29.67267361882117,
            -5.126359198217484
          ],
          [
            -29.667069641596402,
            -5.123548937339283
          ],
          [
            -29.661465664371633,
            -5.120738676461082
          ],
          [
            -29.655861687146864,
            -5.117928415582881
          ],
          [
            -29.650257709922094,
            -5.11511815470468
          ],
          [
            -29.644653732697325,
            -5.112307893826479
          ],
          [
            -29.639049755472556,
            -5.109497632948278
          ],
          [
            -29.633445778247786,
            -5.106687372070077
          ],
          [
            -29.627841801023017,
            -5.103877111191876
          ],
          [
            -29.622237823798248,
            -5.101066850313675
          ],
          [
            -29.616633846573478,
            -5.098256589435474
          ],
          [
            -29.61102986934871,
            -5.095446328557273
          ],
          [
            -29.60542589212394,
            -5.092636067679072
          ],
          [
            -29.59982191489917,
            -5.089825806800871
          ],
          [
            -29.5942179376744,
            -5.08701554592267
          ],
          [
            -29.58861396044963,
            -5.084205285044469
          ],
          [
            -29.583009983224862,
            -5.081395024166268
          ],
          [
            -29.577406006000093,
            -5.078584763288067
          ],
          [
            -29.571802028775323,
            -5.075774502409866
          ],
          [
            -29.566198051550554,
            -5.072964241531665
          ],
          [
            -29.560594074325785,
            -5.070153980653464
          ],
          [
            -29.554990097101015,
            -5.067343719775263
          ],
          [
            -29.549386119876246,
            -5.064533458897062
          ],
          [
            -29.543782142651477,
            -5.061723198018861
          ],
          [
            -29.538178165426707,
            -5.05891293714066
          ],
          [
            -29.532574188201938,
            -5.056102676262459
          ],
          [
            -29.52697021097717,
            -5.0532924153842576
          ],
          [
            -29.5213662337524,
            -5.0504821545060565
          ],
          [
            -29.51576225652763,
            -5.0476718936278555
          ],
          [
            -29.51015827930286,
            -5.0448616327496545
          ],
          [
            -29.50455430207809,
            -5.0420513718714535
          ],
          [
            -29.498950324853322,
            -5.0392411109932524
          ],
          [
            -29.493346347628552,
            -5.036430850115051
          ],
          [
            -29.487742370403783,
            -5.03362058923685
          ],
          [
            -29.482138393179014,
            -5.030810328358649
          ],
          [
            -29.476534415954244,
            -5.028000067480448
          ],
          [
            -29.470930438729475,
            -5.025189806602247
          ],
          [
            -29.465326461504706,
            -5.022379545724046
          ],
          [
            -29.459722484279936,
            -5.019569284845845
          ],
          [
            -29.454118507055167,
            -5.016759023967644
          ],
          [
            -29.448514529830398,
            -5.013948763089443
          ],
          [
            -29.44291055260563,
            -5.011138502211242
          ],
          [
            -29.43730657538086,
            -5.008328241333041
          ],
          [
            -29.43170259815609,
            -5.00551798045484
          ],
          [
            -29.42609862093132,
            -5.002707719576639
          ],
          [
            -29.42049464370655,
            -4.999897458698438
          ],
          [
            -29.41489066648178,
            -4.997087197820237
          ],
          [
            -29.409286689257012,
            -4.994276936942036
          ],
          [
            -29.403682712032243,
            -4.991466676063835
          ],
          [
            -29.398078734807473,
            -4.988656415185634
          ],
          [
            -29.392474757582704,
            -4.985846154307433
          ],
          [
            -29.386870780357935,
            -4.983035893429232
          ],
          [
            -29.381266803133165,
            -4.980225632551031
          ],
          [
            -29.375662825908396,
            -4.97741537167283
          ],
          [
            -29.370058848683627,
            -4.974605110794629
          ],
          [
            -29.364454871458857,
            -4.971794849916428
          ],
          [
            -29.358850894234088,
            -4.968984589038227
          ],
          [
            -29.35324691700932,
            -4.966174328160026
          ],
          [
            -29.34764293978455,
            -4.963364067281825
          ],
          [
            -29.34203896255978,
            -4.960553806403624
          ],
          [
            -29.33643498533501,
            -4.957743545525423
          ],
          [
            -29.33083100811024,
            -4.954933284647222
          ],
          [
            -29.325227030885472,
            -4.952123023769021
          ],
          [
            -29.319623053660703,
            -4.94931276289082
          ],
          [
            -29.314019076435933,
            -4.946502502012619
          ],
          [
            -29.308415099211164,
            -4.943692241134418
          ],
          [
            -29.302811121986394,
            -4.940881980256217
          ],
          [
            -29.297207144761625,
            -4.938071719378016
          ],
          [
            -29.291603167536856,
            -4.935261458499815
          ],
          [
            -29.285999190312086,
            -4.932451197621614
          ],
          [
            -29.280395213087317,
            -4.929640936743413
          ],
          [
            -29.274791235862548,
            -4.926830675865212
          ],
          [
            -29.26918725863778,
            -4.924020414987011
          ],
          [
            -29.26358328141301,
            -4.92121015410881
          ],
          [
            -29.25797930418824,
            -4.9183998932306086
          ],
          [
            -29.25237532696347,
            -4.9155896323524075
          ],
          [
            -29.2467713497387,
            -4.9127793714742065
          ],
          [
            -29.24116737251393,
            -4.9099691105960055
          ],
          [
            -29.235563395289162,
            -4.9071588497178045
          ],
          [
            -29.229959418064393,
            -4.9043485888396035
          ],
          [
            -29.224355440839624,
            -4.901538327961402
          ],
          [
            -29.218751463614854,
            -4.898728067083201
          ],
          [
            -29.213147486390085,
            -4.895917806205
          ],
          [
            -29.207543509165315,
            -4.893107545326799
          ],
          [
            -29.201939531940546,
            -4.890297284448598
          ],
          [
            -29.196335554715777,
            -4.887487023570397
          ],
          [
            -29.190731577491007,
            -4.884676762692196
          ],
          [
            -29.185127600266238,
            -4.881866501813995
          ],
          [
            -29.17952362304147,
            -4.879056240935794
          ],
          [
            -29.1739196458167,
            -4.876245980057593
          ],
          [
            -29.16831566859193,
            -4.873435719179392
          ],
          [
            -29.16271169136716,
            -4.870625458301191
          ],
          [
            -29.15710771414239,
            -4.86781519742299
          ],
          [
            -29.151503736917622,
            -4.865004936544789
          ],
          [
            -29.145899759692853,
            -4.862194675666588
          ],
          [
            -29.140295782468083,
            -4.859384414788387
          ],
          [
            -29.134691805243314,
            -4.856574153910186
          ],
          [
            -29.129087828018545,
            -4.853763893031985
          ],
          [
            -29.123483850793775,
            -4.850953632153784
          ],
          [
            -29.117879873569006,
            -4.848143371275583
          ],
          [
            -29.112275896344237,
            -4.845333110397382
          ],
          [
            -29.106671919119467,
            -4.842522849519181
          ],
          [
            -29.101067941894698,
            -4.83971258864098
          ],
          [
            -29.09546396466993,
            -4.836902327762779
          ],
          [
            -29.08985998744516,
            -4.834092066884578
          ],
          [
            -29.08425601022039,
            -4.831281806006377
          ],
          [
            -29.07865203299562,
            -4.828471545128176
          ],
          [
            -29.07304805577085,
            -4.825661284249975
          ],
          [
            -29.06744407854608,
            -4.822851023371774
          ],
          [
            -29.061840101321312,
            -4.820040762493573
          ],
          [
            -29.056236124096543,
            -4.817230501615372
          ],
          [
            -29.050632146871774,
            -4.814420240737171
          ],
          [
            -29.045028169647004,
            -4.81160997985897
          ],
          [
            -29.039424192422235,
            -4.808799718980769
          ],
          [
            -29.033820215197466,
            -4.805989458102568
          ],
          [
            -29.028216237972696,
            -4.803179197224367
          ],
          [
            -29.022612260747927,
            -4.800368936346166
          ],
          [
            -29.017008283523158,
            -4.797558675467965
          ],
          [
            -29.011404306298388,
            -4.794748414589764
          ],
          [
            -29.00580032907362,
            -4.791938153711563
          ],
          [
            -29.00019635184885,
            -4.789127892833362
          ],
          [
            -28.99459237462408,
            -4.786317631955161
          ],
          [
            -28.98898839739931,
            -4.78350737107696
          ],
          [
            -28.98338442017454,
            -4.7806971101987585
          ],
          [
            -28.977780442949772,
            -4.7778868493205575
          ],
          [
            -28.972176465725003,
            -4.7750765884423565
          ],
          [
            -28.966572488500233,
            -4.7722663275641555
          ],
          [
            -28.960968511275464,
            -4.7694560666859545
          ],
          [
            -28.955364534050695,
            -4.766645805807753
          ],
          [
            -28.949760556825925,
            -4.763835544929552
          ]
        ]
      },
      "properties": {
        "type": "vessel",
        "mmsi": 100000002,
        "name": "Decoy_Vessel_2",
        "timestamps": [
          "2019-07-26T00:00:00",
          "2019-07-26T00:05:00",
          "2019-07-26T00:10:00",
          "2019-07-26T00:15:00",
          "2019-07-26T00:20:00",
          "2019-07-26T00:25:00",
          "2019-07-26T00:30:00",
          "2019-07-26T00:35:00",
          "2019-07-26T00:40:00",
          "2019-07-26T00:45:00",
          "2019-07-26T00:50:00",
          "2019-07-26T00:55:00",
          "2019-07-26T01:00:00",
          "2019-07-26T01:05:00",
          "2019-07-26T01:10:00",
          "2019-07-26T01:15:00",
          "2019-07-26T01:20:00",
          "2019-07-26T01:25:00",
          "2019-07-26T01:30:00",
          "2019-07-26T01:35:00",
          "2019-07-26T01:40:00",
          "2019-07-26T01:45:00",
          "2019-07-26T01:50:00",
          "2019-07-26T01:55:00",
          "2019-07-26T02:00:00",
          "2019-07-26T02:05:00",
          "2019-07-26T02:10:00",
          "2019-07-26T02:15:00",
          "2019-07-26T02:20:00",
          "2019-07-26T02:25:00",
          "2019-07-26T02:30:00",
          "2019-07-26T02:35:00",
          "2019-07-26T02:40:00",
          "2019-07-26T02:45:00",
          "2019-07-26T02:50:00",
          "2019-07-26T02:55:00",
          "2019-07-26T03:00:00",
          "2019-07-26T03:05:00",
          "2019-07-26T03:10:00",
          "2019-07-26T03:15:00",
          "2019-07-26T03:20:00",
          "2019-07-26T03:25:00",
          "2019-07-26T03:30:00",
          "2019-07-26T03:35:00",
          "2019-07-26T03:40:00",
          "2019-07-26T03:45:00",
          "2019-07-26T03:50:00",
          "2019-07-26T03:55:00",
          "2019-07-26T04:00:00",
          "2019-07-26T04:05:00",
          "2019-07-26T04:10:00",
          "2019-07-26T04:15:00",
          "2019-07-26T04:20:00",
          "2019-07-26T04:25:00",
          "2019-07-26T04:30:00",
          "2019-07-26T04:35:00",
          "2019-07-26T04:40:00",
          "2019-07-26T04:45:00",
          "2019-07-26T04:50:00",
          "2019-07-26T04:55:00",
          "2019-07-26T05:00:00",
          "2019-07-26T05:05:00",
          "2019-07-26T05:10:00",
          "2019-07-26T05:15:00",
          "2019-07-26T05:20:00",
          "2019-07-26T05:25:00",
          "2019-07-26T05:30:00",
          "2019-07-26T05:35:00",
          "2019-07-26T05:40:00",
          "2019-07-26T05:45:00",
          "2019-07-26T05:50:00",
          "2019-07-26T05:55:00",
          "2019-07-26T06:00:00",
          "2019-07-26T06:05:00",
          "2019-07-26T06:10:00",
          "2019-07-26T06:15:00",
          "2019-07-26T06:20:00",
          "2019-07-26T06:25:00",
          "2019-07-26T06:30:00",
          "2019-07-26T06:35:00",
          "2019-07-26T06:40:00",
          "2019-07-26T06:45:00",
          "2019-07-26T06:50:00",
          "2019-07-26T06:55:00",
          "2019-07-26T07:00:00",
          "2019-07-26T07:05:00",
          "2019-07-26T07:10:00",
          "2019-07-26T07:15:00",
          "2019-07-26T07:20:00",
          "2019-07-26T07:25:00",
          "2019-07-26T07:30:00",
          "2019-07-26T07:35:00",
          "2019-07-26T07:40:00",
          "2019-07-26T07:45:00",
          "2019-07-26T07:50:00",
          "2019-07-26T07:55:00",
          "2019-07-26T08:00:00",
          "2019-07-26T08:05:00",
          "2019-07-26T08:10:00",
          "2019-07-26T08:15:00",
          "2019-07-26T08:20:00",
          "2019-07-26T08:25:00",
          "2019-07-26T08:30:00",
          "2019-07-26T08:35:00",
          "2019-07-26T08:40:00",
          "2019-07-26T08:45:00",
          "2019-07-26T08:50:00",
          "2019-07-26T08:55:00",
          "2019-07-26T09:00:00",
          "2019-07-26T09:05:00",
          "2019-07-26T09:10:00",
          "2019-07-26T09:15:00",
          "2019-07-26T09:20:00",
          "2019-07-26T09:25:00",
          "2019-07-26T09:30:00",
          "2019-07-26T09:35:00",
          "2019-07-26T09:40:00",
          "2019-07-26T09:45:00",
          "2019-07-26T09:50:00",
          "2019-07-26T09:55:00",
          "2019-07-26T10:00:00",
          "2019-07-26T10:05:00",
          "2019-07-26T10:10:00",
          "2019-07-26T10:15:00",
          "2019-07-26T10:20:00",
          "2019-07-26T10:25:00",
          "2019-07-26T10:30:00",
          "2019-07-26T10:35:00",
          "2019-07-26T10:40:00",
          "2019-07-26T10:45:00",
          "2019-07-26T10:50:00",
          "2019-07-26T10:55:00",
          "2019-07-26T11:00:00",
          "2019-07-26T11:05:00",
          "2019-07-26T11:10:00",
          "2019-07-26T11:15:00",
          "2019-07-26T11:20:00",
          "2019-07-26T11:25:00",
          "2019-07-26T11:30:00",
          "2019-07-26T11:35:00",
          "2019-07-26T11:40:00",
          "2019-07-26T11:45:00",
          "2019-07-26T11:50:00",
          "2019-07-26T11:55:00",
          "2019-07-26T12:00:00",
          "2019-07-26T12:05:00",
          "2019-07-26T12:10:00",
          "2019-07-26T12:15:00",
          "2019-07-26T12:20:00",
          "2019-07-26T12:25:00",
          "2019-07-26T12:30:00",
          "2019-07-26T12:35:00",
          "2019-07-26T12:40:00",
          "2019-07-26T12:45:00",
          "2019-07-26T12:50:00",
          "2019-07-26T12:55:00",
          "2019-07-26T13:00:00",
          "2019-07-26T13:05:00",
          "2019-07-26T13:10:00",
          "2019-07-26T13:15:00",
          "2019-07-26T13:20:00",
          "2019-07-26T13:25:00",
          "2019-07-26T13:30:00",
          "2019-07-26T13:35:00",
          "2019-07-26T13:40:00",
          "2019-07-26T13:45:00",
          "2019-07-26T13:50:00",
          "2019-07-26T13:55:00",
          "2019-07-26T14:00:00",
          "2019-07-26T14:05:00",
          "2019-07-26T14:10:00",
          "2019-07-26T14:15:00",
          "2019-07-26T14:20:00",
          "2019-07-26T14:25:00",
          "2019-07-26T14:30:00",
          "2019-07-26T14:35:00",
          "2019-07-26T14:40:00",
          "2019-07-26T14:45:00",
          "2019-07-26T14:50:00",
          "2019-07-26T14:55:00",
          "2019-07-26T15:00:00",
          "2019-07-26T15:05:00",
          "2019-07-26T15:10:00",
          "2019-07-26T15:15:00",
          "2019-07-26T15:20:00",
          "2019-07-26T15:25:00",
          "2019-07-26T15:30:00",
          "2019-07-26T15:35:00",
          "2019-07-26T15:40:00",
          "2019-07-26T15:45:00",
          "2019-07-26T15:50:00",
          "2019-07-26T15:55:00",
          "2019-07-26T16:00:00",
          "2019-07-26T16:05:00",
          "2019-07-26T16:10:00",
          "2019-07-26T16:15:00",
          "2019-07-26T16:20:00",
          "2019-07-26T16:25:00",
          "2019-07-26T16:30:00",
          "2019-07-26T16:35:00",
          "2019-07-26T16:40:00",
          "2019-07-26T16:45:00",
          "2019-07-26T16:50:00",
          "2019-07-26T16:55:00",
          "2019-07-26T17:00:00",
          "2019-07-26T17:05:00",
          "2019-07-26T17:10:00",
          "2019-07-26T17:15:00",
          "2019-07-26T17:20:00",
          "2019-07-26T17:25:00",
          "2019-07-26T17:30:00",
          "2019-07-26T17:35:00",
          "2019-07-26T17:40:00",
          "2019-07-26T17:45:00",
          "2019-07-26T17:50:00",
          "2019-07-26T17:55:00",
          "2019-07-26T18:00:00",
          "2019-07-26T18:05:00",
          "2019-07-26T18:10:00",
          "2019-07-26T18:15:00",
          "2019-07-26T18:20:00",
          "2019-07-26T18:25:00",
          "2019-07-26T18:30:00",
          "2019-07-26T18:35:00",
          "2019-07-26T18:40:00",
          "2019-07-26T18:45:00",
          "2019-07-26T18:50:00",
          "2019-07-26T18:55:00",
          "2019-07-26T19:00:00",
          "2019-07-26T19:05:00",
          "2019-07-26T19:10:00",
          "2019-07-26T19:15:00",
          "2019-07-26T19:20:00",
          "2019-07-26T19:25:00",
          "2019-07-26T19:30:00",
          "2019-07-26T19:35:00",
          "2019-07-26T19:40:00",
          "2019-07-26T19:45:00",
          "2019-07-26T19:50:00",
          "2019-07-26T19:55:00",
          "2019-07-26T20:00:00",
          "2019-07-26T20:05:00",
          "2019-07-26T20:10:00",
          "2019-07-26T20:15:00",
          "2019-07-26T20:20:00",
          "2019-07-26T20:25:00",
          "2019-07-26T20:30:00",
          "2019-07-26T20:35:00",
          "2019-07-26T20:40:00",
          "2019-07-26T20:45:00",
          "2019-07-26T20:50:00",
          "2019-07-26T20:55:00",
          "2019-07-26T21:00:00",
          "2019-07-26T21:05:00",
          "2019-07-26T21:10:00",
          "2019-07-26T21:15:00",
          "2019-07-26T21:20:00",
          "2019-07-26T21:25:00",
          "2019-07-26T21:30:00",
          "2019-07-26T21:35:00",
          "2019-07-26T21:40:00",
          "2019-07-26T21:45:00",
          "2019-07-26T21:50:00",
          "2019-07-26T21:55:00",
          "2019-07-26T22:00:00",
          "2019-07-26T22:05:00",
          "2019-07-26T22:10:00",
          "2019-07-26T22:15:00",
          "2019-07-26T22:20:00",
          "2019-07-26T22:25:00",
          "2019-07-26T22:30:00",
          "2019-07-26T22:35:00",
          "2019-07-26T22:40:00",
          "2019-07-26T22:45:00",
          "2019-07-26T22:50:00",
          "2019-07-26T22:55:00",
          "2019-07-26T23:00:00",
          "2019-07-26T23:05:00",
          "2019-07-26T23:10:00",
          "2019-07-26T23:15:00",
          "2019-07-26T23:20:00",
          "2019-07-26T23:25:00",
          "2019-07-26T23:30:00",
          "2019-07-26T23:35:00",
          "2019-07-26T23:40:00",
          "2019-07-26T23:45:00",
          "2019-07-26T23:50:00",
          "2019-07-26T23:55:00",
          "2019-07-27T00:00:00",
          "2019-07-27T00:05:00",
          "2019-07-27T00:10:00",
          "2019-07-27T00:15:00",
          "2019-07-27T00:20:00",
          "2019-07-27T00:25:00",
          "2019-07-27T00:30:00",
          "2019-07-27T00:35:00",
          "2019-07-27T00:40:00",
          "2019-07-27T00:45:00",
          "2019-07-27T00:50:00",
          "2019-07-27T00:55:00",
          "2019-07-27T01:00:00",
          "2019-07-27T01:05:00",
          "2019-07-27T01:10:00",
          "2019-07-27T01:15:00",
          "2019-07-27T01:20:00",
          "2019-07-27T01:25:00",
          "2019-07-27T01:30:00",
          "2019-07-27T01:35:00",
          "2019-07-27T01:40:00",
          "2019-07-27T01:45:00",
          "2019-07-27T01:50:00",
          "2019-07-27T01:55:00",
          "2019-07-27T02:00:00",
          "2019-07-27T02:05:00",
          "2019-07-27T02:10:00",
          "2019-07-27T02:15:00",
          "2019-07-27T02:20:00",
          "2019-07-27T02:25:00",
          "2019-07-27T02:30:00",
          "2019-07-27T02:35:00",
          "2019-07-27T02:40:00",
          "2019-07-27T02:45:00",
          "2019-07-27T02:50:00",
          "2019-07-27T02:55:00",
          "2019-07-27T03:00:00",
          "2019-07-27T03:05:00",
          "2019-07-27T03:10:00",
          "2019-07-27T03:15:00",
          "2019-07-27T03:20:00",
          "2019-07-27T03:25:00",
          "2019-07-27T03:30:00",
          "2019-07-27T03:35:00",
          "2019-07-27T03:40:00",
          "2019-07-27T03:45:00",
          "2019-07-27T03:50:00",
          "2019-07-27T03:55:00",
          "2019-07-27T04:00:00",
          "2019-07-27T04:05:00",
          "2019-07-27T04:10:00",
          "2019-07-27T04:15:00",
          "2019-07-27T04:20:00",
          "2019-07-27T04:25:00",
          "2019-07-27T04:30:00",
          "2019-07-27T04:35:00",
          "2019-07-27T04:40:00",
          "2019-07-27T04:45:00",
          "2019-07-27T04:50:00",
          "2019-07-27T04:55:00",
          "2019-07-27T05:00:00",
          "2019-07-27T05:05:00",
          "2019-07-27T05:10:00",
          "2019-07-27T05:15:00",
          "2019-07-27T05:20:00",
          "2019-07-27T05:25:00",
          "2019-07-27T05:30:00",
          "2019-07-27T05:35:00",
          "2019-07-27T05:40:00",
          "2019-07-27T05:45:00",
          "2019-07-27T05:50:00",
          "2019-07-27T05:55:00",
          "2019-07-27T06:00:00",
          "2019-07-27T06:05:00",
          "2019-07-27T06:10:00",
          "2019-07-27T06:15:00",
          "2019-07-27T06:20:00",
          "2019-07-27T06:25:00",
          "2019-07-27T06:30:00",
          "2019-07-27T06:35:00",
          "2019-07-27T06:40:00",
          "2019-07-27T06:45:00",
          "2019-07-27T06:50:00",
          "2019-07-27T06:55:00",
          "2019-07-27T07:00:00",
          "2019-07-27T07:05:00",
          "2019-07-27T07:10:00",
          "2019-07-27T07:15:00",
          "2019-07-27T07:20:00",
          "2019-07-27T07:25:00",
          "2019-07-27T07:30:00",
          "2019-07-27T07:35:00",
          "2019-07-27T07:40:00",
          "2019-07-27T07:45:00",
          "2019-07-27T07:50:00",
          "2019-07-27T07:55:00",
          "2019-07-27T08:00:00",
          "2019-07-27T08:05:00",
          "2019-07-27T08:10:00",
          "2019-07-27T08:15:00",
          "2019-07-27T08:20:00",
          "2019-07-27T08:25:00",
          "2019-07-27T08:30:00",
          "2019-07-27T08:35:00",
          "2019-07-27T08:40:00",
          "2019-07-27T08:45:00",
          "2019-07-27T08:50:00",
          "2019-07-27T08:55:00",
          "2019-07-27T09:00:00",
          "2019-07-27T09:05:00",
          "2019-07-27T09:10:00",
          "2019-07-27T09:15:00",
          "2019-07-27T09:20:00",
          "2019-07-27T09:25:00",
          "2019-07-27T09:30:00",
          "2019-07-27T09:35:00",
          "2019-07-27T09:40:00",
          "2019-07-27T09:45:00",
          "2019-07-27T09:50:00",
          "2019-07-27T09:55:00",
          "2019-07-27T10:00:00",
          "2019-07-27T10:05:00",
          "2019-07-27T10:10:00",
          "2019-07-27T10:15:00",
          "2019-07-27T10:20:00",
          "2019-07-27T10:25:00",
          "2019-07-27T10:30:00",
          "2019-07-27T10:35:00",
          "2019-07-27T10:40:00",
          "2019-07-27T10:45:00",
          "2019-07-27T10:50:00",
          "2019-07-27T10:55:00",
          "2019-07-27T11:00:00",
          "2019-07-27T11:05:00",
          "2019-07-27T11:10:00",
          "2019-07-27T11:15:00",
          "2019-07-27T11:20:00",
          "2019-07-27T11:25:00",
          "2019-07-27T11:30:00",
          "2019-07-27T11:35:00",
          "2019-07-27T11:40:00",
          "2019-07-27T11:45:00",
          "2019-07-27T11:50:00",
          "2019-07-27T11:55:00",
          "2019-07-27T12:00:00",
          "2019-07-27T12:05:00",
          "2019-07-27T12:10:00",
          "2019-07-27T12:15:00",
          "2019-07-27T12:20:00",
          "2019-07-27T12:25:00",
          "2019-07-27T12:30:00",
          "2019-07-27T12:35:00",
          "2019-07-27T12:40:00",
          "2019-07-27T12:45:00",
          "2019-07-27T12:50:00",
          "2019-07-27T12:55:00",
          "2019-07-27T13:00:00",
          "2019-07-27T13:05:00",
          "2019-07-27T13:10:00",
          "2019-07-27T13:15:00",
          "2019-07-27T13:20:00",
          "2019-07-27T13:25:00",
          "2019-07-27T13:30:00",
          "2019-07-27T13:35:00",
          "2019-07-27T13:40:00",
          "2019-07-27T13:45:00",
          "2019-07-27T13:50:00",
          "2019-07-27T13:55:00",
          "2019-07-27T14:00:00",
          "2019-07-27T14:05:00",
          "2019-07-27T14:10:00",
          "2019-07-27T14:15:00",
          "2019-07-27T14:20:00",
          "2019-07-27T14:25:00",
          "2019-07-27T14:30:00",
          "2019-07-27T14:35:00",
          "2019-07-27T14:40:00",
          "2019-07-27T14:45:00",
          "2019-07-27T14:50:00",
          "2019-07-27T14:55:00",
          "2019-07-27T15:00:00",
          "2019-07-27T15:05:00",
          "2019-07-27T15:10:00",
          "2019-07-27T15:15:00",
          "2019-07-27T15:20:00",
          "2019-07-27T15:25:00",
          "2019-07-27T15:30:00",
          "2019-07-27T15:35:00",
          "2019-07-27T15:40:00",
          "2019-07-27T15:45:00",
          "2019-07-27T15:50:00",
          "2019-07-27T15:55:00",
          "2019-07-27T16:00:00",
          "2019-07-27T16:05:00",
          "2019-07-27T16:10:00",
          "2019-07-27T16:15:00",
          "2019-07-27T16:20:00",
          "2019-07-27T16:25:00",
          "2019-07-27T16:30:00",
          "2019-07-27T16:35:00",
          "2019-07-27T16:40:00",
          "2019-07-27T16:45:00",
          "2019-07-27T16:50:00",
          "2019-07-27T16:55:00",
          "2019-07-27T17:00:00",
          "2019-07-27T17:05:00",
          "2019-07-27T17:10:00",
          "2019-07-27T17:15:00",
          "2019-07-27T17:20:00",
          "2019-07-27T17:25:00",
          "2019-07-27T17:30:00",
          "2019-07-27T17:35:00",
          "2019-07-27T17:40:00",
          "2019-07-27T17:45:00",
          "2019-07-27T17:50:00",
          "2019-07-27T17:55:00",
          "2019-07-27T18:00:00",
          "2019-07-27T18:05:00",
          "2019-07-27T18:10:00",
          "2019-07-27T18:15:00",
          "2019-07-27T18:20:00",
          "2019-07-27T18:25:00",
          "2019-07-27T18:30:00",
          "2019-07-27T18:35:00",
          "2019-07-27T18:40:00",
          "2019-07-27T18:45:00",
          "2019-07-27T18:50:00",
          "2019-07-27T18:55:00",
          "2019-07-27T19:00:00",
          "2019-07-27T19:05:00",
          "2019-07-27T19:10:00",
          "2019-07-27T19:15:00",
          "2019-07-27T19:20:00",
          "2019-07-27T19:25:00",
          "2019-07-27T19:30:00",
          "2019-07-27T19:35:00",
          "2019-07-27T19:40:00",
          "2019-07-27T19:45:00",
          "2019-07-27T19:50:00",
          "2019-07-27T19:55:00",
          "2019-07-27T20:00:00",
          "2019-07-27T20:05:00",
          "2019-07-27T20:10:00",
          "2019-07-27T20:15:00",
          "2019-07-27T20:20:00",
          "2019-07-27T20:25:00",
          "2019-07-27T20:30:00",
          "2019-07-27T20:35:00",
          "2019-07-27T20:40:00",
          "2019-07-27T20:45:00",
          "2019-07-27T20:50:00",
          "2019-07-27T20:55:00",
          "2019-07-27T21:00:00",
          "2019-07-27T21:05:00",
          "2019-07-27T21:10:00",
          "2019-07-27T21:15:00",
          "2019-07-27T21:20:00",
          "2019-07-27T21:25:00",
          "2019-07-27T21:30:00",
          "2019-07-27T21:35:00",
          "2019-07-27T21:40:00",
          "2019-07-27T21:45:00",
          "2019-07-27T21:50:00",
          "2019-07-27T21:55:00",
          "2019-07-27T22:00:00",
          "2019-07-27T22:05:00",
          "2019-07-27T22:10:00",
          "2019-07-27T22:15:00",
          "2019-07-27T22:20:00",
          "2019-07-27T22:25:00",
          "2019-07-27T22:30:00",
          "2019-07-27T22:35:00",
          "2019-07-27T22:40:00",
          "2019-07-27T22:45:00",
          "2019-07-27T22:50:00",
          "2019-07-27T22:55:00",
          "2019-07-27T23:00:00",
          "2019-07-27T23:05:00",
          "2019-07-27T23:10:00",
          "2019-07-27T23:15:00",
          "2019-07-27T23:20:00",
          "2019-07-27T23:25:00",
          "2019-07-27T23:30:00",
          "2019-07-27T23:35:00",
          "2019-07-27T23:40:00",
          "2019-07-27T23:45:00",
          "2019-07-27T23:50:00",
          "2019-07-27T23:55:00",
          "2019-07-28T00:00:00",
          "2019-07-28T00:05:00",
          "2019-07-28T00:10:00",
          "2019-07-28T00:15:00",
          "2019-07-28T00:20:00",
          "2019-07-28T00:25:00",
          "2019-07-28T00:30:00",
          "2019-07-28T00:35:00",
          "2019-07-28T00:40:00",
          "2019-07-28T00:45:00",
          "2019-07-28T00:50:00",
          "2019-07-28T00:55:00",
          "2019-07-28T01:00:00",
          "2019-07-28T01:05:00",
          "2019-07-28T01:10:00",
          "2019-07-28T01:15:00",
          "2019-07-28T01:20:00",
          "2019-07-28T01:25:00",
          "2019-07-28T01:30:00",
          "2019-07-28T01:35:00",
          "2019-07-28T01:40:00",
          "2019-07-28T01:45:00",
          "2019-07-28T01:50:00",
          "2019-07-28T01:55:00",
          "2019-07-28T02:00:00",
          "2019-07-28T02:05:00",
          "2019-07-28T02:10:00",
          "2019-07-28T02:15:00",
          "2019-07-28T02:20:00",
          "2019-07-28T02:25:00",
          "2019-07-28T02:30:00",
          "2019-07-28T02:35:00",
          "2019-07-28T02:40:00",
          "2019-07-28T02:45:00",
          "2019-07-28T02:50:00",
          "2019-07-28T02:55:00",
          "2019-07-28T03:00:00",
          "2019-07-28T03:05:00",
          "2019-07-28T03:10:00",
          "2019-07-28T03:15:00",
          "2019-07-28T03:20:00",
          "2019-07-28T03:25:00",
          "2019-07-28T03:30:00",
          "2019-07-28T03:35:00",
          "2019-07-28T03:40:00",
          "2019-07-28T03:45:00",
          "2019-07-28T03:50:00",
          "2019-07-28T03:55:00",
          "2019-07-28T04:00:00",
          "2019-07-28T04:05:00",
          "2019-07-28T04:10:00",
          "2019-07-28T04:15:00",
          "2019-07-28T04:20:00",
          "2019-07-28T04:25:00",
          "2019-07-28T04:30:00",
          "2019-07-28T04:35:00",
          "2019-07-28T04:40:00",
          "2019-07-28T04:45:00",
          "2019-07-28T04:50:00",
          "2019-07-28T04:55:00",
          "2019-07-28T05:00:00",
          "2019-07-28T05:05:00",
          "2019-07-28T05:10:00",
          "2019-07-28T05:15:00",
          "2019-07-28T05:20:00",
          "2019-07-28T05:25:00",
          "2019-07-28T05:30:00",
          "2019-07-28T05:35:00",
          "2019-07-28T05:40:00",
          "2019-07-28T05:45:00",
          "2019-07-28T05:50:00",
          "2019-07-28T05:55:00",
          "2019-07-28T06:00:00",
          "2019-07-28T06:05:00",
          "2019-07-28T06:10:00",
          "2019-07-28T06:15:00",
          "2019-07-28T06:20:00",
          "2019-07-28T06:25:00",
          "2019-07-28T06:30:00",
          "2019-07-28T06:35:00",
          "2019-07-28T06:40:00",
          "2019-07-28T06:45:00",
          "2019-07-28T06:50:00",
          "2019-07-28T06:55:00",
          "2019-07-28T07:00:00",
          "2019-07-28T07:05:00",
          "2019-07-28T07:10:00",
          "2019-07-28T07:15:00",
          "2019-07-28T07:20:00",
          "2019-07-28T07:25:00",
          "2019-07-28T07:30:00",
          "2019-07-28T07:35:00",
          "2019-07-28T07:40:00",
          "2019-07-28T07:45:00",
          "2019-07-28T07:50:00",
          "2019-07-28T07:55:00",
          "2019-07-28T08:00:00",
          "2019-07-28T08:05:00",
          "2019-07-28T08:10:00",
          "2019-07-28T08:15:00",
          "2019-07-28T08:20:00",
          "2019-07-28T08:25:00",
          "2019-07-28T08:30:00",
          "2019-07-28T08:35:00",
          "2019-07-28T08:40:00",
          "2019-07-28T08:45:00",
          "2019-07-28T08:50:00",
          "2019-07-28T08:55:00",
          "2019-07-28T09:00:00",
          "2019-07-28T09:05:00",
          "2019-07-28T09:10:00",
          "2019-07-28T09:15:00",
          "2019-07-28T09:20:00",
          "2019-07-28T09:25:00",
          "2019-07-28T09:30:00",
          "2019-07-28T09:35:00",
          "2019-07-28T09:40:00",
          "2019-07-28T09:45:00",
          "2019-07-28T09:50:00",
          "2019-07-28T09:55:00",
          "2019-07-28T10:00:00",
          "2019-07-28T10:05:00",
          "2019-07-28T10:10:00",
          "2019-07-28T10:15:00",
          "2019-07-28T10:20:00",
          "2019-07-28T10:25:00",
          "2019-07-28T10:30:00",
          "2019-07-28T10:35:00",
          "2019-07-28T10:40:00",
          "2019-07-28T10:45:00",
          "2019-07-28T10:50:00",
          "2019-07-28T10:55:00",
          "2019-07-28T11:00:00",
          "2019-07-28T11:05:00",
          "2019-07-28T11:10:00",
          "2019-07-28T11:15:00",
          "2019-07-28T11:20:00",
          "2019-07-28T11:25:00",
          "2019-07-28T11:30:00",
          "2019-07-28T11:35:00",
          "2019-07-28T11:40:00",
          "2019-07-28T11:45:00",
          "2019-07-28T11:50:00",
          "2019-07-28T11:55:00",
          "2019-07-28T12:00:00",
          "2019-07-28T12:05:00",
          "2019-07-28T12:10:00",
          "2019-07-28T12:15:00",
          "2019-07-28T12:20:00",
          "2019-07-28T12:25:00",
          "2019-07-28T12:30:00",
          "2019-07-28T12:35:00",
          "2019-07-28T12:40:00",
          "2019-07-28T12:45:00",
          "2019-07-28T12:50:00",
          "2019-07-28T12:55:00",
          "2019-07-28T13:00:00",
          "2019-07-28T13:05:00",
          "2019-07-28T13:10:00",
          "2019-07-28T13:15:00",
          "2019-07-28T13:20:00",
          "2019-07-28T13:25:00",
          "2019-07-28T13:30:00",
          "2019-07-28T13:35:00",
          "2019-07-28T13:40:00",
          "2019-07-28T13:45:00",
          "2019-07-28T13:50:00",
          "2019-07-28T13:55:00",
          "2019-07-28T14:00:00",
          "2019-07-28T14:05:00",
          "2019-07-28T14:10:00",
          "2019-07-28T14:15:00",
          "2019-07-28T14:20:00",
          "2019-07-28T14:25:00",
          "2019-07-28T14:30:00",
          "2019-07-28T14:35:00",
          "2019-07-28T14:40:00",
          "2019-07-28T14:45:00",
          "2019-07-28T14:50:00",
          "2019-07-28T14:55:00",
          "2019-07-28T15:00:00",
          "2019-07-28T15:05:00",
          "2019-07-28T15:10:00",
          "2019-07-28T15:15:00",
          "2019-07-28T15:20:00",
          "2019-07-28T15:25:00",
          "2019-07-28T15:30:00",
          "2019-07-28T15:35:00",
          "2019-07-28T15:40:00",
          "2019-07-28T15:45:00",
          "2019-07-28T15:50:00",
          "2019-07-28T15:55:00",
          "2019-07-28T16:00:00",
          "2019-07-28T16:05:00",
          "2019-07-28T16:10:00",
          "2019-07-28T16:15:00",
          "2019-07-28T16:20:00",
          "2019-07-28T16:25:00",
          "2019-07-28T16:30:00",
          "2019-07-28T16:35:00",
          "2019-07-28T16:40:00",
          "2019-07-28T16:45:00",
          "2019-07-28T16:50:00",
          "2019-07-28T16:55:00",
          "2019-07-28T17:00:00",
          "2019-07-28T17:05:00",
          "2019-07-28T17:10:00",
          "2019-07-28T17:15:00",
          "2019-07-28T17:20:00",
          "2019-07-28T17:25:00",
          "2019-07-28T17:30:00",
          "2019-07-28T17:35:00",
          "2019-07-28T17:40:00",
          "2019-07-28T17:45:00",
          "2019-07-28T17:50:00",
          "2019-07-28T17:55:00",
          "2019-07-28T18:00:00",
          "2019-07-28T18:05:00",
          "2019-07-28T18:10:00",
          "2019-07-28T18:15:00",
          "2019-07-28T18:20:00",
          "2019-07-28T18:25:00",
          "2019-07-28T18:30:00",
          "2019-07-28T18:35:00",
          "2019-07-28T18:40:00",
          "2019-07-28T18:45:00",
          "2019-07-28T18:50:00",
          "2019-07-28T18:55:00",
          "2019-07-28T19:00:00",
          "2019-07-28T19:05:00",
          "2019-07-28T19:10:00",
          "2019-07-28T19:15:00",
          "2019-07-28T19:20:00",
          "2019-07-28T19:25:00",
          "2019-07-28T19:30:00",
          "2019-07-28T19:35:00",
          "2019-07-28T19:40:00",
          "2019-07-28T19:45:00",
          "2019-07-28T19:50:00",
          "2019-07-28T19:55:00",
          "2019-07-28T20:00:00",
          "2019-07-28T20:05:00",
          "2019-07-28T20:10:00",
          "2019-07-28T20:15:00",
          "2019-07-28T20:20:00",
          "2019-07-28T20:25:00",
          "2019-07-28T20:30:00",
          "2019-07-28T20:35:00",
          "2019-07-28T20:40:00",
          "2019-07-28T20:45:00",
          "2019-07-28T20:50:00",
          "2019-07-28T20:55:00",
          "2019-07-28T21:00:00",
          "2019-07-28T21:05:00",
          "2019-07-28T21:10:00",
          "2019-07-28T21:15:00",
          "2019-07-28T21:20:00",
          "2019-07-28T21:25:00",
          "2019-07-28T21:30:00",
          "2019-07-28T21:35:00",
          "2019-07-28T21:40:00",
          "2019-07-28T21:45:00",
          "2019-07-28T21:50:00",
          "2019-07-28T21:55:00",
          "2019-07-28T22:00:00",
          "2019-07-28T22:05:00",
          "2019-07-28T22:10:00",
          "2019-07-28T22:15:00",
          "2019-07-28T22:20:00",
          "2019-07-28T22:25:00",
          "2019-07-28T22:30:00",
          "2019-07-28T22:35:00",
          "2019-07-28T22:40:00",
          "2019-07-28T22:45:00",
          "2019-07-28T22:50:00",
          "2019-07-28T22:55:00",
          "2019-07-28T23:00:00",
          "2019-07-28T23:05:00",
          "2019-07-28T23:10:00",
          "2019-07-28T23:15:00",
          "2019-07-28T23:20:00",
          "2019-07-28T23:25:00",
          "2019-07-28T23:30:00",
          "2019-07-28T23:35:00",
          "2019-07-28T23:40:00",
          "2019-07-28T23:45:00",
          "2019-07-28T23:50:00",
          "2019-07-28T23:55:00",
          "2019-07-29T00:00:00",
          "2019-07-29T00:05:00",
          "2019-07-29T00:10:00",
          "2019-07-29T00:15:00",
          "2019-07-29T00:20:00",
          "2019-07-29T00:25:00",
          "2019-07-29T00:30:00",
          "2019-07-29T00:35:00",
          "2019-07-29T00:40:00",
          "2019-07-29T00:45:00",
          "2019-07-29T00:50:00",
          "2019-07-29T00:55:00",
          "2019-07-29T01:00:00",
          "2019-07-29T01:05:00",
          "2019-07-29T01:10:00",
          "2019-07-29T01:15:00",
          "2019-07-29T01:20:00",
          "2019-07-29T01:25:00",
          "2019-07-29T01:30:00",
          "2019-07-29T01:35:00",
          "2019-07-29T01:40:00",
          "2019-07-29T01:45:00",
          "2019-07-29T01:50:00",
          "2019-07-29T01:55:00",
          "2019-07-29T02:00:00",
          "2019-07-29T02:05:00",
          "2019-07-29T02:10:00",
          "2019-07-29T02:15:00",
          "2019-07-29T02:20:00",
          "2019-07-29T02:25:00",
          "2019-07-29T02:30:00",
          "2019-07-29T02:35:00",
          "2019-07-29T02:40:00",
          "2019-07-29T02:45:00",
          "2019-07-29T02:50:00",
          "2019-07-29T02:55:00",
          "2019-07-29T03:00:00",
          "2019-07-29T03:05:00",
          "2019-07-29T03:10:00",
          "2019-07-29T03:15:00",
          "2019-07-29T03:20:00",
          "2019-07-29T03:25:00",
          "2019-07-29T03:30:00",
          "2019-07-29T03:35:00",
          "2019-07-29T03:40:00",
          "2019-07-29T03:45:00",
          "2019-07-29T03:50:00",
          "2019-07-29T03:55:00",
          "2019-07-29T04:00:00",
          "2019-07-29T04:05:00",
          "2019-07-29T04:10:00",
          "2019-07-29T04:15:00",
          "2019-07-29T04:20:00",
          "2019-07-29T04:25:00",
          "2019-07-29T04:30:00",
          "2019-07-29T04:35:00",
          "2019-07-29T04:40:00",
          "2019-07-29T04:45:00",
          "2019-07-29T04:50:00",
          "2019-07-29T04:55:00",
          "2019-07-29T05:00:00",
          "2019-07-29T05:05:00",
          "2019-07-29T05:10:00",
          "2019-07-29T05:15:00",
          "2019-07-29T05:20:00",
          "2019-07-29T05:25:00",
          "2019-07-29T05:30:00",
          "2019-07-29T05:35:00",
          "2019-07-29T05:40:00",
          "2019-07-29T05:45:00",
          "2019-07-29T05:50:00",
          "2019-07-29T05:55:00",
          "2019-07-29T06:00:00",
          "2019-07-29T06:05:00",
          "2019-07-29T06:10:00",
          "2019-07-29T06:15:00",
          "2019-07-29T06:20:00",
          "2019-07-29T06:25:00",
          "2019-07-29T06:30:00",
          "2019-07-29T06:35:00",
          "2019-07-29T06:40:00",
          "2019-07-29T06:45:00",
          "2019-07-29T06:50:00",
          "2019-07-29T06:55:00",
          "2019-07-29T07:00:00",
          "2019-07-29T07:05:00",
          "2019-07-29T07:10:00",
          "2019-07-29T07:15:00",
          "2019-07-29T07:20:00",
          "2019-07-29T07:25:00",
          "2019-07-29T07:30:00",
          "2019-07-29T07:35:00",
          "2019-07-29T07:40:00",
          "2019-07-29T07:45:00",
          "2019-07-29T07:50:00",
          "2019-07-29T07:55:00",
          "2019-07-29T08:00:00",
          "2019-07-29T08:05:00",
          "2019-07-29T08:10:00",
          "2019-07-29T08:15:00",
          "2019-07-29T08:20:00",
          "2019-07-29T08:25:00",
          "2019-07-29T08:30:00",
          "2019-07-29T08:35:00",
          "2019-07-29T08:40:00",
          "2019-07-29T08:45:00",
          "2019-07-29T08:50:00",
          "2019-07-29T08:55:00",
          "2019-07-29T09:00:00",
          "2019-07-29T09:05:00",
          "2019-07-29T09:10:00",
          "2019-07-29T09:15:00",
          "2019-07-29T09:20:00",
          "2019-07-29T09:25:00",
          "2019-07-29T09:30:00",
          "2019-07-29T09:35:00",
          "2019-07-29T09:40:00",
          "2019-07-29T09:45:00",
          "2019-07-29T09:50:00",
          "2019-07-29T09:55:00",
          "2019-07-29T10:00:00",
          "2019-07-29T10:05:00",
          "2019-07-29T10:10:00",
          "2019-07-29T10:15:00",
          "2019-07-29T10:20:00",
          "2019-07-29T10:25:00",
          "2019-07-29T10:30:00",
          "2019-07-29T10:35:00",
          "2019-07-29T10:40:00",
          "2019-07-29T10:45:00",
          "2019-07-29T10:50:00",
          "2019-07-29T10:55:00",
          "2019-07-29T11:00:00",
          "2019-07-29T11:05:00",
          "2019-07-29T11:10:00",
          "2019-07-29T11:15:00",
          "2019-07-29T11:20:00",
          "2019-07-29T11:25:00",
          "2019-07-29T11:30:00",
          "2019-07-29T11:35:00",
          "2019-07-29T11:40:00",
          "2019-07-29T11:45:00",
          "2019-07-29T11:50:00",
          "2019-07-29T11:55:00",
          "2019-07-29T12:00:00",
          "2019-07-29T12:05:00",
          "2019-07-29T12:10:00",
          "2019-07-29T12:15:00",
          "2019-07-29T12:20:00",
          "2019-07-29T12:25:00",
          "2019-07-29T12:30:00",
          "2019-07-29T12:35:00",
          "2019-07-29T12:40:00",
          "2019-07-29T12:45:00",
          "2019-07-29T12:50:00",
          "2019-07-29T12:55:00",
          "2019-07-29T13:00:00",
          "2019-07-29T13:05:00",
          "2019-07-29T13:10:00",
          "2019-07-29T13:15:00",
          "2019-07-29T13:20:00",
          "2019-07-29T13:25:00",
          "2019-07-29T13:30:00",
          "2019-07-29T13:35:00",
          "2019-07-29T13:40:00",
          "2019-07-29T13:45:00",
          "2019-07-29T13:50:00",
          "2019-07-29T13:55:00",
          "2019-07-29T14:00:00",
          "2019-07-29T14:05:00",
          "2019-07-29T14:10:00",
          "2019-07-29T14:15:00",
          "2019-07-29T14:20:00",
          "2019-07-29T14:25:00",
          "2019-07-29T14:30:00",
          "2019-07-29T14:35:00",
          "2019-07-29T14:40:00",
          "2019-07-29T14:45:00",
          "2019-07-29T14:50:00",
          "2019-07-29T14:55:00",
          "2019-07-29T15:00:00",
          "2019-07-29T15:05:00",
          "2019-07-29T15:10:00",
          "2019-07-29T15:15:00",
          "2019-07-29T15:20:00",
          "2019-07-29T15:25:00",
          "2019-07-29T15:30:00",
          "2019-07-29T15:35:00",
          "2019-07-29T15:40:00",
          "2019-07-29T15:45:00",
          "2019-07-29T15:50:00",
          "2019-07-29T15:55:00",
          "2019-07-29T16:00:00",
          "2019-07-29T16:05:00",
          "2019-07-29T16:10:00",
          "2019-07-29T16:15:00",
          "2019-07-29T16:20:00",
          "2019-07-29T16:25:00",
          "2019-07-29T16:30:00",
          "2019-07-29T16:35:00",
          "2019-07-29T16:40:00",
          "2019-07-29T16:45:00",
          "2019-07-29T16:50:00",
          "2019-07-29T16:55:00",
          "2019-07-29T17:00:00",
          "2019-07-29T17:05:00",
          "2019-07-29T17:10:00",
          "2019-07-29T17:15:00",
          "2019-07-29T17:20:00",
          "2019-07-29T17:25:00",
          "2019-07-29T17:30:00",
          "2019-07-29T17:35:00",
          "2019-07-29T17:40:00",
          "2019-07-29T17:45:00",
          "2019-07-29T17:50:00",
          "2019-07-29T17:55:00",
          "2019-07-29T18:00:00",
          "2019-07-29T18:05:00",
          "2019-07-29T18:10:00",
          "2019-07-29T18:15:00",
          "2019-07-29T18:20:00",
          "2019-07-29T18:25:00",
          "2019-07-29T18:30:00",
          "2019-07-29T18:35:00",
          "2019-07-29T18:40:00",
          "2019-07-29T18:45:00",
          "2019-07-29T18:50:00",
          "2019-07-29T18:55:00",
          "2019-07-29T19:00:00",
          "2019-07-29T19:05:00",
          "2019-07-29T19:10:00",
          "2019-07-29T19:15:00",
          "2019-07-29T19:20:00",
          "2019-07-29T19:25:00",
          "2019-07-29T19:30:00",
          "2019-07-29T19:35:00",
          "2019-07-29T19:40:00",
          "2019-07-29T19:45:00",
          "2019-07-29T19:50:00",
          "2019-07-29T19:55:00",
          "2019-07-29T20:00:00",
          "2019-07-29T20:05:00",
          "2019-07-29T20:10:00",
          "2019-07-29T20:15:00",
          "2019-07-29T20:20:00",
          "2019-07-29T20:25:00",
          "2019-07-29T20:30:00",
          "2019-07-29T20:35:00",
          "2019-07-29T20:40:00",
          "2019-07-29T20:45:00",
          "2019-07-29T20:50:00",
          "2019-07-29T20:55:00",
          "2019-07-29T21:00:00",
          "2019-07-29T21:05:00",
          "2019-07-29T21:10:00",
          "2019-07-29T21:15:00",
          "2019-07-29T21:20:00",
          "2019-07-29T21:25:00",
          "2019-07-29T21:30:00",
          "2019-07-29T21:35:00",
          "2019-07-29T21:40:00",
          "2019-07-29T21:45:00",
          "2019-07-29T21:50:00",
          "2019-07-29T21:55:00",
          "2019-07-29T22:00:00",
          "2019-07-29T22:05:00",
          "2019-07-29T22:10:00",
          "2019-07-29T22:15:00",
          "2019-07-29T22:20:00",
          "2019-07-29T22:25:00",
          "2019-07-29T22:30:00",
          "2019-07-29T22:35:00",
          "2019-07-29T22:40:00",
          "2019-07-29T22:45:00",
          "2019-07-29T22:50:00",
          "2019-07-29T22:55:00",
          "2019-07-29T23:00:00",
          "2019-07-29T23:05:00",
          "2019-07-29T23:10:00",
          "2019-07-29T23:15:00",
          "2019-07-29T23:20:00",
          "2019-07-29T23:25:00",
          "2019-07-29T23:30:00",
          "2019-07-29T23:35:00",
          "2019-07-29T23:40:00",
          "2019-07-29T23:45:00",
          "2019-07-29T23:50:00",
          "2019-07-29T23:55:00",
          "2019-07-30T00:00:00",
          "2019-07-30T00:05:00",
          "2019-07-30T00:10:00",
          "2019-07-30T00:15:00",
          "2019-07-30T00:20:00",
          "2019-07-30T00:25:00",
          "2019-07-30T00:30:00",
          "2019-07-30T00:35:00",
          "2019-07-30T00:40:00",
          "2019-07-30T00:45:00",
          "2019-07-30T00:50:00",
          "2019-07-30T00:55:00",
          "2019-07-30T01:00:00",
          "2019-07-30T01:05:00",
          "2019-07-30T01:10:00",
          "2019-07-30T01:15:00",
          "2019-07-30T01:20:00",
          "2019-07-30T01:25:00",
          "2019-07-30T01:30:00",
          "2019-07-30T01:35:00",
          "2019-07-30T01:40:00",
          "2019-07-30T01:45:00",
          "2019-07-30T01:50:00",
          "2019-07-30T01:55:00",
          "2019-07-30T02:00:00",
          "2019-07-30T02:05:00",
          "2019-07-30T02:10:00",
          "2019-07-30T02:15:00",
          "2019-07-30T02:20:00",
          "2019-07-30T02:25:00",
          "2019-07-30T02:30:00",
          "2019-07-30T02:35:00",
          "2019-07-30T02:40:00",
          "2019-07-30T02:45:00",
          "2019-07-30T02:50:00",
          "2019-07-30T02:55:00",
          "2019-07-30T03:00:00",
          "2019-07-30T03:05:00",
          "2019-07-30T03:10:00",
          "2019-07-30T03:15:00",
          "2019-07-30T03:20:00",
          "2019-07-30T03:25:00",
          "2019-07-30T03:30:00",
          "2019-07-30T03:35:00",
          "2019-07-30T03:40:00",
          "2019-07-30T03:45:00",
          "2019-07-30T03:50:00",
          "2019-07-30T03:55:00",
          "2019-07-30T04:00:00",
          "2019-07-30T04:05:00",
          "2019-07-30T04:10:00",
          "2019-07-30T04:15:00",
          "2019-07-30T04:20:00",
          "2019-07-30T04:25:00",
          "2019-07-30T04:30:00",
          "2019-07-30T04:35:00",
          "2019-07-30T04:40:00",
          "2019-07-30T04:45:00",
          "2019-07-30T04:50:00",
          "2019-07-30T04:55:00",
          "2019-07-30T05:00:00",
          "2019-07-30T05:05:00",
          "2019-07-30T05:10:00",
          "2019-07-30T05:15:00",
          "2019-07-30T05:20:00",
          "2019-07-30T05:25:00",
          "2019-07-30T05:30:00",
          "2019-07-30T05:35:00",
          "2019-07-30T05:40:00",
          "2019-07-30T05:45:00",
          "2019-07-30T05:50:00",
          "2019-07-30T05:55:00",
          "2019-07-30T06:00:00",
          "2019-07-30T06:05:00",
          "2019-07-30T06:10:00",
          "2019-07-30T06:15:00",
          "2019-07-30T06:20:00",
          "2019-07-30T06:25:00",
          "2019-07-30T06:30:00",
          "2019-07-30T06:35:00",
          "2019-07-30T06:40:00",
          "2019-07-30T06:45:00",
          "2019-07-30T06:50:00",
          "2019-07-30T06:55:00",
          "2019-07-30T07:00:00",
          "2019-07-30T07:05:00",
          "2019-07-30T07:10:00",
          "2019-07-30T07:15:00",
          "2019-07-30T07:20:00",
          "2019-07-30T07:25:00",
          "2019-07-30T07:30:00",
          "2019-07-30T07:35:00",
          "2019-07-30T07:40:00",
          "2019-07-30T07:45:00",
          "2019-07-30T07:50:00",
          "2019-07-30T07:55:00",
          "2019-07-30T08:00:00",
          "2019-07-30T08:05:00",
          "2019-07-30T08:10:00",
          "2019-07-30T08:15:00",
          "2019-07-30T08:20:00",
          "2019-07-30T08:25:00",
          "2019-07-30T08:30:00",
          "2019-07-30T08:35:00",
          "2019-07-30T08:40:00",
          "2019-07-30T08:45:00",
          "2019-07-30T08:50:00",
          "2019-07-30T08:55:00",
          "2019-07-30T09:00:00",
          "2019-07-30T09:05:00",
          "2019-07-30T09:10:00",
          "2019-07-30T09:15:00",
          "2019-07-30T09:20:00",
          "2019-07-30T09:25:00",
          "2019-07-30T09:30:00",
          "2019-07-30T09:35:00",
          "2019-07-30T09:40:00",
          "2019-07-30T09:45:00",
          "2019-07-30T09:50:00",
          "2019-07-30T09:55:00",
          "2019-07-30T10:00:00",
          "2019-07-30T10:05:00",
          "2019-07-30T10:10:00",
          "2019-07-30T10:15:00",
          "2019-07-30T10:20:00",
          "2019-07-30T10:25:00",
          "2019-07-30T10:30:00",
          "2019-07-30T10:35:00",
          "2019-07-30T10:40:00",
          "2019-07-30T10:45:00",
          "2019-07-30T10:50:00",
          "2019-07-30T10:55:00",
          "2019-07-30T11:00:00",
          "2019-07-30T11:05:00",
          "2019-07-30T11:10:00",
          "2019-07-30T11:15:00",
          "2019-07-30T11:20:00",
          "2019-07-30T11:25:00",
          "2019-07-30T11:30:00",
          "2019-07-30T11:35:00",
          "2019-07-30T11:40:00",
          "2019-07-30T11:45:00",
          "2019-07-30T11:50:00",
          "2019-07-30T11:55:00",
          "2019-07-30T12:00:00",
          "2019-07-30T12:05:00",
          "2019-07-30T12:10:00",
          "2019-07-30T12:15:00",
          "2019-07-30T12:20:00",
          "2019-07-30T12:25:00",
          "2019-07-30T12:30:00",
          "2019-07-30T12:35:00",
          "2019-07-30T12:40:00",
          "2019-07-30T12:45:00",
          "2019-07-30T12:50:00",
          "2019-07-30T12:55:00",
          "2019-07-30T13:00:00",
          "2019-07-30T13:05:00",
          "2019-07-30T13:10:00",
          "2019-07-30T13:15:00",
          "2019-07-30T13:20:00",
          "2019-07-30T13:25:00",
          "2019-07-30T13:30:00",
          "2019-07-30T13:35:00",
          "2019-07-30T13:40:00",
          "2019-07-30T13:45:00",
          "2019-07-30T13:50:00",
          "2019-07-30T13:55:00",
          "2019-07-30T14:00:00",
          "2019-07-30T14:05:00",
          "2019-07-30T14:10:00",
          "2019-07-30T14:15:00",
          "2019-07-30T14:20:00",
          "2019-07-30T14:25:00",
          "2019-07-30T14:30:00",
          "2019-07-30T14:35:00",
          "2019-07-30T14:40:00",
          "2019-07-30T14:45:00",
          "2019-07-30T14:50:00",
          "2019-07-30T14:55:00",
          "2019-07-30T15:00:00",
          "2019-07-30T15:05:00",
          "2019-07-30T15:10:00",
          "2019-07-30T15:15:00",
          "2019-07-30T15:20:00",
          "2019-07-30T15:25:00",
          "2019-07-30T15:30:00",
          "2019-07-30T15:35:00",
          "2019-07-30T15:40:00",
          "2019-07-30T15:45:00",
          "2019-07-30T15:50:00",
          "2019-07-30T15:55:00",
          "2019-07-30T16:00:00",
          "2019-07-30T16:05:00",
          "2019-07-30T16:10:00",
          "2019-07-30T16:15:00",
          "2019-07-30T16:20:00",
          "2019-07-30T16:25:00",
          "2019-07-30T16:30:00",
          "2019-07-30T16:35:00",
          "2019-07-30T16:40:00",
          "2019-07-30T16:45:00",
          "2019-07-30T16:50:00",
          "2019-07-30T16:55:00",
          "2019-07-30T17:00:00",
          "2019-07-30T17:05:00",
          "2019-07-30T17:10:00",
          "2019-07-30T17:15:00",
          "2019-07-30T17:20:00",
          "2019-07-30T17:25:00",
          "2019-07-30T17:30:00",
          "2019-07-30T17:35:00",
          "2019-07-30T17:40:00",
          "2019-07-30T17:45:00",
          "2019-07-30T17:50:00",
          "2019-07-30T17:55:00",
          "2019-07-30T18:00:00",
          "2019-07-30T18:05:00",
          "2019-07-30T18:10:00",
          "2019-07-30T18:15:00",
          "2019-07-30T18:20:00",
          "2019-07-30T18:25:00",
          "2019-07-30T18:30:00",
          "2019-07-30T18:35:00",
          "2019-07-30T18:40:00",
          "2019-07-30T18:45:00",
          "2019-07-30T18:50:00",
          "2019-07-30T18:55:00",
          "2019-07-30T19:00:00",
          "2019-07-30T19:05:00",
          "2019-07-30T19:10:00",
          "2019-07-30T19:15:00",
          "2019-07-30T19:20:00",
          "2019-07-30T19:25:00",
          "2019-07-30T19:30:00",
          "2019-07-30T19:35:00",
          "2019-07-30T19:40:00",
          "2019-07-30T19:45:00",
          "2019-07-30T19:50:00",
          "2019-07-30T19:55:00",
          "2019-07-30T20:00:00",
          "2019-07-30T20:05:00",
          "2019-07-30T20:10:00",
          "2019-07-30T20:15:00",
          "2019-07-30T20:20:00",
          "2019-07-30T20:25:00",
          "2019-07-30T20:30:00",
          "2019-07-30T20:35:00",
          "2019-07-30T20:40:00",
          "2019-07-30T20:45:00",
          "2019-07-30T20:50:00",
          "2019-07-30T20:55:00",
          "2019-07-30T21:00:00",
          "2019-07-30T21:05:00",
          "2019-07-30T21:10:00",
          "2019-07-30T21:15:00",
          "2019-07-30T21:20:00",
          "2019-07-30T21:25:00",
          "2019-07-30T21:30:00",
          "2019-07-30T21:35:00",
          "2019-07-30T21:40:00",
          "2019-07-30T21:45:00",
          "2019-07-30T21:50:00",
          "2019-07-30T21:55:00",
          "2019-07-30T22:00:00",
          "2019-07-30T22:05:00",
          "2019-07-30T22:10:00",
          "2019-07-30T22:15:00",
          "2019-07-30T22:20:00",
          "2019-07-30T22:25:00",
          "2019-07-30T22:30:00",
          "2019-07-30T22:35:00",
          "2019-07-30T22:40:00",
          "2019-07-30T22:45:00",
          "2019-07-30T22:50:00",
          "2019-07-30T22:55:00",
          "2019-07-30T23:00:00",
          "2019-07-30T23:05:00",
          "2019-07-30T23:10:00",
          "2019-07-30T23:15:00",
          "2019-07-30T23:20:00",
          "2019-07-30T23:25:00",
          "2019-07-30T23:30:00",
          "2019-07-30T23:35:00",
          "2019-07-30T23:40:00",
          "2019-07-30T23:45:00",
          "2019-07-30T23:50:00"
        ]
      }
    },
    {
      "type": "Feature",
      "geometry": {
        "type": "LineString",
        "coordinates": [
          [
            -35.94250202020087,
            -8.813819264816171
          ],
          [
            -35.94573940277773,
            -8.81448018739344
          ],
          [
            -35.948976785354596,
            -8.81514110997071
          ],
          [
            -35.95221416793146,
            -8.81580203254798
          ],
          [
            -35.95545155050832,
            -8.81646295512525
          ],
          [
            -35.958688933085185,
            -8.81712387770252
          ],
          [
            -35.96192631566205,
            -8.817784800279789
          ],
          [
            -35.96516369823891,
            -8.818445722857058
          ],
          [
            -35.968401080815774,
            -8.819106645434328
          ],
          [
            -35.97163846339264,
            -8.819767568011597
          ],
          [
            -35.9748758459695,
            -8.820428490588867
          ],
          [
            -35.97811322854636,
            -8.821089413166137
          ],
          [
            -35.981350611123226,
            -8.821750335743406
          ],
          [
            -35.98458799370009,
            -8.822411258320676
          ],
          [
            -35.98782537627695,
            -8.823072180897945
          ],
          [
            -35.991062758853815,
            -8.823733103475215
          ],
          [
            -35.99430014143068,
            -8.824394026052484
          ],
          [
            -35.99753752400754,
            -8.825054948629754
          ],
          [
            -36.000774906584404,
            -8.825715871207024
          ],
          [
            -36.00401228916127,
            -8.826376793784293
          ],
          [
            -36.00724967173813,
            -8.827037716361563
          ],
          [
            -36.01048705431499,
            -8.827698638938832
          ],
          [
            -36.013724436891856,
            -8.828359561516102
          ],
          [
            -36.01696181946872,
            -8.829020484093371
          ],
          [
            -36.02019920204558,
            -8.829681406670641
          ],
          [
            -36.023436584622445,
            -8.83034232924791
          ],
          [
            -36.02667396719931,
            -8.83100325182518
          ],
          [
            -36.02991134977617,
            -8.83166417440245
          ],
          [
            -36.033148732353034,
            -8.83232509697972
          ],
          [
            -36.0363861149299,
            -8.832986019556989
          ],
          [
            -36.03962349750676,
            -8.833646942134258
          ],
          [
            -36.04286088008362,
            -8.834307864711528
          ],
          [
            -36.046098262660486,
            -8.834968787288798
          ],
          [
            -36.04933564523735,
            -8.835629709866067
          ],
          [
            -36.05257302781421,
            -8.836290632443337
          ],
          [
            -36.055810410391075,
            -8.836951555020606
          ],
          [
            -36.05904779296794,
            -8.837612477597876
          ],
          [
            -36.0622851755448,
            -8.838273400175146
          ],
          [
            -36.065522558121664,
            -8.838934322752415
          ],
          [
            -36.06875994069853,
            -8.839595245329685
          ],
          [
            -36.07199732327539,
            -8.840256167906954
          ],
          [
            -36.07523470585225,
            -8.840917090484224
          ],
          [
            -36.078472088429116,
            -8.841578013061493
          ],
          [
            -36.08170947100598,
            -8.842238935638763
          ],
          [
            -36.08494685358284,
            -8.842899858216033
          ],
          [
            -36.088184236159705,
            -8.843560780793302
          ],
          [
            -36.09142161873657,
            -8.844221703370572
          ],
          [
            -36.09465900131343,
            -8.844882625947841
          ],
          [
            -36.097896383890294,
            -8.84554354852511
          ],
          [
            -36.10113376646716,
            -8.84620447110238
          ],
          [
            -36.10437114904402,
            -8.84686539367965
          ],
          [
            -36.10760853162088,
            -8.84752631625692
          ],
          [
            -36.110845914197746,
            -8.84818723883419
          ],
          [
            -36.11408329677461,
            -8.848848161411459
          ],
          [
            -36.11732067935147,
            -8.849509083988728
          ],
          [
            -36.120558061928335,
            -8.850170006565998
          ],
          [
            -36.1237954445052,
            -8.850830929143267
          ],
          [
            -36.12703282708206,
            -8.851491851720537
          ],
          [
            -36.130270209658924,
            -8.852152774297807
          ],
          [
            -36.13350759223579,
            -8.852813696875076
          ],
          [
            -36.13674497481265,
            -8.853474619452346
          ],
          [
            -36.13998235738951,
            -8.854135542029615
          ],
          [
            -36.143219739966376,
            -8.854796464606885
          ],
          [
            -36.14645712254324,
            -8.855457387184154
          ],
          [
            -36.1496945051201,
            -8.856118309761424
          ],
          [
            -36.152931887696965,
            -8.856779232338694
          ],
          [
            -36.15616927027383,
            -8.857440154915963
          ],
          [
            -36.15940665285069,
            -8.858101077493233
          ],
          [
            -36.162644035427554,
            -8.858762000070502
          ],
          [
            -36.16588141800442,
            -8.859422922647772
          ],
          [
            -36.16911880058128,
            -8.860083845225041
          ],
          [
            -36.17235618315814,
            -8.860744767802311
          ],
          [
            -36.17559356573501,
            -8.86140569037958
          ],
          [
            -36.17883094831187,
            -8.86206661295685
          ],
          [
            -36.18206833088873,
            -8.86272753553412
          ],
          [
            -36.185305713465596,
            -8.86338845811139
          ],
          [
            -36.18854309604246,
            -8.864049380688659
          ],
          [
            -36.19178047861932,
            -8.864710303265928
          ],
          [
            -36.195017861196185,
            -8.865371225843198
          ],
          [
            -36.19825524377305,
            -8.866032148420468
          ],
          [
            -36.20149262634991,
            -8.866693070997737
          ],
          [
            -36.204730008926774,
            -8.867353993575007
          ],
          [
            -36.20796739150364,
            -8.868014916152276
          ],
          [
            -36.2112047740805,
            -8.868675838729546
          ],
          [
            -36.21444215665736,
            -8.869336761306815
          ],
          [
            -36.217679539234226,
            -8.869997683884085
          ],
          [
            -36.22091692181109,
            -8.870658606461355
          ],
          [
            -36.22415430438795,
            -8.871319529038624
          ],
          [
            -36.227391686964815,
            -8.871980451615894
          ],
          [
            -36.23062906954168,
            -8.872641374193163
          ],
          [
            -36.23386645211854,
            -8.873302296770433
          ],
          [
            -36.237103834695404,
            -8.873963219347702
          ],
          [
            -36.24034121727227,
            -8.874624141924972
          ],
          [
            -36.24357859984913,
            -8.875285064502242
          ],
          [
            -36.24681598242599,
            -8.875945987079511
          ],
          [
            -36.250053365002856,
            -8.87660690965678
          ],
          [
            -36.25329074757972,
            -8.87726783223405
          ],
          [
            -36.25652813015658,
            -8.87792875481132
          ],
          [
            -36.259765512733445,
            -8.87858967738859
          ],
          [
            -36.26300289531031,
            -8.879250599965859
          ],
          [
            -36.26624027788717,
            -8.879911522543129
          ],
          [
            -36.269477660464034,
            -8.880572445120398
          ],
          [
            -36.2727150430409,
            -8.881233367697668
          ],
          [
            -36.27595242561776,
            -8.881894290274937
          ],
          [
            -36.27918980819462,
            -8.882555212852207
          ],
          [
            -36.282427190771486,
            -8.883216135429477
          ],
          [
            -36.28566457334835,
            -8.883877058006746
          ],
          [
            -36.28890195592521,
            -8.884537980584016
          ],
          [
            -36.292139338502075,
            -8.885198903161285
          ],
          [
            -36.29537672107894,
            -8.885859825738555
          ],
          [
            -36.2986141036558,
            -8.886520748315824
          ],
          [
            -36.301851486232664,
            -8.887181670893094
          ],
          [
            -36.30508886880953,
            -8.887842593470364
          ],
          [
            -36.30832625138639,
            -8.888503516047633
          ],
          [
            -36.31156363396325,
            -8.889164438624903
          ],
          [
            -36.314801016540116,
            -8.889825361202172
          ],
          [
            -36.31803839911698,
            -8.890486283779442
          ],
          [
            -36.32127578169384,
            -8.891147206356711
          ],
          [
            -36.324513164270705,
            -8.891808128933981
          ],
          [
            -36.32775054684757,
            -8.89246905151125
          ],
          [
            -36.33098792942443,
            -8.89312997408852
          ],
          [
            -36.334225312001294,
            -8.89379089666579
          ],
          [
            -36.33746269457816,
            -8.89445181924306
          ],
          [
            -36.34070007715502,
            -8.895112741820329
          ],
          [
            -36.34393745973188,
            -8.895773664397598
          ],
          [
            -36.347174842308746,
            -8.896434586974868
          ],
          [
            -36.35041222488561,
            -8.897095509552138
          ],
          [
            -36.35364960746247,
            -8.897756432129407
          ],
          [
            -36.356886990039335,
            -8.898417354706677
          ],
          [
            -36.3601243726162,
            -8.899078277283946
          ],
          [
            -36.36336175519306,
            -8.899739199861216
          ],
          [
            -36.366599137769924,
            -8.900400122438485
          ],
          [
            -36.36983652034679,
            -8.901061045015755
          ],
          [
            -36.37307390292365,
            -8.901721967593025
          ],
          [
            -36.37631128550051,
            -8.902382890170294
          ],
          [
            -36.379548668077376,
            -8.903043812747564
          ],
          [
            -36.38278605065424,
            -8.903704735324833
          ],
          [
            -36.3860234332311,
            -8.904365657902103
          ],
          [
            -36.389260815807965,
            -8.905026580479372
          ],
          [
            -36.39249819838483,
            -8.905687503056642
          ],
          [
            -36.39573558096169,
            -8.906348425633912
          ],
          [
            -36.398972963538554,
            -8.907009348211181
          ],
          [
            -36.40221034611542,
            -8.90767027078845
          ],
          [
            -36.40544772869228,
            -8.90833119336572
          ],
          [
            -36.40868511126914,
            -8.90899211594299
          ],
          [
            -36.411922493846006,
            -8.90965303852026
          ],
          [
            -36.41515987642287,
            -8.910313961097529
          ],
          [
            -36.41839725899973,
            -8.910974883674799
          ],
          [
            -36.421634641576595,
            -8.911635806252068
          ],
          [
            -36.42487202415346,
            -8.912296728829338
          ],
          [
            -36.42810940673032,
            -8.912957651406607
          ],
          [
            -36.431346789307185,
            -8.913618573983877
          ],
          [
            -36.43458417188405,
            -8.914279496561146
          ],
          [
            -36.43782155446091,
            -8.914940419138416
          ],
          [
            -36.44105893703777,
            -8.915601341715686
          ],
          [
            -36.44429631961464,
            -8.916262264292955
          ],
          [
            -36.4475337021915,
            -8.916923186870225
          ],
          [
            -36.45077108476836,
            -8.917584109447494
          ],
          [
            -36.454008467345226,
            -8.918245032024764
          ],
          [
            -36.45724584992209,
            -8.918905954602034
          ],
          [
            -36.46048323249895,
            -8.919566877179303
          ],
          [
            -36.463720615075815,
            -8.920227799756573
          ],
          [
            -36.46695799765268,
            -8.920888722333842
          ],
          [
            -36.47019538022954,
            -8.921549644911112
          ],
          [
            -36.473432762806404,
            -8.922210567488381
          ],
          [
            -36.47667014538327,
            -8.922871490065651
          ],
          [
            -36.47990752796013,
            -8.92353241264292
          ],
          [
            -36.48314491053699,
            -8.92419333522019
          ],
          [
            -36.486382293113856,
            -8.92485425779746
          ],
          [
            -36.48961967569072,
            -8.92551518037473
          ],
          [
            -36.49285705826758,
            -8.926176102951999
          ],
          [
            -36.496094440844445,
            -8.926837025529268
          ],
          [
            -36.49933182342131,
            -8.927497948106538
          ],
          [
            -36.50256920599817,
            -8.928158870683808
          ],
          [
            -36.505806588575034,
            -8.928819793261077
          ],
          [
            -36.5090439711519,
            -8.929480715838347
          ],
          [
            -36.51228135372876,
            -8.930141638415616
          ],
          [
            -36.51551873630562,
            -8.930802560992886
          ],
          [
            -36.518756118882486,
            -8.931463483570155
          ],
          [
            -36.52199350145935,
            -8.932124406147425
          ],
          [
            -36.52523088403621,
            -8.932785328724695
          ],
          [
            -36.528468266613075,
            -8.933446251301964
          ],
          [
            -36.53170564918994,
            -8.934107173879234
          ],
          [
            -36.5349430317668,
            -8.934768096456503
          ],
          [
            -36.538180414343664,
            -8.935429019033773
          ],
          [
            -36.54141779692053,
            -8.936089941611042
          ],
          [
            -36.54465517949739,
            -8.936750864188312
          ],
          [
            -36.54789256207425,
            -8.937411786765582
          ],
          [
            -36.551129944651116,
            -8.938072709342851
          ],
          [
            -36.55436732722798,
            -8.93873363192012
          ],
          [
            -36.55760470980484,
            -8.93939455449739
          ],
          [
            -36.560842092381705,
            -8.94005547707466
          ],
          [
            -36.56407947495857,
            -8.94071639965193
          ],
          [
            -36.56731685753543,
            -8.941377322229199
          ],
          [
            -36.570554240112294,
            -8.942038244806469
          ],
          [
            -36.57379162268916,
            -8.942699167383738
          ],
          [
            -36.57702900526602,
            -8.943360089961008
          ],
          [
            -36.58026638784288,
            -8.944021012538277
          ],
          [
            -36.583503770419746,
            -8.944681935115547
          ],
          [
            -36.58674115299661,
            -8.945342857692816
          ],
          [
            -36.58997853557347,
            -8.946003780270086
          ],
          [
            -36.593215918150335,
            -8.946664702847356
          ],
          [
            -36.5964533007272,
            -8.947325625424625
          ],
          [
            -36.59969068330406,
            -8.947986548001895
          ],
          [
            -36.602928065880924,
            -8.948647470579164
          ],
          [
            -36.60616544845779,
            -8.949308393156434
          ],
          [
            -36.60940283103465,
            -8.949969315733703
          ],
          [
            -36.61264021361151,
            -8.950630238310973
          ],
          [
            -36.615877596188376,
            -8.951291160888243
          ],
          [
            -36.61911497876524,
            -8.951952083465512
          ],
          [
            -36.6223523613421,
            -8.952613006042782
          ],
          [
            -36.625589743918965,
            -8.953273928620051
          ],
          [
            -36.62882712649583,
            -8.953934851197321
          ],
          [
            -36.63206450907269,
            -8.95459577377459
          ],
          [
            -36.635301891649554,
            -8.95525669635186
          ],
          [
            -36.63853927422642,
            -8.95591761892913
          ],
          [
            -36.64177665680328,
            -8.9565785415064
          ],
          [
            -36.64501403938014,
            -8.957239464083669
          ],
          [
            -36.648251421957006,
            -8.957900386660938
          ],
          [
            -36.65148880453387,
            -8.958561309238208
          ],
          [
            -36.65472618711073,
            -8.959222231815477
          ],
          [
            -36.657963569687595,
            -8.959883154392747
          ],
          [
            -36.66120095226446,
            -8.960544076970017
          ],
          [
            -36.66443833484132,
            -8.961204999547286
          ],
          [
            -36.667675717418184,
            -8.961865922124556
          ],
          [
            -36.67091309999505,
            -8.962526844701825
          ],
          [
            -36.67415048257191,
            -8.963187767279095
          ],
          [
            -36.67738786514877,
            -8.963848689856365
          ],
          [
            -36.68062524772564,
            -8.964509612433634
          ],
          [
            -36.6838626303025,
            -8.965170535010904
          ],
          [
            -36.68710001287936,
            -8.965831457588173
          ],
          [
            -36.690337395456226,
            -8.966492380165443
          ],
          [
            -36.69357477803309,
            -8.967153302742712
          ],
          [
            -36.69681216060995,
            -8.967814225319982
          ],
          [
            -36.700049543186815,
            -8.968475147897252
          ],
          [
            -36.70328692576368,
            -8.969136070474521
          ],
          [
            -36.70652430834054,
            -8.96979699305179
          ],
          [
            -36.709761690917404,
            -8.97045791562906
          ],
          [
            -36.71299907349427,
            -8.97111883820633
          ],
          [
            -36.71623645607113,
            -8.9717797607836
          ],
          [
            -36.71947383864799,
            -8.972440683360869
          ],
          [
            -36.722711221224856,
            -8.973101605938139
          ],
          [
            -36.72594860380172,
            -8.973762528515408
          ],
          [
            -36.72918598637858,
            -8.974423451092678
          ],
          [
            -36.732423368955445,
            -8.975084373669947
          ],
          [
            -36.73566075153231,
            -8.975745296247217
          ],
          [
            -36.73889813410917,
            -8.976406218824486
          ],
          [
            -36.742135516686034,
            -8.977067141401756
          ],
          [
            -36.7453728992629,
            -8.977728063979026
          ],
          [
            -36.74861028183976,
            -8.978388986556295
          ],
          [
            -36.75184766441662,
            -8.979049909133565
          ],
          [
            -36.755085046993486,
            -8.979710831710834
          ],
          [
            -36.75832242957035,
            -8.980371754288104
          ],
          [
            -36.76155981214721,
            -8.981032676865373
          ],
          [
            -36.764797194724075,
            -8.981693599442643
          ],
          [
            -36.76803457730094,
            -8.982354522019913
          ],
          [
            -36.7712719598778,
            -8.983015444597182
          ],
          [
            -36.774509342454664,
            -8.983676367174452
          ],
          [
            -36.77774672503153,
            -8.984337289751721
          ],
          [
            -36.78098410760839,
            -8.98499821232899
          ],
          [
            -36.78422149018525,
            -8.98565913490626
          ],
          [
            -36.787458872762116,
            -8.98632005748353
          ],
          [
            -36.79069625533898,
            -8.9869809800608
          ],
          [
            -36.79393363791584,
            -8.98764190263807
          ],
          [
            -36.797171020492705,
            -8.988302825215339
          ],
          [
            -36.80040840306957,
            -8.988963747792608
          ],
          [
            -36.80364578564643,
            -8.989624670369878
          ],
          [
            -36.806883168223294,
            -8.990285592947147
          ],
          [
            -36.81012055080016,
            -8.990946515524417
          ],
          [
            -36.81335793337702,
            -8.991607438101687
          ],
          [
            -36.81659531595388,
            -8.992268360678956
          ],
          [
            -36.819832698530746,
            -8.992929283256226
          ],
          [
            -36.82307008110761,
            -8.993590205833495
          ],
          [
            -36.82630746368447,
            -8.994251128410765
          ],
          [
            -36.829544846261335,
            -8.994912050988034
          ],
          [
            -36.8327822288382,
            -8.995572973565304
          ],
          [
            -36.83601961141506,
            -8.996233896142574
          ],
          [
            -36.839256993991924,
            -8.996894818719843
          ],
          [
            -36.84249437656879,
            -8.997555741297113
          ],
          [
            -36.84573175914565,
            -8.998216663874382
          ],
          [
            -36.84896914172251,
            -8.998877586451652
          ],
          [
            -36.852206524299376,
            -8.999538509028921
          ],
          [
            -36.85544390687624,
            -9.000199431606191
          ],
          [
            -36.8586812894531,
            -9.00086035418346
          ],
          [
            -36.861918672029965,
            -9.00152127676073
          ],
          [
            -36.86515605460683,
            -9.002182199338
          ],
          [
            -36.86839343718369,
            -9.00284312191527
          ],
          [
            -36.871630819760554,
            -9.003504044492539
          ],
          [
            -36.87486820233742,
            -9.004164967069809
          ],
          [
            -36.87810558491428,
            -9.004825889647078
          ],
          [
            -36.88134296749114,
            -9.005486812224348
          ],
          [
            -36.884580350068006,
            -9.006147734801617
          ],
          [
            -36.88781773264487,
            -9.006808657378887
          ],
          [
            -36.89105511522173,
            -9.007469579956156
          ],
          [
            -36.894292497798595,
            -9.008130502533426
          ],
          [
            -36.89752988037546,
            -9.008791425110696
          ],
          [
            -36.90076726295232,
            -9.009452347687965
          ],
          [
            -36.904004645529184,
            -9.010113270265235
          ],
          [
            -36.90724202810605,
            -9.010774192842504
          ],
          [
            -36.91047941068291,
            -9.011435115419774
          ],
          [
            -36.91371679325977,
            -9.012096037997043
          ],
          [
            -36.916954175836636,
            -9.012756960574313
          ],
          [
            -36.9201915584135,
            -9.013417883151583
          ],
          [
            -36.92342894099036,
            -9.014078805728852
          ],
          [
            -36.926666323567225,
            -9.014739728306122
          ],
          [
            -36.92990370614409,
            -9.015400650883391
          ],
          [
            -36.93314108872095,
            -9.01606157346066
          ],
          [
            -36.936378471297814,
            -9.01672249603793
          ],
          [
            -36.93961585387468,
            -9.0173834186152
          ],
          [
            -36.94285323645154,
            -9.01804434119247
          ],
          [
            -36.9460906190284,
            -9.01870526376974
          ],
          [
            -36.94932800160527,
            -9.019366186347009
          ],
          [
            -36.95256538418213,
            -9.020027108924278
          ],
          [
            -36.95580276675899,
            -9.020688031501548
          ],
          [
            -36.959040149335856,
            -9.021348954078817
          ],
          [
            -36.96227753191272,
            -9.022009876656087
          ],
          [
            -36.96551491448958,
            -9.022670799233357
          ],
          [
            -36.968752297066445,
            -9.023331721810626
          ],
          [
            -36.97198967964331,
            -9.023992644387896
          ],
          [
            -36.97522706222017,
            -9.024653566965165
          ],
          [
            -36.978464444797034,
            -9.025314489542435
          ],
          [
            -36.9817018273739,
            -9.025975412119704
          ],
          [
            -36.98493920995076,
            -9.026636334696974
          ],
          [
            -36.98817659252762,
            -9.027297257274244
          ],
          [
            -36.991413975104486,
            -9.027958179851513
          ],
          [
            -36.99465135768135,
            -9.028619102428783
          ],
          [
            -36.99788874025821,
            -9.029280025006052
          ],
          [
            -37.001126122835075,
            -9.029940947583322
          ],
          [
            -37.00436350541194,
            -9.030601870160591
          ],
          [
            -37.0076008879888,
            -9.031262792737861
          ],
          [
            -37.010838270565664,
            -9.03192371531513
          ],
          [
            -37.01407565314253,
            -9.0325846378924
          ],
          [
            -37.01731303571939,
            -9.03324556046967
          ],
          [
            -37.02055041829625,
            -9.03390648304694
          ],
          [
            -37.023787800873116,
            -9.034567405624209
          ],
          [
            -37.02702518344998,
            -9.035228328201478
          ],
          [
            -37.03026256602684,
            -9.035889250778748
          ],
          [
            -37.033499948603705,
            -9.036550173356018
          ],
          [
            -37.03673733118057,
            -9.037211095933287
          ],
          [
            -37.03997471375743,
            -9.037872018510557
          ],
          [
            -37.043212096334294,
            -9.038532941087826
          ],
          [
            -37.04644947891116,
            -9.039193863665096
          ],
          [
            -37.04968686148802,
            -9.039854786242365
          ],
          [
            -37.05292424406488,
            -9.040515708819635
          ],
          [
            -37.056161626641746,
            -9.041176631396905
          ],
          [
            -37.05939900921861,
            -9.041837553974174
          ],
          [
            -37.06263639179547,
            -9.042498476551444
          ],
          [
            -37.065873774372335,
            -9.043159399128713
          ],
          [
            -37.0691111569492,
            -9.043820321705983
          ],
          [
            -37.07234853952606,
            -9.044481244283253
          ],
          [
            -37.075585922102924,
            -9.045142166860522
          ],
          [
            -37.07882330467979,
            -9.045803089437792
          ],
          [
            -37.08206068725665,
            -9.046464012015061
          ],
          [
            -37.08529806983351,
            -9.04712493459233
          ],
          [
            -37.088535452410376,
            -9.0477858571696
          ],
          [
            -37.09177283498724,
            -9.04844677974687
          ],
          [
            -37.0950102175641,
            -9.04910770232414
          ],
          [
            -37.098247600140965,
            -9.049768624901409
          ],
          [
            -37.10148498271783,
            -9.050429547478679
          ],
          [
            -37.10472236529469,
            -9.051090470055948
          ],
          [
            -37.107959747871554,
            -9.051751392633218
          ],
          [
            -37.11119713044842,
            -9.052412315210487
          ],
          [
            -37.11443451302528,
            -9.053073237787757
          ],
          [
            -37.11767189560214,
            -9.053734160365027
          ],
          [
            -37.120909278179006,
            -9.054395082942296
          ],
          [
            -37.12414666075587,
            -9.055056005519566
          ],
          [
            -37.12738404333273,
            -9.055716928096835
          ],
          [
            -37.130621425909595,
            -9.056377850674105
          ],
          [
            -37.13385880848646,
            -9.057038773251374
          ],
          [
            -37.13709619106332,
            -9.057699695828644
          ],
          [
            -37.140333573640184,
            -9.058360618405914
          ],
          [
            -37.14357095621705,
            -9.059021540983183
          ],
          [
            -37.14680833879391,
            -9.059682463560453
          ],
          [
            -37.15004572137077,
            -9.060343386137722
          ],
          [
            -37.153283103947636,
            -9.061004308714992
          ],
          [
            -37.1565204865245,
            -9.061665231292261
          ],
          [
            -37.15975786910136,
            -9.062326153869531
          ],
          [
            -37.162995251678225,
            -9.0629870764468
          ],
          [
            -37.16623263425509,
            -9.06364799902407
          ],
          [
            -37.16947001683195,
            -9.06430892160134
          ],
          [
            -37.172707399408814,
            -9.06496984417861
          ],
          [
            -37.17594478198568,
            -9.065630766755879
          ],
          [
            -37.17918216456254,
            -9.066291689333148
          ],
          [
            -37.1824195471394,
            -9.066952611910418
          ],
          [
            -37.18565692971627,
            -9.067613534487688
          ],
          [
            -37.18889431229313,
            -9.068274457064957
          ],
          [
            -37.19213169486999,
            -9.068935379642227
          ],
          [
            -37.195369077446855,
            -9.069596302219496
          ],
          [
            -37.19860646002372,
            -9.070257224796766
          ],
          [
            -37.20184384260058,
            -9.070918147374035
          ],
          [
            -37.205081225177445,
            -9.071579069951305
          ],
          [
            -37.20831860775431,
            -9.072239992528575
          ],
          [
            -37.21155599033117,
            -9.072900915105844
          ],
          [
            -37.214793372908034,
            -9.073561837683114
          ],
          [
            -37.2180307554849,
            -9.074222760260383
          ],
          [
            -37.22126813806176,
            -9.074883682837653
          ],
          [
            -37.22450552063862,
            -9.075544605414922
          ],
          [
            -37.227742903215486,
            -9.076205527992192
          ],
          [
            -37.23098028579235,
            -9.076866450569462
          ],
          [
            -37.23421766836921,
            -9.077527373146731
          ],
          [
            -37.237455050946075,
            -9.078188295724
          ],
          [
            -37.24069243352294,
            -9.07884921830127
          ],
          [
            -37.2439298160998,
            -9.07951014087854
          ],
          [
            -37.247167198676664,
            -9.08017106345581
          ],
          [
            -37.25040458125353,
            -9.080831986033079
          ],
          [
            -37.25364196383039,
            -9.081492908610349
          ],
          [
            -37.25687934640725,
            -9.082153831187618
          ],
          [
            -37.260116728984116,
            -9.082814753764888
          ],
          [
            -37.26335411156098,
            -9.083475676342157
          ],
          [
            -37.26659149413784,
            -9.084136598919427
          ],
          [
            -37.269828876714705,
            -9.084797521496697
          ],
          [
            -37.27306625929157,
            -9.085458444073966
          ],
          [
            -37.27630364186843,
            -9.086119366651236
          ],
          [
            -37.279541024445294,
            -9.086780289228505
          ],
          [
            -37.28277840702216,
            -9.087441211805775
          ],
          [
            -37.28601578959902,
            -9.088102134383044
          ],
          [
            -37.28925317217588,
            -9.088763056960314
          ],
          [
            -37.292490554752746,
            -9.089423979537584
          ],
          [
            -37.29572793732961,
            -9.090084902114853
          ],
          [
            -37.29896531990647,
            -9.090745824692123
          ],
          [
            -37.302202702483335,
            -9.091406747269392
          ],
          [
            -37.3054400850602,
            -9.092067669846662
          ],
          [
            -37.30867746763706,
            -9.092728592423931
          ],
          [
            -37.311914850213924,
            -9.093389515001201
          ],
          [
            -37.31515223279079,
            -9.09405043757847
          ],
          [
            -37.31838961536765,
            -9.09471136015574
          ],
          [
            -37.32162699794451,
            -9.09537228273301
          ],
          [
            -37.324864380521376,
            -9.09603320531028
          ],
          [
            -37.32810176309824,
            -9.096694127887549
          ],
          [
            -37.3313391456751,
            -9.097355050464818
          ],
          [
            -37.334576528251965,
            -9.098015973042088
          ],
          [
            -37.33781391082883,
            -9.098676895619358
          ],
          [
            -37.34105129340569,
            -9.099337818196627
          ],
          [
            -37.344288675982554,
            -9.099998740773897
          ],
          [
            -37.34752605855942,
            -9.100659663351166
          ],
          [
            -37.35076344113628,
            -9.101320585928436
          ],
          [
            -37.35400082371314,
            -9.101981508505705
          ],
          [
            -37.357238206290006,
            -9.102642431082975
          ],
          [
            -37.36047558886687,
            -9.103303353660245
          ],
          [
            -37.36371297144373,
            -9.103964276237514
          ],
          [
            -37.366950354020595,
            -9.104625198814784
          ],
          [
            -37.37018773659746,
            -9.105286121392053
          ],
          [
            -37.37342511917432,
            -9.105947043969323
          ],
          [
            -37.376662501751184,
            -9.106607966546592
          ],
          [
            -37.37989988432805,
            -9.107268889123862
          ],
          [
            -37.38313726690491,
            -9.107929811701132
          ],
          [
            -37.38637464948177,
            -9.108590734278401
          ],
          [
            -37.389612032058636,
            -9.10925165685567
          ],
          [
            -37.3928494146355,
            -9.10991257943294
          ],
          [
            -37.39608679721236,
            -9.11057350201021
          ],
          [
            -37.399324179789225,
            -9.11123442458748
          ],
          [
            -37.40256156236609,
            -9.111895347164749
          ],
          [
            -37.40579894494295,
            -9.112556269742019
          ],
          [
            -37.409036327519814,
            -9.113217192319288
          ],
          [
            -37.41227371009668,
            -9.113878114896558
          ],
          [
            -37.41551109267354,
            -9.114539037473827
          ],
          [
            -37.4187484752504,
            -9.115199960051097
          ],
          [
            -37.421985857827266,
            -9.115860882628366
          ],
          [
            -37.42522324040413,
            -9.116521805205636
          ],
          [
            -37.42846062298099,
            -9.117182727782906
          ],
          [
            -37.431698005557855,
            -9.117843650360175
          ],
          [
            -37.43493538813472,
            -9.118504572937445
          ],
          [
            -37.43817277071158,
            -9.119165495514714
          ],
          [
            -37.441410153288444,
            -9.119826418091984
          ],
          [
            -37.44464753586531,
            -9.120487340669253
          ],
          [
            -37.44788491844217,
            -9.121148263246523
          ],
          [
            -37.45112230101903,
            -9.121809185823793
          ],
          [
            -37.4543596835959,
            -9.122470108401062
          ],
          [
            -37.45759706617276,
            -9.123131030978332
          ],
          [
            -37.46083444874962,
            -9.123791953555601
          ],
          [
            -37.464071831326486,
            -9.124452876132871
          ],
          [
            -37.46730921390335,
            -9.12511379871014
          ],
          [
            -37.47054659648021,
            -9.12577472128741
          ],
          [
            -37.473783979057075,
            -9.12643564386468
          ],
          [
            -37.47702136163394,
            -9.12709656644195
          ],
          [
            -37.4802587442108,
            -9.127757489019219
          ],
          [
            -37.483496126787664,
            -9.128418411596488
          ],
          [
            -37.48673350936453,
            -9.129079334173758
          ],
          [
            -37.48997089194139,
            -9.129740256751028
          ],
          [
            -37.49320827451825,
            -9.130401179328297
          ],
          [
            -37.496445657095116,
            -9.131062101905567
          ],
          [
            -37.49968303967198,
            -9.131723024482836
          ],
          [
            -37.50292042224884,
            -9.132383947060106
          ],
          [
            -37.506157804825705,
            -9.133044869637375
          ],
          [
            -37.50939518740257,
            -9.133705792214645
          ],
          [
            -37.51263256997943,
            -9.134366714791915
          ],
          [
            -37.515869952556294,
            -9.135027637369184
          ],
          [
            -37.51910733513316,
            -9.135688559946454
          ],
          [
            -37.52234471771002,
            -9.136349482523723
          ],
          [
            -37.52558210028688,
            -9.137010405100993
          ],
          [
            -37.528819482863746,
            -9.137671327678262
          ],
          [
            -37.53205686544061,
            -9.138332250255532
          ],
          [
            -37.53529424801747,
            -9.138993172832802
          ],
          [
            -37.538531630594335,
            -9.139654095410071
          ],
          [
            -37.5417690131712,
            -9.14031501798734
          ],
          [
            -37.54500639574806,
            -9.14097594056461
          ],
          [
            -37.548243778324924,
            -9.14163686314188
          ],
          [
            -37.55148116090179,
            -9.14229778571915
          ],
          [
            -37.55471854347865,
            -9.142958708296419
          ],
          [
            -37.55795592605551,
            -9.143619630873689
          ],
          [
            -37.561193308632376,
            -9.144280553450958
          ],
          [
            -37.56443069120924,
            -9.144941476028228
          ],
          [
            -37.5676680737861,
            -9.145602398605497
          ],
          [
            -37.570905456362965,
            -9.146263321182767
          ],
          [
            -37.57414283893983,
            -9.146924243760036
          ],
          [
            -37.57738022151669,
            -9.147585166337306
          ],
          [
            -37.580617604093554,
            -9.148246088914576
          ],
          [
            -37.58385498667042,
            -9.148907011491845
          ],
          [
            -37.58709236924728,
            -9.149567934069115
          ],
          [
            -37.59032975182414,
            -9.150228856646384
          ],
          [
            -37.593567134401006,
            -9.150889779223654
          ],
          [
            -37.59680451697787,
            -9.151550701800923
          ],
          [
            -37.60004189955473,
            -9.152211624378193
          ],
          [
            -37.603279282131595,
            -9.152872546955463
          ],
          [
            -37.60651666470846,
            -9.153533469532732
          ],
          [
            -37.60975404728532,
            -9.154194392110002
          ],
          [
            -37.612991429862184,
            -9.154855314687271
          ],
          [
            -37.61622881243905,
            -9.155516237264541
          ],
          [
            -37.61946619501591,
            -9.15617715984181
          ],
          [
            -37.62270357759277,
            -9.15683808241908
          ],
          [
            -37.625940960169636,
            -9.15749900499635
          ],
          [
            -37.6291783427465,
            -9.15815992757362
          ],
          [
            -37.63241572532336,
            -9.158820850150889
          ],
          [
            -37.635653107900225,
            -9.159481772728158
          ],
          [
            -37.63889049047709,
            -9.160142695305428
          ],
          [
            -37.64212787305395,
            -9.160803617882697
          ],
          [
            -37.645365255630814,
            -9.161464540459967
          ],
          [
            -37.64860263820768,
            -9.162125463037237
          ],
          [
            -37.65184002078454,
            -9.162786385614506
          ],
          [
            -37.6550774033614,
            -9.163447308191776
          ],
          [
            -37.658314785938266,
            -9.164108230769045
          ],
          [
            -37.66155216851513,
            -9.164769153346315
          ],
          [
            -37.66478955109199,
            -9.165430075923584
          ],
          [
            -37.668026933668855,
            -9.166090998500854
          ],
          [
            -37.67126431624572,
            -9.166751921078124
          ],
          [
            -37.67450169882258,
            -9.167412843655393
          ],
          [
            -37.677739081399444,
            -9.168073766232663
          ],
          [
            -37.68097646397631,
            -9.168734688809932
          ],
          [
            -37.68421384655317,
            -9.169395611387202
          ],
          [
            -37.68745122913003,
            -9.170056533964472
          ],
          [
            -37.690688611706896,
            -9.170717456541741
          ],
          [
            -37.69392599428376,
            -9.17137837911901
          ],
          [
            -37.69716337686062,
            -9.17203930169628
          ],
          [
            -37.700400759437485,
            -9.17270022427355
          ],
          [
            -37.70363814201435,
            -9.17336114685082
          ],
          [
            -37.70687552459121,
            -9.174022069428089
          ],
          [
            -37.710112907168075,
            -9.174682992005359
          ],
          [
            -37.71335028974494,
            -9.175343914582628
          ],
          [
            -37.7165876723218,
            -9.176004837159898
          ],
          [
            -37.71982505489866,
            -9.176665759737167
          ],
          [
            -37.72306243747553,
            -9.177326682314437
          ],
          [
            -37.72629982005239,
            -9.177987604891706
          ],
          [
            -37.72953720262925,
            -9.178648527468976
          ],
          [
            -37.732774585206116,
            -9.179309450046246
          ],
          [
            -37.73601196778298,
            -9.179970372623515
          ],
          [
            -37.73924935035984,
            -9.180631295200785
          ],
          [
            -37.742486732936705,
            -9.181292217778054
          ],
          [
            -37.74572411551357,
            -9.181953140355324
          ],
          [
            -37.74896149809043,
            -9.182614062932593
          ],
          [
            -37.752198880667294,
            -9.183274985509863
          ],
          [
            -37.75543626324416,
            -9.183935908087133
          ],
          [
            -37.75867364582102,
            -9.184596830664402
          ],
          [
            -37.76191102839788,
            -9.185257753241672
          ],
          [
            -37.765148410974746,
            -9.185918675818941
          ],
          [
            -37.76838579355161,
            -9.18657959839621
          ],
          [
            -37.77162317612847,
            -9.18724052097348
          ],
          [
            -37.774860558705335,
            -9.18790144355075
          ],
          [
            -37.7780979412822,
            -9.18856236612802
          ],
          [
            -37.78133532385906,
            -9.18922328870529
          ],
          [
            -37.784572706435924,
            -9.189884211282559
          ],
          [
            -37.78781008901279,
            -9.190545133859828
          ],
          [
            -37.79104747158965,
            -9.191206056437098
          ],
          [
            -37.79428485416651,
            -9.191866979014367
          ],
          [
            -37.797522236743376,
            -9.192527901591637
          ],
          [
            -37.80075961932024,
            -9.193188824168907
          ],
          [
            -37.8039970018971,
            -9.193849746746176
          ],
          [
            -37.807234384473965,
            -9.194510669323446
          ],
          [
            -37.81047176705083,
            -9.195171591900715
          ],
          [
            -37.81370914962769,
            -9.195832514477985
          ],
          [
            -37.816946532204554,
            -9.196493437055254
          ],
          [
            -37.82018391478142,
            -9.197154359632524
          ],
          [
            -37.82342129735828,
            -9.197815282209794
          ],
          [
            -37.82665867993514,
            -9.198476204787063
          ],
          [
            -37.829896062512006,
            -9.199137127364333
          ],
          [
            -37.83313344508887,
            -9.199798049941602
          ],
          [
            -37.83637082766573,
            -9.200458972518872
          ],
          [
            -37.839608210242595,
            -9.201119895096141
          ],
          [
            -37.84284559281946,
            -9.201780817673411
          ],
          [
            -37.84608297539632,
            -9.20244174025068
          ],
          [
            -37.849320357973184,
            -9.20310266282795
          ],
          [
            -37.85255774055005,
            -9.20376358540522
          ],
          [
            -37.85579512312691,
            -9.20442450798249
          ],
          [
            -37.85903250570377,
            -9.205085430559759
          ],
          [
            -37.862269888280636,
            -9.205746353137028
          ],
          [
            -37.8655072708575,
            -9.206407275714298
          ],
          [
            -37.86874465343436,
            -9.207068198291568
          ],
          [
            -37.871982036011225,
            -9.207729120868837
          ],
          [
            -37.87521941858809,
            -9.208390043446107
          ],
          [
            -37.87845680116495,
            -9.209050966023376
          ],
          [
            -37.881694183741814,
            -9.209711888600646
          ],
          [
            -37.88493156631868,
            -9.210372811177916
          ],
          [
            -37.88816894889554,
            -9.211033733755185
          ],
          [
            -37.8914063314724,
            -9.211694656332455
          ],
          [
            -37.894643714049266,
            -9.212355578909724
          ],
          [
            -37.89788109662613,
            -9.213016501486994
          ],
          [
            -37.90111847920299,
            -9.213677424064263
          ],
          [
            -37.904355861779855,
            -9.214338346641533
          ],
          [
            -37.90759324435672,
            -9.214999269218803
          ],
          [
            -37.91083062693358,
            -9.215660191796072
          ],
          [
            -37.914068009510444,
            -9.216321114373342
          ],
          [
            -37.91730539208731,
            -9.216982036950611
          ],
          [
            -37.92054277466417,
            -9.21764295952788
          ],
          [
            -37.92378015724103,
            -9.21830388210515
          ],
          [
            -37.927017539817896,
            -9.21896480468242
          ],
          [
            -37.93025492239476,
            -9.21962572725969
          ],
          [
            -37.93349230497162,
            -9.22028664983696
          ],
          [
            -37.936729687548485,
            -9.220947572414229
          ],
          [
            -37.93996707012535,
            -9.221608494991498
          ],
          [
            -37.94320445270221,
            -9.222269417568768
          ],
          [
            -37.946441835279074,
            -9.222930340146037
          ],
          [
            -37.94967921785594,
            -9.223591262723307
          ],
          [
            -37.9529166004328,
            -9.224252185300577
          ],
          [
            -37.95615398300966,
            -9.224913107877846
          ],
          [
            -37.95939136558653,
            -9.225574030455116
          ],
          [
            -37.96262874816339,
            -9.226234953032385
          ],
          [
            -37.96586613074025,
            -9.226895875609655
          ],
          [
            -37.969103513317116,
            -9.227556798186924
          ],
          [
            -37.97234089589398,
            -9.228217720764194
          ],
          [
            -37.97557827847084,
            -9.228878643341464
          ],
          [
            -37.978815661047705,
            -9.229539565918733
          ],
          [
            -37.98205304362457,
            -9.230200488496003
          ],
          [
            -37.98529042620143,
            -9.230861411073272
          ],
          [
            -37.988527808778294,
            -9.231522333650542
          ],
          [
            -37.99176519135516,
            -9.232183256227811
          ],
          [
            -37.99500257393202,
            -9.232844178805081
          ],
          [
            -37.99823995650888,
            -9.23350510138235
          ],
          [
            -38.001477339085746,
            -9.23416602395962
          ],
          [
            -38.00471472166261,
            -9.23482694653689
          ],
          [
            -38.00795210423947,
            -9.23548786911416
          ],
          [
            -38.011189486816335,
            -9.236148791691429
          ],
          [
            -38.0144268693932,
            -9.236809714268698
          ],
          [
            -38.01766425197006,
            -9.237470636845968
          ],
          [
            -38.020901634546924,
            -9.238131559423238
          ],
          [
            -38.02413901712379,
            -9.238792482000507
          ],
          [
            -38.02737639970065,
            -9.239453404577777
          ],
          [
            -38.03061378227751,
            -9.240114327155046
          ],
          [
            -38.033851164854376,
            -9.240775249732316
          ],
          [
            -38.03708854743124,
            -9.241436172309585
          ],
          [
            -38.0403259300081,
            -9.242097094886855
          ],
          [
            -38.043563312584965,
            -9.242758017464125
          ],
          [
            -38.04680069516183,
            -9.243418940041394
          ],
          [
            -38.05003807773869,
            -9.244079862618664
          ],
          [
            -38.053275460315554,
            -9.244740785195933
          ],
          [
            -38.05651284289242,
            -9.245401707773203
          ],
          [
            -38.05975022546928,
            -9.246062630350472
          ],
          [
            -38.06298760804614,
            -9.246723552927742
          ],
          [
            -38.066224990623006,
            -9.247384475505012
          ],
          [
            -38.06946237319987,
            -9.248045398082281
          ],
          [
            -38.07269975577673,
            -9.24870632065955
          ],
          [
            -38.075937138353595,
            -9.24936724323682
          ],
          [
            -38.07917452093046,
            -9.25002816581409
          ],
          [
            -38.08241190350732,
            -9.25068908839136
          ],
          [
            -38.085649286084184,
            -9.251350010968629
          ],
          [
            -38.08888666866105,
            -9.252010933545899
          ],
          [
            -38.09212405123791,
            -9.252671856123168
          ],
          [
            -38.09536143381477,
            -9.253332778700438
          ],
          [
            -38.098598816391636,
            -9.253993701277707
          ],
          [
            -38.1018361989685,
            -9.254654623854977
          ],
          [
            -38.10507358154536,
            -9.255315546432247
          ],
          [
            -38.108310964122225,
            -9.255976469009516
          ],
          [
            -38.11154834669909,
            -9.256637391586786
          ],
          [
            -38.11478572927595,
            -9.257298314164055
          ],
          [
            -38.118023111852814,
            -9.257959236741325
          ],
          [
            -38.12126049442968,
            -9.258620159318594
          ],
          [
            -38.12449787700654,
            -9.259281081895864
          ],
          [
            -38.1277352595834,
            -9.259942004473134
          ],
          [
            -38.130972642160266,
            -9.260602927050403
          ],
          [
            -38.13421002473713,
            -9.261263849627673
          ],
          [
            -38.13744740731399,
            -9.261924772204942
          ],
          [
            -38.140684789890855,
            -9.262585694782212
          ],
          [
            -38.14392217246772,
            -9.263246617359481
          ],
          [
            -38.14715955504458,
            -9.263907539936751
          ],
          [
            -38.150396937621444,
            -9.26456846251402
          ],
          [
            -38.15363432019831,
            -9.26522938509129
          ],
          [
            -38.15687170277517,
            -9.26589030766856
          ],
          [
            -38.16010908535203,
            -9.26655123024583
          ],
          [
            -38.163346467928896,
            -9.267212152823099
          ],
          [
            -38.16658385050576,
            -9.267873075400368
          ],
          [
            -38.16982123308262,
            -9.268533997977638
          ],
          [
            -38.173058615659485,
            -9.269194920554908
          ],
          [
            -38.17629599823635,
            -9.269855843132177
          ],
          [
            -38.17953338081321,
            -9.270516765709447
          ],
          [
            -38.182770763390074,
            -9.271177688286716
          ],
          [
            -38.18600814596694,
            -9.271838610863986
          ],
          [
            -38.1892455285438,
            -9.272499533441255
          ],
          [
            -38.19248291112066,
            -9.273160456018525
          ],
          [
            -38.195720293697526,
            -9.273821378595795
          ],
          [
            -38.19895767627439,
            -9.274482301173064
          ],
          [
            -38.20219505885125,
            -9.275143223750334
          ],
          [
            -38.205432441428115,
            -9.275804146327603
          ],
          [
            -38.20866982400498,
            -9.276465068904873
          ],
          [
            -38.21190720658184,
            -9.277125991482142
          ],
          [
            -38.215144589158704,
            -9.277786914059412
          ],
          [
            -38.21838197173557,
            -9.278447836636682
          ],
          [
            -38.22161935431243,
            -9.279108759213951
          ],
          [
            -38.22485673688929,
            -9.27976968179122
          ],
          [
            -38.22809411946616,
            -9.28043060436849
          ],
          [
            -38.23133150204302,
            -9.28109152694576
          ],
          [
            -38.23456888461988,
            -9.28175244952303
          ],
          [
            -38.237806267196746,
            -9.282413372100299
          ],
          [
            -38.24104364977361,
            -9.283074294677569
          ],
          [
            -38.24428103235047,
            -9.283735217254838
          ],
          [
            -38.247518414927335,
            -9.284396139832108
          ],
          [
            -38.2507557975042,
            -9.285057062409377
          ],
          [
            -38.25399318008106,
            -9.285717984986647
          ],
          [
            -38.257230562657924,
            -9.286378907563916
          ],
          [
            -38.26046794523479,
            -9.287039830141186
          ],
          [
            -38.26370532781165,
            -9.287700752718456
          ],
          [
            -38.26694271038851,
            -9.288361675295725
          ],
          [
            -38.270180092965376,
            -9.289022597872995
          ],
          [
            -38.27341747554224,
            -9.289683520450264
          ],
          [
            -38.2766548581191,
            -9.290344443027534
          ],
          [
            -38.279892240695965,
            -9.291005365604804
          ],
          [
            -38.28312962327283,
            -9.291666288182073
          ],
          [
            -38.28636700584969,
            -9.292327210759343
          ],
          [
            -38.289604388426554,
            -9.292988133336612
          ],
          [
            -38.29284177100342,
            -9.293649055913882
          ],
          [
            -38.29607915358028,
            -9.294309978491151
          ],
          [
            -38.29931653615714,
            -9.294970901068421
          ],
          [
            -38.302553918734006,
            -9.29563182364569
          ],
          [
            -38.30579130131087,
            -9.29629274622296
          ],
          [
            -38.30902868388773,
            -9.29695366880023
          ],
          [
            -38.312266066464595,
            -9.2976145913775
          ],
          [
            -38.31550344904146,
            -9.298275513954769
          ],
          [
            -38.31874083161832,
            -9.298936436532038
          ],
          [
            -38.321978214195184,
            -9.299597359109308
          ],
          [
            -38.32521559677205,
            -9.300258281686578
          ],
          [
            -38.32845297934891,
            -9.300919204263847
          ],
          [
            -38.33169036192577,
            -9.301580126841117
          ],
          [
            -38.334927744502636,
            -9.302241049418386
          ],
          [
            -38.3381651270795,
            -9.302901971995656
          ],
          [
            -38.34140250965636,
            -9.303562894572925
          ],
          [
            -38.344639892233225,
            -9.304223817150195
          ],
          [
            -38.34787727481009,
            -9.304884739727465
          ],
          [
            -38.35111465738695,
            -9.305545662304734
          ],
          [
            -38.354352039963814,
            -9.306206584882004
          ],
          [
            -38.35758942254068,
            -9.306867507459273
          ],
          [
            -38.36082680511754,
            -9.307528430036543
          ],
          [
            -38.3640641876944,
            -9.308189352613812
          ],
          [
            -38.367301570271266,
            -9.308850275191082
          ],
          [
            -38.37053895284813,
            -9.309511197768352
          ],
          [
            -38.37377633542499,
            -9.310172120345621
          ],
          [
            -38.377013718001855,
            -9.31083304292289
          ],
          [
            -38.38025110057872,
            -9.31149396550016
          ],
          [
            -38.38348848315558,
            -9.31215488807743
          ],
          [
            -38.386725865732444,
            -9.3128158106547
          ],
          [
            -38.38996324830931,
            -9.313476733231969
          ],
          [
            -38.39320063088617,
            -9.314137655809239
          ],
          [
            -38.39643801346303,
            -9.314798578386508
          ],
          [
            -38.399675396039896,
            -9.315459500963778
          ],
          [
            -38.40291277861676,
            -9.316120423541047
          ],
          [
            -38.40615016119362,
            -9.316781346118317
          ],
          [
            -38.409387543770485,
            -9.317442268695586
          ],
          [
            -38.41262492634735,
            -9.318103191272856
          ],
          [
            -38.41586230892421,
            -9.318764113850126
          ],
          [
            -38.419099691501074,
            -9.319425036427395
          ],
          [
            -38.42233707407794,
            -9.320085959004665
          ],
          [
            -38.4255744566548,
            -9.320746881581934
          ],
          [
            -38.42881183923166,
            -9.321407804159204
          ],
          [
            -38.432049221808526,
            -9.322068726736473
          ],
          [
            -38.43528660438539,
            -9.322729649313743
          ],
          [
            -38.43852398696225,
            -9.323390571891013
          ],
          [
            -38.441761369539115,
            -9.324051494468282
          ],
          [
            -38.44499875211598,
            -9.324712417045552
          ],
          [
            -38.44823613469284,
            -9.325373339622821
          ],
          [
            -38.451473517269704,
            -9.326034262200091
          ],
          [
            -38.45471089984657,
            -9.32669518477736
          ],
          [
            -38.45794828242343,
            -9.32735610735463
          ],
          [
            -38.46118566500029,
            -9.3280170299319
          ],
          [
            -38.46442304757716,
            -9.32867795250917
          ],
          [
            -38.46766043015402,
            -9.329338875086439
          ],
          [
            -38.47089781273088,
            -9.329999797663708
          ],
          [
            -38.474135195307746,
            -9.330660720240978
          ],
          [
            -38.47737257788461,
            -9.331321642818247
          ],
          [
            -38.48060996046147,
            -9.331982565395517
          ],
          [
            -38.483847343038335,
            -9.332643487972787
          ],
          [
            -38.4870847256152,
            -9.333304410550056
          ],
          [
            -38.49032210819206,
            -9.333965333127326
          ],
          [
            -38.493559490768924,
            -9.334626255704595
          ],
          [
            -38.49679687334579,
            -9.335287178281865
          ],
          [
            -38.50003425592265,
            -9.335948100859135
          ],
          [
            -38.50327163849951,
            -9.336609023436404
          ],
          [
            -38.506509021076376,
            -9.337269946013674
          ],
          [
            -38.50974640365324,
            -9.337930868590943
          ],
          [
            -38.5129837862301,
            -9.338591791168213
          ],
          [
            -38.516221168806965,
            -9.339252713745482
          ],
          [
            -38.51945855138383,
            -9.339913636322752
          ],
          [
            -38.52269593396069,
            -9.340574558900022
          ],
          [
            -38.525933316537554,
            -9.341235481477291
          ],
          [
            -38.52917069911442,
            -9.34189640405456
          ],
          [
            -38.53240808169128,
            -9.34255732663183
          ],
          [
            -38.53564546426814,
            -9.3432182492091
          ],
          [
            -38.538882846845006,
            -9.34387917178637
          ],
          [
            -38.54212022942187,
            -9.344540094363639
          ],
          [
            -38.54535761199873,
            -9.345201016940909
          ],
          [
            -38.548594994575595,
            -9.345861939518178
          ],
          [
            -38.55183237715246,
            -9.346522862095448
          ],
          [
            -38.55506975972932,
            -9.347183784672717
          ],
          [
            -38.558307142306184,
            -9.347844707249987
          ],
          [
            -38.56154452488305,
            -9.348505629827256
          ],
          [
            -38.56478190745991,
            -9.349166552404526
          ],
          [
            -38.56801929003677,
            -9.349827474981796
          ],
          [
            -38.571256672613636,
            -9.350488397559065
          ],
          [
            -38.5744940551905,
            -9.351149320136335
          ],
          [
            -38.57773143776736,
            -9.351810242713604
          ],
          [
            -38.580968820344225,
            -9.352471165290874
          ],
          [
            -38.58420620292109,
            -9.353132087868143
          ],
          [
            -38.58744358549795,
            -9.353793010445413
          ],
          [
            -38.590680968074814,
            -9.354453933022683
          ],
          [
            -38.59391835065168,
            -9.355114855599952
          ],
          [
            -38.59715573322854,
            -9.355775778177222
          ],
          [
            -38.6003931158054,
            -9.356436700754491
          ],
          [
            -38.603630498382266,
            -9.35709762333176
          ],
          [
            -38.60686788095913,
            -9.35775854590903
          ],
          [
            -38.61010526353599,
            -9.3584194684863
          ],
          [
            -38.613342646112855,
            -9.35908039106357
          ],
          [
            -38.61658002868972,
            -9.35974131364084
          ],
          [
            -38.61981741126658,
            -9.360402236218109
          ],
          [
            -38.623054793843444,
            -9.361063158795378
          ],
          [
            -38.62629217642031,
            -9.361724081372648
          ],
          [
            -38.62952955899717,
            -9.362385003949917
          ],
          [
            -38.63276694157403,
            -9.363045926527187
          ],
          [
            -38.636004324150896,
            -9.363706849104457
          ],
          [
            -38.63924170672776,
            -9.364367771681726
          ],
          [
            -38.64247908930462,
            -9.365028694258996
          ],
          [
            -38.645716471881485,
            -9.365689616836265
          ],
          [
            -38.64895385445835,
            -9.366350539413535
          ],
          [
            -38.65219123703521,
            -9.367011461990804
          ],
          [
            -38.655428619612074,
            -9.367672384568074
          ],
          [
            -38.65866600218894,
            -9.368333307145344
          ],
          [
            -38.6619033847658,
            -9.368994229722613
          ],
          [
            -38.66514076734266,
            -9.369655152299883
          ],
          [
            -38.668378149919526,
            -9.370316074877152
          ],
          [
            -38.67161553249639,
            -9.370976997454422
          ],
          [
            -38.67485291507325,
            -9.371637920031691
          ],
          [
            -38.678090297650115,
            -9.372298842608961
          ],
          [
            -38.68132768022698,
            -9.37295976518623
          ],
          [
            -38.68456506280384,
            -9.3736206877635
          ],
          [
            -38.687802445380704,
            -9.37428161034077
          ],
          [
            -38.69103982795757,
            -9.37494253291804
          ],
          [
            -38.69427721053443,
            -9.375603455495309
          ],
          [
            -38.69751459311129,
            -9.376264378072579
          ],
          [
            -38.700751975688156,
            -9.376925300649848
          ],
          [
            -38.70398935826502,
            -9.377586223227118
          ],
          [
            -38.70722674084188,
            -9.378247145804387
          ],
          [
            -38.710464123418745,
            -9.378908068381657
          ],
          [
            -38.71370150599561,
            -9.379568990958926
          ],
          [
            -38.71693888857247,
            -9.380229913536196
          ],
          [
            -38.720176271149334,
            -9.380890836113466
          ],
          [
            -38.7234136537262,
            -9.381551758690735
          ],
          [
            -38.72665103630306,
            -9.382212681268005
          ],
          [
            -38.72988841887992,
            -9.382873603845274
          ],
          [
            -38.73312580145679,
            -9.383534526422544
          ],
          [
            -38.73636318403365,
            -9.384195448999813
          ],
          [
            -38.73960056661051,
            -9.384856371577083
          ],
          [
            -38.742837949187376,
            -9.385517294154353
          ],
          [
            -38.74607533176424,
            -9.386178216731622
          ],
          [
            -38.7493127143411,
            -9.386839139308892
          ],
          [
            -38.752550096917965,
            -9.387500061886161
          ],
          [
            -38.75578747949483,
            -9.38816098446343
          ],
          [
            -38.75902486207169,
            -9.3888219070407
          ],
          [
            -38.762262244648554,
            -9.38948282961797
          ],
          [
            -38.76549962722542,
            -9.39014375219524
          ],
          [
            -38.76873700980228,
            -9.39080467477251
          ],
          [
            -38.77197439237914,
            -9.391465597349779
          ],
          [
            -38.775211774956006,
            -9.392126519927048
          ],
          [
            -38.77844915753287,
            -9.392787442504318
          ],
          [
            -38.78168654010973,
            -9.393448365081587
          ],
          [
            -38.784923922686595,
            -9.394109287658857
          ],
          [
            -38.78816130526346,
            -9.394770210236127
          ],
          [
            -38.79139868784032,
            -9.395431132813396
          ],
          [
            -38.794636070417184,
            -9.396092055390666
          ],
          [
            -38.79787345299405,
            -9.396752977967935
          ],
          [
            -38.80111083557091,
            -9.397413900545205
          ],
          [
            -38.80434821814777,
            -9.398074823122474
          ],
          [
            -38.807585600724636,
            -9.398735745699744
          ],
          [
            -38.8108229833015,
            -9.399396668277014
          ],
          [
            -38.81406036587836,
            -9.400057590854283
          ],
          [
            -38.817297748455225,
            -9.400718513431553
          ],
          [
            -38.82053513103209,
            -9.401379436008822
          ],
          [
            -38.82377251360895,
            -9.402040358586092
          ],
          [
            -38.827009896185814,
            -9.402701281163361
          ],
          [
            -38.83024727876268,
            -9.403362203740631
          ],
          [
            -38.83348466133954,
            -9.4040231263179
          ],
          [
            -38.8367220439164,
            -9.40468404889517
          ],
          [
            -38.839959426493266,
            -9.40534497147244
          ],
          [
            -38.84319680907013,
            -9.40600589404971
          ],
          [
            -38.84643419164699,
            -9.406666816626979
          ],
          [
            -38.849671574223855,
            -9.407327739204248
          ],
          [
            -38.85290895680072,
            -9.407988661781518
          ],
          [
            -38.85614633937758,
            -9.408649584358788
          ],
          [
            -38.859383721954444,
            -9.409310506936057
          ],
          [
            -38.86262110453131,
            -9.409971429513327
          ],
          [
            -38.86585848710817,
            -9.410632352090596
          ],
          [
            -38.86909586968503,
            -9.411293274667866
          ],
          [
            -38.872333252261896,
            -9.411954197245135
          ],
          [
            -38.87557063483876,
            -9.412615119822405
          ],
          [
            -38.87880801741562,
            -9.413276042399675
          ],
          [
            -38.882045399992485,
            -9.413936964976944
          ],
          [
            -38.88528278256935,
            -9.414597887554214
          ],
          [
            -38.88852016514621,
            -9.415258810131483
          ],
          [
            -38.891757547723074,
            -9.415919732708753
          ],
          [
            -38.89499493029994,
            -9.416580655286023
          ],
          [
            -38.8982323128768,
            -9.417241577863292
          ],
          [
            -38.90146969545366,
            -9.417902500440562
          ],
          [
            -38.904707078030526,
            -9.418563423017831
          ],
          [
            -38.90794446060739,
            -9.4192243455951
          ],
          [
            -38.91118184318425,
            -9.41988526817237
          ],
          [
            -38.914419225761115,
            -9.42054619074964
          ],
          [
            -38.91765660833798,
            -9.42120711332691
          ],
          [
            -38.92089399091484,
            -9.421868035904179
          ],
          [
            -38.924131373491704,
            -9.422528958481449
          ],
          [
            -38.92736875606857,
            -9.423189881058718
          ],
          [
            -38.93060613864543,
            -9.423850803635988
          ],
          [
            -38.93384352122229,
            -9.424511726213257
          ],
          [
            -38.937080903799156,
            -9.425172648790527
          ],
          [
            -38.94031828637602,
            -9.425833571367797
          ],
          [
            -38.94355566895288,
            -9.426494493945066
          ],
          [
            -38.946793051529745,
            -9.427155416522336
          ],
          [
            -38.95003043410661,
            -9.427816339099605
          ],
          [
            -38.95326781668347,
            -9.428477261676875
          ],
          [
            -38.956505199260334,
            -9.429138184254144
          ],
          [
            -38.9597425818372,
            -9.429799106831414
          ],
          [
            -38.96297996441406,
            -9.430460029408684
          ],
          [
            -38.96621734699092,
            -9.431120951985953
          ],
          [
            -38.969454729567786,
            -9.431781874563223
          ],
          [
            -38.97269211214465,
            -9.432442797140492
          ],
          [
            -38.97592949472151,
            -9.433103719717762
          ],
          [
            -38.979166877298375,
            -9.433764642295031
          ],
          [
            -38.98240425987524,
            -9.434425564872301
          ],
          [
            -38.9856416424521,
            -9.43508648744957
          ],
          [
            -38.988879025028965,
            -9.43574741002684
          ],
          [
            -38.99211640760583,
            -9.43640833260411
          ],
          [
            -38.99535379018269,
            -9.43706925518138
          ],
          [
            -38.998591172759554,
            -9.437730177758649
          ],
          [
            -39.00182855533642,
            -9.438391100335918
          ],
          [
            -39.00506593791328,
            -9.439052022913188
          ],
          [
            -39.00830332049014,
            -9.439712945490458
          ],
          [
            -39.011540703067006,
            -9.440373868067727
          ],
          [
            -39.01477808564387,
            -9.441034790644997
          ],
          [
            -39.01801546822073,
            -9.441695713222266
          ],
          [
            -39.021252850797595,
            -9.442356635799536
          ],
          [
            -39.02449023337446,
            -9.443017558376805
          ],
          [
            -39.02772761595132,
            -9.443678480954075
          ],
          [
            -39.030964998528184,
            -9.444339403531345
          ],
          [
            -39.03420238110505,
            -9.445000326108614
          ],
          [
            -39.03743976368191,
            -9.445661248685884
          ],
          [
            -39.04067714625877,
            -9.446322171263153
          ],
          [
            -39.043914528835636,
            -9.446983093840423
          ],
          [
            -39.0471519114125,
            -9.447644016417692
          ],
          [
            -39.05038929398936,
            -9.448304938994962
          ],
          [
            -39.053626676566225,
            -9.448965861572232
          ],
          [
            -39.05686405914309,
            -9.449626784149501
          ],
          [
            -39.06010144171995,
            -9.45028770672677
          ],
          [
            -39.063338824296814,
            -9.45094862930404
          ],
          [
            -39.06657620687368,
            -9.45160955188131
          ],
          [
            -39.06981358945054,
            -9.45227047445858
          ],
          [
            -39.0730509720274,
            -9.452931397035849
          ],
          [
            -39.076288354604266,
            -9.453592319613119
          ],
          [
            -39.07952573718113,
            -9.454253242190388
          ],
          [
            -39.08276311975799,
            -9.454914164767658
          ],
          [
            -39.086000502334855,
            -9.455575087344927
          ],
          [
            -39.08923788491172,
            -9.456236009922197
          ],
          [
            -39.09247526748858,
            -9.456896932499467
          ],
          [
            -39.095712650065444,
            -9.457557855076736
          ],
          [
            -39.09895003264231,
            -9.458218777654006
          ],
          [
            -39.10218741521917,
            -9.458879700231275
          ],
          [
            -39.10542479779603,
            -9.459540622808545
          ],
          [
            -39.108662180372896,
            -9.460201545385814
          ],
          [
            -39.11189956294976,
            -9.460862467963084
          ],
          [
            -39.11513694552662,
            -9.461523390540354
          ],
          [
            -39.118374328103485,
            -9.462184313117623
          ],
          [
            -39.12161171068035,
            -9.462845235694893
          ],
          [
            -39.12484909325721,
            -9.463506158272162
          ],
          [
            -39.128086475834074,
            -9.464167080849432
          ],
          [
            -39.13132385841094,
            -9.464828003426701
          ],
          [
            -39.1345612409878,
            -9.465488926003971
          ],
          [
            -39.13779862356466,
            -9.46614984858124
          ],
          [
            -39.141036006141526,
            -9.46681077115851
          ],
          [
            -39.14427338871839,
            -9.46747169373578
          ],
          [
            -39.14751077129525,
            -9.46813261631305
          ],
          [
            -39.150748153872115,
            -9.468793538890319
          ],
          [
            -39.15398553644898,
            -9.469454461467588
          ],
          [
            -39.15722291902584,
            -9.470115384044858
          ],
          [
            -39.160460301602704,
            -9.470776306622128
          ],
          [
            -39.16369768417957,
            -9.471437229199397
          ],
          [
            -39.16693506675643,
            -9.472098151776667
          ],
          [
            -39.17017244933329,
            -9.472759074353936
          ],
          [
            -39.173409831910156,
            -9.473419996931206
          ],
          [
            -39.17664721448702,
            -9.474080919508475
          ],
          [
            -39.17988459706388,
            -9.474741842085745
          ],
          [
            -39.183121979640745,
            -9.475402764663015
          ],
          [
            -39.18635936221761,
            -9.476063687240284
          ],
          [
            -39.18959674479447,
            -9.476724609817554
          ],
          [
            -39.192834127371334,
            -9.477385532394823
          ],
          [
            -39.1960715099482,
            -9.478046454972093
          ],
          [
            -39.19930889252506,
            -9.478707377549362
          ],
          [
            -39.20254627510192,
            -9.479368300126632
          ],
          [
            -39.205783657678786,
            -9.480029222703902
          ],
          [
            -39.20902104025565,
            -9.480690145281171
          ],
          [
            -39.21225842283251,
            -9.48135106785844
          ],
          [
            -39.215495805409375,
            -9.48201199043571
          ],
          [
            -39.21873318798624,
            -9.48267291301298
          ],
          [
            -39.2219705705631,
            -9.48333383559025
          ],
          [
            -39.225207953139964,
            -9.483994758167519
          ],
          [
            -39.22844533571683,
            -9.484655680744789
          ],
          [
            -39.23168271829369,
            -9.485316603322058
          ],
          [
            -39.23492010087055,
            -9.485977525899328
          ],
          [
            -39.23815748344742,
            -9.486638448476597
          ],
          [
            -39.24139486602428,
            -9.487299371053867
          ],
          [
            -39.24463224860114,
            -9.487960293631136
          ],
          [
            -39.247869631178006,
            -9.488621216208406
          ],
          [
            -39.25110701375487,
            -9.489282138785676
          ],
          [
            -39.25434439633173,
            -9.489943061362945
          ],
          [
            -39.257581778908595,
            -9.490603983940215
          ],
          [
            -39.26081916148546,
            -9.491264906517484
          ],
          [
            -39.26405654406232,
            -9.491925829094754
          ],
          [
            -39.267293926639184,
            -9.492586751672023
          ],
          [
            -39.27053130921605,
            -9.493247674249293
          ],
          [
            -39.27376869179291,
            -9.493908596826563
          ],
          [
            -39.27700607436977,
            -9.494569519403832
          ],
          [
            -39.280243456946636,
            -9.495230441981102
          ],
          [
            -39.2834808395235,
            -9.495891364558371
          ],
          [
            -39.28671822210036,
            -9.496552287135641
          ],
          [
            -39.289955604677225,
            -9.49721320971291
          ],
          [
            -39.29319298725409,
            -9.49787413229018
          ],
          [
            -39.29643036983095,
            -9.49853505486745
          ],
          [
            -39.299667752407814,
            -9.49919597744472
          ],
          [
            -39.30290513498468,
            -9.499856900021989
          ],
          [
            -39.30614251756154,
            -9.500517822599258
          ],
          [
            -39.3093799001384,
            -9.501178745176528
          ],
          [
            -39.312617282715266,
            -9.501839667753798
          ],
          [
            -39.31585466529213,
            -9.502500590331067
          ],
          [
            -39.31909204786899,
            -9.503161512908337
          ],
          [
            -39.322329430445855,
            -9.503822435485606
          ],
          [
            -39.32556681302272,
            -9.504483358062876
          ],
          [
            -39.32880419559958,
            -9.505144280640145
          ],
          [
            -39.332041578176444,
            -9.505805203217415
          ],
          [
            -39.33527896075331,
            -9.506466125794685
          ],
          [
            -39.33851634333017,
            -9.507127048371954
          ],
          [
            -39.34175372590703,
            -9.507787970949224
          ],
          [
            -39.344991108483896,
            -9.508448893526493
          ],
          [
            -39.34822849106076,
            -9.509109816103763
          ],
          [
            -39.35146587363762,
            -9.509770738681032
          ],
          [
            -39.354703256214485,
            -9.510431661258302
          ],
          [
            -39.35794063879135,
            -9.511092583835572
          ],
          [
            -39.36117802136821,
            -9.511753506412841
          ],
          [
            -39.364415403945074,
            -9.51241442899011
          ],
          [
            -39.36765278652194,
            -9.51307535156738
          ],
          [
            -39.3708901690988,
            -9.51373627414465
          ],
          [
            -39.37412755167566,
            -9.51439719672192
          ],
          [
            -39.377364934252526,
            -9.515058119299189
          ],
          [
            -39.38060231682939,
            -9.515719041876459
          ],
          [
            -39.38383969940625,
            -9.516379964453728
          ],
          [
            -39.387077081983115,
            -9.517040887030998
          ],
          [
            -39.39031446455998,
            -9.517701809608267
          ],
          [
            -39.39355184713684,
            -9.518362732185537
          ],
          [
            -39.396789229713704,
            -9.519023654762806
          ],
          [
            -39.40002661229057,
            -9.519684577340076
          ],
          [
            -39.40326399486743,
            -9.520345499917346
          ],
          [
            -39.40650137744429,
            -9.521006422494615
          ],
          [
            -39.409738760021156,
            -9.521667345071885
          ],
          [
            -39.41297614259802,
            -9.522328267649154
          ],
          [
            -39.41621352517488,
            -9.522989190226424
          ],
          [
            -39.419450907751745,
            -9.523650112803693
          ],
          [
            -39.42268829032861,
            -9.524311035380963
          ],
          [
            -39.42592567290547,
            -9.524971957958233
          ],
          [
            -39.429163055482334,
            -9.525632880535502
          ],
          [
            -39.4324004380592,
            -9.526293803112772
          ],
          [
            -39.43563782063606,
            -9.526954725690041
          ],
          [
            -39.43887520321292,
            -9.527615648267311
          ],
          [
            -39.442112585789786,
            -9.52827657084458
          ],
          [
            -39.44534996836665,
            -9.52893749342185
          ],
          [
            -39.44858735094351,
            -9.52959841599912
          ],
          [
            -39.451824733520375,
            -9.53025933857639
          ],
          [
            -39.45506211609724,
            -9.530920261153659
          ],
          [
            -39.4582994986741,
            -9.531581183730928
          ],
          [
            -39.461536881250964,
            -9.532242106308198
          ],
          [
            -39.46477426382783,
            -9.532903028885467
          ],
          [
            -39.46801164640469,
            -9.533563951462737
          ],
          [
            -39.47124902898155,
            -9.534224874040007
          ],
          [
            -39.474486411558416,
            -9.534885796617276
          ],
          [
            -39.47772379413528,
            -9.535546719194546
          ],
          [
            -39.48096117671214,
            -9.536207641771815
          ],
          [
            -39.484198559289005,
            -9.536868564349085
          ],
          [
            -39.48743594186587,
            -9.537529486926354
          ],
          [
            -39.49067332444273,
            -9.538190409503624
          ],
          [
            -39.493910707019594,
            -9.538851332080894
          ],
          [
            -39.49714808959646,
            -9.539512254658163
          ],
          [
            -39.50038547217332,
            -9.540173177235433
          ],
          [
            -39.50362285475018,
            -9.540834099812702
          ],
          [
            -39.50686023732705,
            -9.541495022389972
          ],
          [
            -39.51009761990391,
            -9.542155944967242
          ],
          [
            -39.51333500248077,
            -9.542816867544511
          ],
          [
            -39.516572385057636,
            -9.54347779012178
          ],
          [
            -39.5198097676345,
            -9.54413871269905
          ],
          [
            -39.52304715021136,
            -9.54479963527632
          ],
          [
            -39.526284532788225,
            -9.54546055785359
          ],
          [
            -39.52952191536509,
            -9.546121480430859
          ],
          [
            -39.53275929794195,
            -9.546782403008129
          ],
          [
            -39.535996680518814,
            -9.547443325585398
          ],
          [
            -39.53923406309568,
            -9.548104248162668
          ],
          [
            -39.54247144567254,
            -9.548765170739937
          ],
          [
            -39.5457088282494,
            -9.549426093317207
          ],
          [
            -39.548946210826266,
            -9.550087015894476
          ],
          [
            -39.55218359340313,
            -9.550747938471746
          ],
          [
            -39.55542097597999,
            -9.551408861049016
          ],
          [
            -39.558658358556855,
            -9.552069783626285
          ],
          [
            -39.56189574113372,
            -9.552730706203555
          ],
          [
            -39.56513312371058,
            -9.553391628780824
          ],
          [
            -39.568370506287444,
            -9.554052551358094
          ],
          [
            -39.57160788886431,
            -9.554713473935363
          ],
          [
            -39.57484527144117,
            -9.555374396512633
          ],
          [
            -39.57808265401803,
            -9.556035319089903
          ],
          [
            -39.581320036594896,
            -9.556696241667172
          ],
          [
            -39.58455741917176,
            -9.557357164244442
          ],
          [
            -39.58779480174862,
            -9.558018086821711
          ],
          [
            -39.591032184325485,
            -9.55867900939898
          ],
          [
            -39.59426956690235,
            -9.55933993197625
          ],
          [
            -39.59750694947921,
            -9.56000085455352
          ],
          [
            -39.600744332056074,
            -9.56066177713079
          ],
          [
            -39.60398171463294,
            -9.56132269970806
          ],
          [
            -39.6072190972098,
            -9.561983622285329
          ],
          [
            -39.61045647978666,
            -9.562644544862598
          ],
          [
            -39.613693862363526,
            -9.563305467439868
          ],
          [
            -39.61693124494039,
            -9.563966390017137
          ],
          [
            -39.62016862751725,
            -9.564627312594407
          ],
          [
            -39.623406010094115,
            -9.565288235171677
          ],
          [
            -39.62664339267098,
            -9.565949157748946
          ],
          [
            -39.62988077524784,
            -9.566610080326216
          ],
          [
            -39.633118157824704,
            -9.567271002903485
          ],
          [
            -39.63635554040157,
            -9.567931925480755
          ],
          [
            -39.63959292297843,
            -9.568592848058024
          ],
          [
            -39.64283030555529,
            -9.569253770635294
          ],
          [
            -39.646067688132156,
            -9.569914693212564
          ],
          [
            -39.64930507070902,
            -9.570575615789833
          ],
          [
            -39.65254245328588,
            -9.571236538367103
          ],
          [
            -39.655779835862745,
            -9.571897460944372
          ],
          [
            -39.65901721843961,
            -9.572558383521642
          ],
          [
            -39.66225460101647,
            -9.573219306098911
          ],
          [
            -39.665491983593334,
            -9.573880228676181
          ],
          [
            -39.6687293661702,
            -9.57454115125345
          ],
          [
            -39.67196674874706,
            -9.57520207383072
          ],
          [
            -39.67520413132392,
            -9.57586299640799
          ],
          [
            -39.678441513900786,
            -9.57652391898526
          ],
          [
            -39.68167889647765,
            -9.577184841562529
          ],
          [
            -39.68491627905451,
            -9.577845764139798
          ],
          [
            -39.688153661631375,
            -9.578506686717068
          ],
          [
            -39.69139104420824,
            -9.579167609294338
          ],
          [
            -39.6946284267851,
            -9.579828531871607
          ],
          [
            -39.697865809361964,
            -9.580489454448877
          ],
          [
            -39.70110319193883,
            -9.581150377026146
          ],
          [
            -39.70434057451569,
            -9.581811299603416
          ],
          [
            -39.70757795709255,
            -9.582472222180686
          ],
          [
            -39.710815339669416,
            -9.583133144757955
          ],
          [
            -39.71405272224628,
            -9.583794067335225
          ],
          [
            -39.71729010482314,
            -9.584454989912494
          ],
          [
            -39.720527487400005,
            -9.585115912489764
          ],
          [
            -39.72376486997687,
            -9.585776835067033
          ],
          [
            -39.72700225255373,
            -9.586437757644303
          ],
          [
            -39.730239635130594,
            -9.587098680221573
          ],
          [
            -39.73347701770746,
            -9.587759602798842
          ],
          [
            -39.73671440028432,
            -9.588420525376112
          ],
          [
            -39.73995178286118,
            -9.589081447953381
          ],
          [
            -39.74318916543805,
            -9.58974237053065
          ],
          [
            -39.74642654801491,
            -9.59040329310792
          ],
          [
            -39.74966393059177,
            -9.59106421568519
          ],
          [
            -39.752901313168636,
            -9.59172513826246
          ],
          [
            -39.7561386957455,
            -9.592386060839729
          ],
          [
            -39.75937607832236,
            -9.593046983416999
          ],
          [
            -39.762613460899225,
            -9.593707905994268
          ],
          [
            -39.76585084347609,
            -9.594368828571538
          ],
          [
            -39.76908822605295,
            -9.595029751148807
          ],
          [
            -39.772325608629814,
            -9.595690673726077
          ],
          [
            -39.77556299120668,
            -9.596351596303347
          ],
          [
            -39.77880037378354,
            -9.597012518880616
          ],
          [
            -39.7820377563604,
            -9.597673441457886
          ],
          [
            -39.785275138937266,
            -9.598334364035155
          ],
          [
            -39.78851252151413,
            -9.598995286612425
          ],
          [
            -39.79174990409099,
            -9.599656209189694
          ],
          [
            -39.794987286667855,
            -9.600317131766964
          ],
          [
            -39.79822466924472,
            -9.600978054344234
          ],
          [
            -39.80146205182158,
            -9.601638976921503
          ],
          [
            -39.804699434398444,
            -9.602299899498773
          ],
          [
            -39.80793681697531,
            -9.602960822076042
          ],
          [
            -39.81117419955217,
            -9.603621744653312
          ],
          [
            -39.81441158212903,
            -9.604282667230581
          ],
          [
            -39.817648964705896,
            -9.604943589807851
          ],
          [
            -39.82088634728276,
            -9.60560451238512
          ],
          [
            -39.82412372985962,
            -9.60626543496239
          ],
          [
            -39.827361112436485,
            -9.60692635753966
          ],
          [
            -39.83059849501335,
            -9.60758728011693
          ],
          [
            -39.83383587759021,
            -9.608248202694199
          ],
          [
            -39.837073260167074,
            -9.608909125271468
          ],
          [
            -39.84031064274394,
            -9.609570047848738
          ],
          [
            -39.8435480253208,
            -9.610230970426008
          ],
          [
            -39.84678540789766,
            -9.610891893003277
          ],
          [
            -39.850022790474526,
            -9.611552815580547
          ],
          [
            -39.85326017305139,
            -9.612213738157816
          ],
          [
            -39.85649755562825,
            -9.612874660735086
          ],
          [
            -39.859734938205115,
            -9.613535583312355
          ],
          [
            -39.86297232078198,
            -9.614196505889625
          ],
          [
            -39.86620970335884,
            -9.614857428466895
          ],
          [
            -39.869447085935704,
            -9.615518351044164
          ],
          [
            -39.87268446851257,
            -9.616179273621434
          ],
          [
            -39.87592185108943,
            -9.616840196198703
          ],
          [
            -39.87915923366629,
            -9.617501118775973
          ],
          [
            -39.882396616243156,
            -9.618162041353242
          ],
          [
            -39.88563399882002,
            -9.618822963930512
          ],
          [
            -39.88887138139688,
            -9.619483886507782
          ],
          [
            -39.892108763973745,
            -9.620144809085051
          ],
          [
            -39.89534614655061,
            -9.62080573166232
          ],
          [
            -39.89858352912747,
            -9.62146665423959
          ],
          [
            -39.901820911704334,
            -9.62212757681686
          ],
          [
            -39.9050582942812,
            -9.62278849939413
          ],
          [
            -39.90829567685806,
            -9.623449421971399
          ],
          [
            -39.91153305943492,
            -9.624110344548669
          ],
          [
            -39.914770442011786,
            -9.624771267125938
          ],
          [
            -39.91800782458865,
            -9.625432189703208
          ],
          [
            -39.92124520716551,
            -9.626093112280477
          ],
          [
            -39.924482589742375,
            -9.626754034857747
          ],
          [
            -39.92771997231924,
            -9.627414957435017
          ],
          [
            -39.9309573548961,
            -9.628075880012286
          ],
          [
            -39.934194737472964,
            -9.628736802589556
          ],
          [
            -39.93743212004983,
            -9.629397725166825
          ],
          [
            -39.94066950262669,
            -9.630058647744095
          ],
          [
            -39.94390688520355,
            -9.630719570321364
          ],
          [
            -39.947144267780416,
            -9.631380492898634
          ],
          [
            -39.95038165035728,
            -9.632041415475904
          ],
          [
            -39.95361903293414,
            -9.632702338053173
          ],
          [
            -39.956856415511005,
            -9.633363260630443
          ],
          [
            -39.96009379808787,
            -9.634024183207712
          ],
          [
            -39.96333118066473,
            -9.634685105784982
          ],
          [
            -39.966568563241594,
            -9.635346028362251
          ],
          [
            -39.96980594581846,
            -9.636006950939521
          ],
          [
            -39.97304332839532,
            -9.63666787351679
          ],
          [
            -39.97628071097218,
            -9.63732879609406
          ],
          [
            -39.979518093549046,
            -9.63798971867133
          ],
          [
            -39.98275547612591,
            -9.6386506412486
          ],
          [
            -39.98599285870277,
            -9.639311563825869
          ],
          [
            -39.989230241279635,
            -9.639972486403138
          ],
          [
            -39.9924676238565,
            -9.640633408980408
          ],
          [
            -39.99570500643336,
            -9.641294331557678
          ],
          [
            -39.998942389010224,
            -9.641955254134947
          ],
          [
            -40.00217977158709,
            -9.642616176712217
          ],
          [
            -40.00541715416395,
            -9.643277099289486
          ],
          [
            -40.00865453674081,
            -9.643938021866756
          ],
          [
            -40.01189191931768,
            -9.644598944444025
          ],
          [
            -40.01512930189454,
            -9.645259867021295
          ],
          [
            -40.0183666844714,
            -9.645920789598565
          ],
          [
            -40.021604067048266,
            -9.646581712175834
          ],
          [
            -40.02484144962513,
            -9.647242634753104
          ],
          [
            -40.02807883220199,
            -9.647903557330373
          ],
          [
            -40.031316214778855,
            -9.648564479907643
          ],
          [
            -40.03455359735572,
            -9.649225402484912
          ],
          [
            -40.03779097993258,
            -9.649886325062182
          ],
          [
            -40.041028362509444,
            -9.650547247639452
          ],
          [
            -40.04426574508631,
            -9.651208170216721
          ],
          [
            -40.04750312766317,
            -9.65186909279399
          ],
          [
            -40.05074051024003,
            -9.65253001537126
          ],
          [
            -40.053977892816896,
            -9.65319093794853
          ],
          [
            -40.05721527539376,
            -9.6538518605258
          ],
          [
            -40.06045265797062,
            -9.654512783103069
          ],
          [
            -40.063690040547485,
            -9.655173705680339
          ],
          [
            -40.06692742312435,
            -9.655834628257608
          ],
          [
            -40.07016480570121,
            -9.656495550834878
          ],
          [
            -40.073402188278074,
            -9.657156473412147
          ],
          [
            -40.07663957085494,
            -9.657817395989417
          ],
          [
            -40.0798769534318,
            -9.658478318566686
          ],
          [
            -40.08311433600866,
            -9.659139241143956
          ],
          [
            -40.086351718585526,
            -9.659800163721226
          ],
          [
            -40.08958910116239,
            -9.660461086298495
          ],
          [
            -40.09282648373925,
            -9.661122008875765
          ],
          [
            -40.096063866316115,
            -9.661782931453034
          ],
          [
            -40.09930124889298,
            -9.662443854030304
          ],
          [
            -40.10253863146984,
            -9.663104776607573
          ],
          [
            -40.105776014046704,
            -9.663765699184843
          ],
          [
            -40.10901339662357,
            -9.664426621762113
          ],
          [
            -40.11225077920043,
            -9.665087544339382
          ],
          [
            -40.11548816177729,
            -9.665748466916652
          ],
          [
            -40.118725544354156,
            -9.666409389493921
          ],
          [
            -40.12196292693102,
            -9.667070312071191
          ],
          [
            -40.12520030950788,
            -9.66773123464846
          ],
          [
            -40.128437692084745,
            -9.66839215722573
          ],
          [
            -40.13167507466161,
            -9.669053079803
          ],
          [
            -40.13491245723847,
            -9.66971400238027
          ],
          [
            -40.138149839815334,
            -9.670374924957539
          ],
          [
            -40.1413872223922,
            -9.671035847534808
          ],
          [
            -40.14462460496906,
            -9.671696770112078
          ],
          [
            -40.14786198754592,
            -9.672357692689348
          ],
          [
            -40.151099370122786,
            -9.673018615266617
          ],
          [
            -40.15433675269965,
            -9.673679537843887
          ],
          [
            -40.15757413527651,
            -9.674340460421156
          ],
          [
            -40.160811517853375,
            -9.675001382998426
          ],
          [
            -40.16404890043024,
            -9.675662305575695
          ],
          [
            -40.1672862830071,
            -9.676323228152965
          ],
          [
            -40.170523665583964,
            -9.676984150730235
          ],
          [
            -40.17376104816083,
            -9.677645073307504
          ],
          [
            -40.17699843073769,
            -9.678305995884774
          ],
          [
            -40.18023581331455,
            -9.678966918462043
          ],
          [
            -40.183473195891416,
            -9.679627841039313
          ],
          [
            -40.18671057846828,
            -9.680288763616582
          ],
          [
            -40.18994796104514,
            -9.680949686193852
          ],
          [
            -40.193185343622005,
            -9.681610608771122
          ],
          [
            -40.19642272619887,
            -9.682271531348391
          ],
          [
            -40.19966010877573,
            -9.68293245392566
          ],
          [
            -40.202897491352594,
            -9.68359337650293
          ],
          [
            -40.20613487392946,
            -9.6842542990802
          ],
          [
            -40.20937225650632,
            -9.68491522165747
          ],
          [
            -40.21260963908318,
            -9.685576144234739
          ],
          [
            -40.215847021660046,
            -9.686237066812009
          ],
          [
            -40.21908440423691,
            -9.686897989389278
          ],
          [
            -40.22232178681377,
            -9.687558911966548
          ],
          [
            -40.225559169390635,
            -9.688219834543817
          ],
          [
            -40.2287965519675,
            -9.688880757121087
          ],
          [
            -40.23203393454436,
            -9.689541679698356
          ],
          [
            -40.235271317121224,
            -9.690202602275626
          ],
          [
            -40.23850869969809,
            -9.690863524852896
          ],
          [
            -40.24174608227495,
            -9.691524447430165
          ],
          [
            -40.24498346485181,
            -9.692185370007435
          ],
          [
            -40.24822084742868,
            -9.692846292584704
          ],
          [
            -40.25145823000554,
            -9.693507215161974
          ],
          [
            -40.2546956125824,
            -9.694168137739243
          ],
          [
            -40.257932995159265,
            -9.694829060316513
          ],
          [
            -40.26117037773613,
            -9.695489982893783
          ],
          [
            -40.26440776031299,
            -9.696150905471052
          ],
          [
            -40.267645142889855,
            -9.696811828048322
          ],
          [
            -40.27088252546672,
            -9.697472750625591
          ],
          [
            -40.27411990804358,
            -9.698133673202861
          ],
          [
            -40.277357290620444,
            -9.69879459578013
          ],
          [
            -40.28059467319731,
            -9.6994555183574
          ],
          [
            -40.28383205577417,
            -9.70011644093467
          ],
          [
            -40.28706943835103,
            -9.70077736351194
          ],
          [
            -40.290306820927896,
            -9.701438286089209
          ],
          [
            -40.29354420350476,
            -9.702099208666478
          ],
          [
            -40.29678158608162,
            -9.702760131243748
          ],
          [
            -40.300018968658485,
            -9.703421053821017
          ],
          [
            -40.30325635123535,
            -9.704081976398287
          ],
          [
            -40.30649373381221,
            -9.704742898975557
          ],
          [
            -40.309731116389074,
            -9.705403821552826
          ],
          [
            -40.31296849896594,
            -9.706064744130096
          ],
          [
            -40.3162058815428,
            -9.706725666707365
          ],
          [
            -40.31944326411966,
            -9.707386589284635
          ],
          [
            -40.322680646696526,
            -9.708047511861905
          ],
          [
            -40.32591802927339,
            -9.708708434439174
          ],
          [
            -40.32915541185025,
            -9.709369357016444
          ],
          [
            -40.332392794427115,
            -9.710030279593713
          ],
          [
            -40.33563017700398,
            -9.710691202170983
          ],
          [
            -40.33886755958084,
            -9.711352124748252
          ],
          [
            -40.342104942157704,
            -9.712013047325522
          ],
          [
            -40.34534232473457,
            -9.712673969902792
          ],
          [
            -40.34857970731143,
            -9.713334892480061
          ],
          [
            -40.35181708988829,
            -9.71399581505733
          ],
          [
            -40.355054472465156,
            -9.7146567376346
          ],
          [
            -40.35829185504202,
            -9.71531766021187
          ],
          [
            -40.36152923761888,
            -9.71597858278914
          ],
          [
            -40.364766620195745,
            -9.716639505366409
          ],
          [
            -40.36800400277261,
            -9.717300427943679
          ],
          [
            -40.37124138534947,
            -9.717961350520948
          ],
          [
            -40.374478767926334,
            -9.718622273098218
          ],
          [
            -40.3777161505032,
            -9.719283195675487
          ],
          [
            -40.38095353308006,
            -9.719944118252757
          ],
          [
            -40.38419091565692,
            -9.720605040830026
          ],
          [
            -40.387428298233786,
            -9.721265963407296
          ],
          [
            -40.39066568081065,
            -9.721926885984566
          ],
          [
            -40.39390306338751,
            -9.722587808561835
          ],
          [
            -40.397140445964375,
            -9.723248731139105
          ],
          [
            -40.40037782854124,
            -9.723909653716374
          ],
          [
            -40.4036152111181,
            -9.724570576293644
          ],
          [
            -40.406852593694964,
            -9.725231498870913
          ],
          [
            -40.41008997627183,
            -9.725892421448183
          ],
          [
            -40.41332735884869,
            -9.726553344025453
          ],
          [
            -40.41656474142555,
            -9.727214266602722
          ],
          [
            -40.419802124002416,
            -9.727875189179992
          ],
          [
            -40.42303950657928,
            -9.728536111757261
          ],
          [
            -40.42627688915614,
            -9.72919703433453
          ],
          [
            -40.429514271733005,
            -9.7298579569118
          ],
          [
            -40.43275165430987,
            -9.73051887948907
          ],
          [
            -40.43598903688673,
            -9.73117980206634
          ],
          [
            -40.439226419463594,
            -9.73184072464361
          ],
          [
            -40.44246380204046,
            -9.732501647220879
          ],
          [
            -40.44570118461732,
            -9.733162569798148
          ],
          [
            -40.44893856719418,
            -9.733823492375418
          ],
          [
            -40.452175949771046,
            -9.734484414952687
          ],
          [
            -40.45541333234791,
            -9.735145337529957
          ],
          [
            -40.45865071492477,
            -9.735806260107227
          ],
          [
            -40.461888097501635,
            -9.736467182684496
          ],
          [
            -40.4651254800785,
            -9.737128105261766
          ],
          [
            -40.46836286265536,
            -9.737789027839035
          ],
          [
            -40.471600245232224,
            -9.738449950416305
          ],
          [
            -40.47483762780909,
            -9.739110872993574
          ],
          [
            -40.47807501038595,
            -9.739771795570844
          ],
          [
            -40.48131239296281,
            -9.740432718148114
          ],
          [
            -40.484549775539676,
            -9.741093640725383
          ],
          [
            -40.48778715811654,
            -9.741754563302653
          ],
          [
            -40.4910245406934,
            -9.742415485879922
          ],
          [
            -40.494261923270265,
            -9.743076408457192
          ],
          [
            -40.49749930584713,
            -9.743737331034461
          ],
          [
            -40.50073668842399,
            -9.744398253611731
          ],
          [
            -40.503974071000854,
            -9.745059176189
          ],
          [
            -40.50721145357772,
            -9.74572009876627
          ],
          [
            -40.51044883615458,
            -9.74638102134354
          ],
          [
            -40.51368621873144,
            -9.74704194392081
          ],
          [
            -40.51692360130831,
            -9.747702866498079
          ],
          [
            -40.52016098388517,
            -9.748363789075349
          ],
          [
            -40.52339836646203,
            -9.749024711652618
          ],
          [
            -40.526635749038896,
            -9.749685634229888
          ],
          [
            -40.52987313161576,
            -9.750346556807157
          ],
          [
            -40.53311051419262,
            -9.751007479384427
          ],
          [
            -40.536347896769485,
            -9.751668401961696
          ],
          [
            -40.53958527934635,
            -9.752329324538966
          ],
          [
            -40.54282266192321,
            -9.752990247116236
          ],
          [
            -40.546060044500074,
            -9.753651169693505
          ],
          [
            -40.54929742707694,
            -9.754312092270775
          ],
          [
            -40.5525348096538,
            -9.754973014848044
          ],
          [
            -40.55577219223066,
            -9.755633937425314
          ],
          [
            -40.559009574807526,
            -9.756294860002583
          ],
          [
            -40.56224695738439,
            -9.756955782579853
          ],
          [
            -40.56548433996125,
            -9.757616705157123
          ],
          [
            -40.568721722538115,
            -9.758277627734392
          ],
          [
            -40.57195910511498,
            -9.758938550311662
          ],
          [
            -40.57519648769184,
            -9.759599472888931
          ],
          [
            -40.578433870268704,
            -9.7602603954662
          ],
          [
            -40.58167125284557,
            -9.76092131804347
          ],
          [
            -40.58490863542243,
            -9.76158224062074
          ],
          [
            -40.58814601799929,
            -9.76224316319801
          ],
          [
            -40.591383400576156,
            -9.76290408577528
          ],
          [
            -40.59462078315302,
            -9.763565008352549
          ],
          [
            -40.59785816572988,
            -9.764225930929818
          ]
        ]
      },
      "properties": {
        "type": "vessel",
        "mmsi": 100000003,
        "name": "Decoy_Vessel_3",
        "timestamps": [
          "2019-07-26T00:00:00",
          "2019-07-26T00:05:00",
          "2019-07-26T00:10:00",
          "2019-07-26T00:15:00",
          "2019-07-26T00:20:00",
          "2019-07-26T00:25:00",
          "2019-07-26T00:30:00",
          "2019-07-26T00:35:00",
          "2019-07-26T00:40:00",
          "2019-07-26T00:45:00",
          "2019-07-26T00:50:00",
          "2019-07-26T00:55:00",
          "2019-07-26T01:00:00",
          "2019-07-26T01:05:00",
          "2019-07-26T01:10:00",
          "2019-07-26T01:15:00",
          "2019-07-26T01:20:00",
          "2019-07-26T01:25:00",
          "2019-07-26T01:30:00",
          "2019-07-26T01:35:00",
          "2019-07-26T01:40:00",
          "2019-07-26T01:45:00",
          "2019-07-26T01:50:00",
          "2019-07-26T01:55:00",
          "2019-07-26T02:00:00",
          "2019-07-26T02:05:00",
          "2019-07-26T02:10:00",
          "2019-07-26T02:15:00",
          "2019-07-26T02:20:00",
          "2019-07-26T02:25:00",
          "2019-07-26T02:30:00",
          "2019-07-26T02:35:00",
          "2019-07-26T02:40:00",
          "2019-07-26T02:45:00",
          "2019-07-26T02:50:00",
          "2019-07-26T02:55:00",
          "2019-07-26T03:00:00",
          "2019-07-26T03:05:00",
          "2019-07-26T03:10:00",
          "2019-07-26T03:15:00",
          "2019-07-26T03:20:00",
          "2019-07-26T03:25:00",
          "2019-07-26T03:30:00",
          "2019-07-26T03:35:00",
          "2019-07-26T03:40:00",
          "2019-07-26T03:45:00",
          "2019-07-26T03:50:00",
          "2019-07-26T03:55:00",
          "2019-07-26T04:00:00",
          "2019-07-26T04:05:00",
          "2019-07-26T04:10:00",
          "2019-07-26T04:15:00",
          "2019-07-26T04:20:00",
          "2019-07-26T04:25:00",
          "2019-07-26T04:30:00",
          "2019-07-26T04:35:00",
          "2019-07-26T04:40:00",
          "2019-07-26T04:45:00",
          "2019-07-26T04:50:00",
          "2019-07-26T04:55:00",
          "2019-07-26T05:00:00",
          "2019-07-26T05:05:00",
          "2019-07-26T05:10:00",
          "2019-07-26T05:15:00",
          "2019-07-26T05:20:00",
          "2019-07-26T05:25:00",
          "2019-07-26T05:30:00",
          "2019-07-26T05:35:00",
          "2019-07-26T05:40:00",
          "2019-07-26T05:45:00",
          "2019-07-26T05:50:00",
          "2019-07-26T05:55:00",
          "2019-07-26T06:00:00",
          "2019-07-26T06:05:00",
          "2019-07-26T06:10:00",
          "2019-07-26T06:15:00",
          "2019-07-26T06:20:00",
          "2019-07-26T06:25:00",
          "2019-07-26T06:30:00",
          "2019-07-26T06:35:00",
          "2019-07-26T06:40:00",
          "2019-07-26T06:45:00",
          "2019-07-26T06:50:00",
          "2019-07-26T06:55:00",
          "2019-07-26T07:00:00",
          "2019-07-26T07:05:00",
          "2019-07-26T07:10:00",
          "2019-07-26T07:15:00",
          "2019-07-26T07:20:00",
          "2019-07-26T07:25:00",
          "2019-07-26T07:30:00",
          "2019-07-26T07:35:00",
          "2019-07-26T07:40:00",
          "2019-07-26T07:45:00",
          "2019-07-26T07:50:00",
          "2019-07-26T07:55:00",
          "2019-07-26T08:00:00",
          "2019-07-26T08:05:00",
          "2019-07-26T08:10:00",
          "2019-07-26T08:15:00",
          "2019-07-26T08:20:00",
          "2019-07-26T08:25:00",
          "2019-07-26T08:30:00",
          "2019-07-26T08:35:00",
          "2019-07-26T08:40:00",
          "2019-07-26T08:45:00",
          "2019-07-26T08:50:00",
          "2019-07-26T08:55:00",
          "2019-07-26T09:00:00",
          "2019-07-26T09:05:00",
          "2019-07-26T09:10:00",
          "2019-07-26T09:15:00",
          "2019-07-26T09:20:00",
          "2019-07-26T09:25:00",
          "2019-07-26T09:30:00",
          "2019-07-26T09:35:00",
          "2019-07-26T09:40:00",
          "2019-07-26T09:45:00",
          "2019-07-26T09:50:00",
          "2019-07-26T09:55:00",
          "2019-07-26T10:00:00",
          "2019-07-26T10:05:00",
          "2019-07-26T10:10:00",
          "2019-07-26T10:15:00",
          "2019-07-26T10:20:00",
          "2019-07-26T10:25:00",
          "2019-07-26T10:30:00",
          "2019-07-26T10:35:00",
          "2019-07-26T10:40:00",
          "2019-07-26T10:45:00",
          "2019-07-26T10:50:00",
          "2019-07-26T10:55:00",
          "2019-07-26T11:00:00",
          "2019-07-26T11:05:00",
          "2019-07-26T11:10:00",
          "2019-07-26T11:15:00",
          "2019-07-26T11:20:00",
          "2019-07-26T11:25:00",
          "2019-07-26T11:30:00",
          "2019-07-26T11:35:00",
          "2019-07-26T11:40:00",
          "2019-07-26T11:45:00",
          "2019-07-26T11:50:00",
          "2019-07-26T11:55:00",
          "2019-07-26T12:00:00",
          "2019-07-26T12:05:00",
          "2019-07-26T12:10:00",
          "2019-07-26T12:15:00",
          "2019-07-26T12:20:00",
          "2019-07-26T12:25:00",
          "2019-07-26T12:30:00",
          "2019-07-26T12:35:00",
          "2019-07-26T12:40:00",
          "2019-07-26T12:45:00",
          "2019-07-26T12:50:00",
          "2019-07-26T12:55:00",
          "2019-07-26T13:00:00",
          "2019-07-26T13:05:00",
          "2019-07-26T13:10:00",
          "2019-07-26T13:15:00",
          "2019-07-26T13:20:00",
          "2019-07-26T13:25:00",
          "2019-07-26T13:30:00",
          "2019-07-26T13:35:00",
          "2019-07-26T13:40:00",
          "2019-07-26T13:45:00",
          "2019-07-26T13:50:00",
          "2019-07-26T13:55:00",
          "2019-07-26T14:00:00",
          "2019-07-26T14:05:00",
          "2019-07-26T14:10:00",
          "2019-07-26T14:15:00",
          "2019-07-26T14:20:00",
          "2019-07-26T14:25:00",
          "2019-07-26T14:30:00",
          "2019-07-26T14:35:00",
          "2019-07-26T14:40:00",
          "2019-07-26T14:45:00",
          "2019-07-26T14:50:00",
          "2019-07-26T14:55:00",
          "2019-07-26T15:00:00",
          "2019-07-26T15:05:00",
          "2019-07-26T15:10:00",
          "2019-07-26T15:15:00",
          "2019-07-26T15:20:00",
          "2019-07-26T15:25:00",
          "2019-07-26T15:30:00",
          "2019-07-26T15:35:00",
          "2019-07-26T15:40:00",
          "2019-07-26T15:45:00",
          "2019-07-26T15:50:00",
          "2019-07-26T15:55:00",
          "2019-07-26T16:00:00",
          "2019-07-26T16:05:00",
          "2019-07-26T16:10:00",
          "2019-07-26T16:15:00",
          "2019-07-26T16:20:00",
          "2019-07-26T16:25:00",
          "2019-07-26T16:30:00",
          "2019-07-26T16:35:00",
          "2019-07-26T16:40:00",
          "2019-07-26T16:45:00",
          "2019-07-26T16:50:00",
          "2019-07-26T16:55:00",
          "2019-07-26T17:00:00",
          "2019-07-26T17:05:00",
          "2019-07-26T17:10:00",
          "2019-07-26T17:15:00",
          "2019-07-26T17:20:00",
          "2019-07-26T17:25:00",
          "2019-07-26T17:30:00",
          "2019-07-26T17:35:00",
          "2019-07-26T17:40:00",
          "2019-07-26T17:45:00",
          "2019-07-26T17:50:00",
          "2019-07-26T17:55:00",
          "2019-07-26T18:00:00",
          "2019-07-26T18:05:00",
          "2019-07-26T18:10:00",
          "2019-07-26T18:15:00",
          "2019-07-26T18:20:00",
          "2019-07-26T18:25:00",
          "2019-07-26T18:30:00",
          "2019-07-26T18:35:00",
          "2019-07-26T18:40:00",
          "2019-07-26T18:45:00",
          "2019-07-26T18:50:00",
          "2019-07-26T18:55:00",
          "2019-07-26T19:00:00",
          "2019-07-26T19:05:00",
          "2019-07-26T19:10:00",
          "2019-07-26T19:15:00",
          "2019-07-26T19:20:00",
          "2019-07-26T19:25:00",
          "2019-07-26T19:30:00",
          "2019-07-26T19:35:00",
          "2019-07-26T19:40:00",
          "2019-07-26T19:45:00",
          "2019-07-26T19:50:00",
          "2019-07-26T19:55:00",
          "2019-07-26T20:00:00",
          "2019-07-26T20:05:00",
          "2019-07-26T20:10:00",
          "2019-07-26T20:15:00",
          "2019-07-26T20:20:00",
          "2019-07-26T20:25:00",
          "2019-07-26T20:30:00",
          "2019-07-26T20:35:00",
          "2019-07-26T20:40:00",
          "2019-07-26T20:45:00",
          "2019-07-26T20:50:00",
          "2019-07-26T20:55:00",
          "2019-07-26T21:00:00",
          "2019-07-26T21:05:00",
          "2019-07-26T21:10:00",
          "2019-07-26T21:15:00",
          "2019-07-26T21:20:00",
          "2019-07-26T21:25:00",
          "2019-07-26T21:30:00",
          "2019-07-26T21:35:00",
          "2019-07-26T21:40:00",
          "2019-07-26T21:45:00",
          "2019-07-26T21:50:00",
          "2019-07-26T21:55:00",
          "2019-07-26T22:00:00",
          "2019-07-26T22:05:00",
          "2019-07-26T22:10:00",
          "2019-07-26T22:15:00",
          "2019-07-26T22:20:00",
          "2019-07-26T22:25:00",
          "2019-07-26T22:30:00",
          "2019-07-26T22:35:00",
          "2019-07-26T22:40:00",
          "2019-07-26T22:45:00",
          "2019-07-26T22:50:00",
          "2019-07-26T22:55:00",
          "2019-07-26T23:00:00",
          "2019-07-26T23:05:00",
          "2019-07-26T23:10:00",
          "2019-07-26T23:15:00",
          "2019-07-26T23:20:00",
          "2019-07-26T23:25:00",
          "2019-07-26T23:30:00",
          "2019-07-26T23:35:00",
          "2019-07-26T23:40:00",
          "2019-07-26T23:45:00",
          "2019-07-26T23:50:00",
          "2019-07-26T23:55:00",
          "2019-07-27T00:00:00",
          "2019-07-27T00:05:00",
          "2019-07-27T00:10:00",
          "2019-07-27T00:15:00",
          "2019-07-27T00:20:00",
          "2019-07-27T00:25:00",
          "2019-07-27T00:30:00",
          "2019-07-27T00:35:00",
          "2019-07-27T00:40:00",
          "2019-07-27T00:45:00",
          "2019-07-27T00:50:00",
          "2019-07-27T00:55:00",
          "2019-07-27T01:00:00",
          "2019-07-27T01:05:00",
          "2019-07-27T01:10:00",
          "2019-07-27T01:15:00",
          "2019-07-27T01:20:00",
          "2019-07-27T01:25:00",
          "2019-07-27T01:30:00",
          "2019-07-27T01:35:00",
          "2019-07-27T01:40:00",
          "2019-07-27T01:45:00",
          "2019-07-27T01:50:00",
          "2019-07-27T01:55:00",
          "2019-07-27T02:00:00",
          "2019-07-27T02:05:00",
          "2019-07-27T02:10:00",
          "2019-07-27T02:15:00",
          "2019-07-27T02:20:00",
          "2019-07-27T02:25:00",
          "2019-07-27T02:30:00",
          "2019-07-27T02:35:00",
          "2019-07-27T02:40:00",
          "2019-07-27T02:45:00",
          "2019-07-27T02:50:00",
          "2019-07-27T02:55:00",
          "2019-07-27T03:00:00",
          "2019-07-27T03:05:00",
          "2019-07-27T03:10:00",
          "2019-07-27T03:15:00",
          "2019-07-27T03:20:00",
          "2019-07-27T03:25:00",
          "2019-07-27T03:30:00",
          "2019-07-27T03:35:00",
          "2019-07-27T03:40:00",
          "2019-07-27T03:45:00",
          "2019-07-27T03:50:00",
          "2019-07-27T03:55:00",
          "2019-07-27T04:00:00",
          "2019-07-27T04:05:00",
          "2019-07-27T04:10:00",
          "2019-07-27T04:15:00",
          "2019-07-27T04:20:00",
          "2019-07-27T04:25:00",
          "2019-07-27T04:30:00",
          "2019-07-27T04:35:00",
          "2019-07-27T04:40:00",
          "2019-07-27T04:45:00",
          "2019-07-27T04:50:00",
          "2019-07-27T04:55:00",
          "2019-07-27T05:00:00",
          "2019-07-27T05:05:00",
          "2019-07-27T05:10:00",
          "2019-07-27T05:15:00",
          "2019-07-27T05:20:00",
          "2019-07-27T05:25:00",
          "2019-07-27T05:30:00",
          "2019-07-27T05:35:00",
          "2019-07-27T05:40:00",
          "2019-07-27T05:45:00",
          "2019-07-27T05:50:00",
          "2019-07-27T05:55:00",
          "2019-07-27T06:00:00",
          "2019-07-27T06:05:00",
          "2019-07-27T06:10:00",
          "2019-07-27T06:15:00",
          "2019-07-27T06:20:00",
          "2019-07-27T06:25:00",
          "2019-07-27T06:30:00",
          "2019-07-27T06:35:00",
          "2019-07-27T06:40:00",
          "2019-07-27T06:45:00",
          "2019-07-27T06:50:00",
          "2019-07-27T06:55:00",
          "2019-07-27T07:00:00",
          "2019-07-27T07:05:00",
          "2019-07-27T07:10:00",
          "2019-07-27T07:15:00",
          "2019-07-27T07:20:00",
          "2019-07-27T07:25:00",
          "2019-07-27T07:30:00",
          "2019-07-27T07:35:00",
          "2019-07-27T07:40:00",
          "2019-07-27T07:45:00",
          "2019-07-27T07:50:00",
          "2019-07-27T07:55:00",
          "2019-07-27T08:00:00",
          "2019-07-27T08:05:00",
          "2019-07-27T08:10:00",
          "2019-07-27T08:15:00",
          "2019-07-27T08:20:00",
          "2019-07-27T08:25:00",
          "2019-07-27T08:30:00",
          "2019-07-27T08:35:00",
          "2019-07-27T08:40:00",
          "2019-07-27T08:45:00",
          "2019-07-27T08:50:00",
          "2019-07-27T08:55:00",
          "2019-07-27T09:00:00",
          "2019-07-27T09:05:00",
          "2019-07-27T09:10:00",
          "2019-07-27T09:15:00",
          "2019-07-27T09:20:00",
          "2019-07-27T09:25:00",
          "2019-07-27T09:30:00",
          "2019-07-27T09:35:00",
          "2019-07-27T09:40:00",
          "2019-07-27T09:45:00",
          "2019-07-27T09:50:00",
          "2019-07-27T09:55:00",
          "2019-07-27T10:00:00",
          "2019-07-27T10:05:00",
          "2019-07-27T10:10:00",
          "2019-07-27T10:15:00",
          "2019-07-27T10:20:00",
          "2019-07-27T10:25:00",
          "2019-07-27T10:30:00",
          "2019-07-27T10:35:00",
          "2019-07-27T10:40:00",
          "2019-07-27T10:45:00",
          "2019-07-27T10:50:00",
          "2019-07-27T10:55:00",
          "2019-07-27T11:00:00",
          "2019-07-27T11:05:00",
          "2019-07-27T11:10:00",
          "2019-07-27T11:15:00",
          "2019-07-27T11:20:00",
          "2019-07-27T11:25:00",
          "2019-07-27T11:30:00",
          "2019-07-27T11:35:00",
          "2019-07-27T11:40:00",
          "2019-07-27T11:45:00",
          "2019-07-27T11:50:00",
          "2019-07-27T11:55:00",
          "2019-07-27T12:00:00",
          "2019-07-27T12:05:00",
          "2019-07-27T12:10:00",
          "2019-07-27T12:15:00",
          "2019-07-27T12:20:00",
          "2019-07-27T12:25:00",
          "2019-07-27T12:30:00",
          "2019-07-27T12:35:00",
          "2019-07-27T12:40:00",
          "2019-07-27T12:45:00",
          "2019-07-27T12:50:00",
          "2019-07-27T12:55:00",
          "2019-07-27T13:00:00",
          "2019-07-27T13:05:00",
          "2019-07-27T13:10:00",
          "2019-07-27T13:15:00",
          "2019-07-27T13:20:00",
          "2019-07-27T13:25:00",
          "2019-07-27T13:30:00",
          "2019-07-27T13:35:00",
          "2019-07-27T13:40:00",
          "2019-07-27T13:45:00",
          "2019-07-27T13:50:00",
          "2019-07-27T13:55:00",
          "2019-07-27T14:00:00",
          "2019-07-27T14:05:00",
          "2019-07-27T14:10:00",
          "2019-07-27T14:15:00",
          "2019-07-27T14:20:00",
          "2019-07-27T14:25:00",
          "2019-07-27T14:30:00",
          "2019-07-27T14:35:00",
          "2019-07-27T14:40:00",
          "2019-07-27T14:45:00",
          "2019-07-27T14:50:00",
          "2019-07-27T14:55:00",
          "2019-07-27T15:00:00",
          "2019-07-27T15:05:00",
          "2019-07-27T15:10:00",
          "2019-07-27T15:15:00",
          "2019-07-27T15:20:00",
          "2019-07-27T15:25:00",
          "2019-07-27T15:30:00",
          "2019-07-27T15:35:00",
          "2019-07-27T15:40:00",
          "2019-07-27T15:45:00",
          "2019-07-27T15:50:00",
          "2019-07-27T15:55:00",
          "2019-07-27T16:00:00",
          "2019-07-27T16:05:00",
          "2019-07-27T16:10:00",
          "2019-07-27T16:15:00",
          "2019-07-27T16:20:00",
          "2019-07-27T16:25:00",
          "2019-07-27T16:30:00",
          "2019-07-27T16:35:00",
          "2019-07-27T16:40:00",
          "2019-07-27T16:45:00",
          "2019-07-27T16:50:00",
          "2019-07-27T16:55:00",
          "2019-07-27T17:00:00",
          "2019-07-27T17:05:00",
          "2019-07-27T17:10:00",
          "2019-07-27T17:15:00",
          "2019-07-27T17:20:00",
          "2019-07-27T17:25:00",
          "2019-07-27T17:30:00",
          "2019-07-27T17:35:00",
          "2019-07-27T17:40:00",
          "2019-07-27T17:45:00",
          "2019-07-27T17:50:00",
          "2019-07-27T17:55:00",
          "2019-07-27T18:00:00",
          "2019-07-27T18:05:00",
          "2019-07-27T18:10:00",
          "2019-07-27T18:15:00",
          "2019-07-27T18:20:00",
          "2019-07-27T18:25:00",
          "2019-07-27T18:30:00",
          "2019-07-27T18:35:00",
          "2019-07-27T18:40:00",
          "2019-07-27T18:45:00",
          "2019-07-27T18:50:00",
          "2019-07-27T18:55:00",
          "2019-07-27T19:00:00",
          "2019-07-27T19:05:00",
          "2019-07-27T19:10:00",
          "2019-07-27T19:15:00",
          "2019-07-27T19:20:00",
          "2019-07-27T19:25:00",
          "2019-07-27T19:30:00",
          "2019-07-27T19:35:00",
          "2019-07-27T19:40:00",
          "2019-07-27T19:45:00",
          "2019-07-27T19:50:00",
          "2019-07-27T19:55:00",
          "2019-07-27T20:00:00",
          "2019-07-27T20:05:00",
          "2019-07-27T20:10:00",
          "2019-07-27T20:15:00",
          "2019-07-27T20:20:00",
          "2019-07-27T20:25:00",
          "2019-07-27T20:30:00",
          "2019-07-27T20:35:00",
          "2019-07-27T20:40:00",
          "2019-07-27T20:45:00",
          "2019-07-27T20:50:00",
          "2019-07-27T20:55:00",
          "2019-07-27T21:00:00",
          "2019-07-27T21:05:00",
          "2019-07-27T21:10:00",
          "2019-07-27T21:15:00",
          "2019-07-27T21:20:00",
          "2019-07-27T21:25:00",
          "2019-07-27T21:30:00",
          "2019-07-27T21:35:00",
          "2019-07-27T21:40:00",
          "2019-07-27T21:45:00",
          "2019-07-27T21:50:00",
          "2019-07-27T21:55:00",
          "2019-07-27T22:00:00",
          "2019-07-27T22:05:00",
          "2019-07-27T22:10:00",
          "2019-07-27T22:15:00",
          "2019-07-27T22:20:00",
          "2019-07-27T22:25:00",
          "2019-07-27T22:30:00",
          "2019-07-27T22:35:00",
          "2019-07-27T22:40:00",
          "2019-07-27T22:45:00",
          "2019-07-27T22:50:00",
          "2019-07-27T22:55:00",
          "2019-07-27T23:00:00",
          "2019-07-27T23:05:00",
          "2019-07-27T23:10:00",
          "2019-07-27T23:15:00",
          "2019-07-27T23:20:00",
          "2019-07-27T23:25:00",
          "2019-07-27T23:30:00",
          "2019-07-27T23:35:00",
          "2019-07-27T23:40:00",
          "2019-07-27T23:45:00",
          "2019-07-27T23:50:00",
          "2019-07-27T23:55:00",
          "2019-07-28T00:00:00",
          "2019-07-28T00:05:00",
          "2019-07-28T00:10:00",
          "2019-07-28T00:15:00",
          "2019-07-28T00:20:00",
          "2019-07-28T00:25:00",
          "2019-07-28T00:30:00",
          "2019-07-28T00:35:00",
          "2019-07-28T00:40:00",
          "2019-07-28T00:45:00",
          "2019-07-28T00:50:00",
          "2019-07-28T00:55:00",
          "2019-07-28T01:00:00",
          "2019-07-28T01:05:00",
          "2019-07-28T01:10:00",
          "2019-07-28T01:15:00",
          "2019-07-28T01:20:00",
          "2019-07-28T01:25:00",
          "2019-07-28T01:30:00",
          "2019-07-28T01:35:00",
          "2019-07-28T01:40:00",
          "2019-07-28T01:45:00",
          "2019-07-28T01:50:00",
          "2019-07-28T01:55:00",
          "2019-07-28T02:00:00",
          "2019-07-28T02:05:00",
          "2019-07-28T02:10:00",
          "2019-07-28T02:15:00",
          "2019-07-28T02:20:00",
          "2019-07-28T02:25:00",
          "2019-07-28T02:30:00",
          "2019-07-28T02:35:00",
          "2019-07-28T02:40:00",
          "2019-07-28T02:45:00",
          "2019-07-28T02:50:00",
          "2019-07-28T02:55:00",
          "2019-07-28T03:00:00",
          "2019-07-28T03:05:00",
          "2019-07-28T03:10:00",
          "2019-07-28T03:15:00",
          "2019-07-28T03:20:00",
          "2019-07-28T03:25:00",
          "2019-07-28T03:30:00",
          "2019-07-28T03:35:00",
          "2019-07-28T03:40:00",
          "2019-07-28T03:45:00",
          "2019-07-28T03:50:00",
          "2019-07-28T03:55:00",
          "2019-07-28T04:00:00",
          "2019-07-28T04:05:00",
          "2019-07-28T04:10:00",
          "2019-07-28T04:15:00",
          "2019-07-28T04:20:00",
          "2019-07-28T04:25:00",
          "2019-07-28T04:30:00",
          "2019-07-28T04:35:00",
          "2019-07-28T04:40:00",
          "2019-07-28T04:45:00",
          "2019-07-28T04:50:00",
          "2019-07-28T04:55:00",
          "2019-07-28T05:00:00",
          "2019-07-28T05:05:00",
          "2019-07-28T05:10:00",
          "2019-07-28T05:15:00",
          "2019-07-28T05:20:00",
          "2019-07-28T05:25:00",
          "2019-07-28T05:30:00",
          "2019-07-28T05:35:00",
          "2019-07-28T05:40:00",
          "2019-07-28T05:45:00",
          "2019-07-28T05:50:00",
          "2019-07-28T05:55:00",
          "2019-07-28T06:00:00",
          "2019-07-28T06:05:00",
          "2019-07-28T06:10:00",
          "2019-07-28T06:15:00",
          "2019-07-28T06:20:00",
          "2019-07-28T06:25:00",
          "2019-07-28T06:30:00",
          "2019-07-28T06:35:00",
          "2019-07-28T06:40:00",
          "2019-07-28T06:45:00",
          "2019-07-28T06:50:00",
          "2019-07-28T06:55:00",
          "2019-07-28T07:00:00",
          "2019-07-28T07:05:00",
          "2019-07-28T07:10:00",
          "2019-07-28T07:15:00",
          "2019-07-28T07:20:00",
          "2019-07-28T07:25:00",
          "2019-07-28T07:30:00",
          "2019-07-28T07:35:00",
          "2019-07-28T07:40:00",
          "2019-07-28T07:45:00",
          "2019-07-28T07:50:00",
          "2019-07-28T07:55:00",
          "2019-07-28T08:00:00",
          "2019-07-28T08:05:00",
          "2019-07-28T08:10:00",
          "2019-07-28T08:15:00",
          "2019-07-28T08:20:00",
          "2019-07-28T08:25:00",
          "2019-07-28T08:30:00",
          "2019-07-28T08:35:00",
          "2019-07-28T08:40:00",
          "2019-07-28T08:45:00",
          "2019-07-28T08:50:00",
          "2019-07-28T08:55:00",
          "2019-07-28T09:00:00",
          "2019-07-28T09:05:00",
          "2019-07-28T09:10:00",
          "2019-07-28T09:15:00",
          "2019-07-28T09:20:00",
          "2019-07-28T09:25:00",
          "2019-07-28T09:30:00",
          "2019-07-28T09:35:00",
          "2019-07-28T09:40:00",
          "2019-07-28T09:45:00",
          "2019-07-28T09:50:00",
          "2019-07-28T09:55:00",
          "2019-07-28T10:00:00",
          "2019-07-28T10:05:00",
          "2019-07-28T10:10:00",
          "2019-07-28T10:15:00",
          "2019-07-28T10:20:00",
          "2019-07-28T10:25:00",
          "2019-07-28T10:30:00",
          "2019-07-28T10:35:00",
          "2019-07-28T10:40:00",
          "2019-07-28T10:45:00",
          "2019-07-28T10:50:00",
          "2019-07-28T10:55:00",
          "2019-07-28T11:00:00",
          "2019-07-28T11:05:00",
          "2019-07-28T11:10:00",
          "2019-07-28T11:15:00",
          "2019-07-28T11:20:00",
          "2019-07-28T11:25:00",
          "2019-07-28T11:30:00",
          "2019-07-28T11:35:00",
          "2019-07-28T11:40:00",
          "2019-07-28T11:45:00",
          "2019-07-28T11:50:00",
          "2019-07-28T11:55:00",
          "2019-07-28T12:00:00",
          "2019-07-28T12:05:00",
          "2019-07-28T12:10:00",
          "2019-07-28T12:15:00",
          "2019-07-28T12:20:00",
          "2019-07-28T12:25:00",
          "2019-07-28T12:30:00",
          "2019-07-28T12:35:00",
          "2019-07-28T12:40:00",
          "2019-07-28T12:45:00",
          "2019-07-28T12:50:00",
          "2019-07-28T12:55:00",
          "2019-07-28T13:00:00",
          "2019-07-28T13:05:00",
          "2019-07-28T13:10:00",
          "2019-07-28T13:15:00",
          "2019-07-28T13:20:00",
          "2019-07-28T13:25:00",
          "2019-07-28T13:30:00",
          "2019-07-28T13:35:00",
          "2019-07-28T13:40:00",
          "2019-07-28T13:45:00",
          "2019-07-28T13:50:00",
          "2019-07-28T13:55:00",
          "2019-07-28T14:00:00",
          "2019-07-28T14:05:00",
          "2019-07-28T14:10:00",
          "2019-07-28T14:15:00",
          "2019-07-28T14:20:00",
          "2019-07-28T14:25:00",
          "2019-07-28T14:30:00",
          "2019-07-28T14:35:00",
          "2019-07-28T14:40:00",
          "2019-07-28T14:45:00",
          "2019-07-28T14:50:00",
          "2019-07-28T14:55:00",
          "2019-07-28T15:00:00",
          "2019-07-28T15:05:00",
          "2019-07-28T15:10:00",
          "2019-07-28T15:15:00",
          "2019-07-28T15:20:00",
          "2019-07-28T15:25:00",
          "2019-07-28T15:30:00",
          "2019-07-28T15:35:00",
          "2019-07-28T15:40:00",
          "2019-07-28T15:45:00",
          "2019-07-28T15:50:00",
          "2019-07-28T15:55:00",
          "2019-07-28T16:00:00",
          "2019-07-28T16:05:00",
          "2019-07-28T16:10:00",
          "2019-07-28T16:15:00",
          "2019-07-28T16:20:00",
          "2019-07-28T16:25:00",
          "2019-07-28T16:30:00",
          "2019-07-28T16:35:00",
          "2019-07-28T16:40:00",
          "2019-07-28T16:45:00",
          "2019-07-28T16:50:00",
          "2019-07-28T16:55:00",
          "2019-07-28T17:00:00",
          "2019-07-28T17:05:00",
          "2019-07-28T17:10:00",
          "2019-07-28T17:15:00",
          "2019-07-28T17:20:00",
          "2019-07-28T17:25:00",
          "2019-07-28T17:30:00",
          "2019-07-28T17:35:00",
          "2019-07-28T17:40:00",
          "2019-07-28T17:45:00",
          "2019-07-28T17:50:00",
          "2019-07-28T17:55:00",
          "2019-07-28T18:00:00",
          "2019-07-28T18:05:00",
          "2019-07-28T18:10:00",
          "2019-07-28T18:15:00",
          "2019-07-28T18:20:00",
          "2019-07-28T18:25:00",
          "2019-07-28T18:30:00",
          "2019-07-28T18:35:00",
          "2019-07-28T18:40:00",
          "2019-07-28T18:45:00",
          "2019-07-28T18:50:00",
          "2019-07-28T18:55:00",
          "2019-07-28T19:00:00",
          "2019-07-28T19:05:00",
          "2019-07-28T19:10:00",
          "2019-07-28T19:15:00",
          "2019-07-28T19:20:00",
          "2019-07-28T19:25:00",
          "2019-07-28T19:30:00",
          "2019-07-28T19:35:00",
          "2019-07-28T19:40:00",
          "2019-07-28T19:45:00",
          "2019-07-28T19:50:00",
          "2019-07-28T19:55:00",
          "2019-07-28T20:00:00",
          "2019-07-28T20:05:00",
          "2019-07-28T20:10:00",
          "2019-07-28T20:15:00",
          "2019-07-28T20:20:00",
          "2019-07-28T20:25:00",
          "2019-07-28T20:30:00",
          "2019-07-28T20:35:00",
          "2019-07-28T20:40:00",
          "2019-07-28T20:45:00",
          "2019-07-28T20:50:00",
          "2019-07-28T20:55:00",
          "2019-07-28T21:00:00",
          "2019-07-28T21:05:00",
          "2019-07-28T21:10:00",
          "2019-07-28T21:15:00",
          "2019-07-28T21:20:00",
          "2019-07-28T21:25:00",
          "2019-07-28T21:30:00",
          "2019-07-28T21:35:00",
          "2019-07-28T21:40:00",
          "2019-07-28T21:45:00",
          "2019-07-28T21:50:00",
          "2019-07-28T21:55:00",
          "2019-07-28T22:00:00",
          "2019-07-28T22:05:00",
          "2019-07-28T22:10:00",
          "2019-07-28T22:15:00",
          "2019-07-28T22:20:00",
          "2019-07-28T22:25:00",
          "2019-07-28T22:30:00",
          "2019-07-28T22:35:00",
          "2019-07-28T22:40:00",
          "2019-07-28T22:45:00",
          "2019-07-28T22:50:00",
          "2019-07-28T22:55:00",
          "2019-07-28T23:00:00",
          "2019-07-28T23:05:00",
          "2019-07-28T23:10:00",
          "2019-07-28T23:15:00",
          "2019-07-28T23:20:00",
          "2019-07-28T23:25:00",
          "2019-07-28T23:30:00",
          "2019-07-28T23:35:00",
          "2019-07-28T23:40:00",
          "2019-07-28T23:45:00",
          "2019-07-28T23:50:00",
          "2019-07-28T23:55:00",
          "2019-07-29T00:00:00",
          "2019-07-29T00:05:00",
          "2019-07-29T00:10:00",
          "2019-07-29T00:15:00",
          "2019-07-29T00:20:00",
          "2019-07-29T00:25:00",
          "2019-07-29T00:30:00",
          "2019-07-29T00:35:00",
          "2019-07-29T00:40:00",
          "2019-07-29T00:45:00",
          "2019-07-29T00:50:00",
          "2019-07-29T00:55:00",
          "2019-07-29T01:00:00",
          "2019-07-29T01:05:00",
          "2019-07-29T01:10:00",
          "2019-07-29T01:15:00",
          "2019-07-29T01:20:00",
          "2019-07-29T01:25:00",
          "2019-07-29T01:30:00",
          "2019-07-29T01:35:00",
          "2019-07-29T01:40:00",
          "2019-07-29T01:45:00",
          "2019-07-29T01:50:00",
          "2019-07-29T01:55:00",
          "2019-07-29T02:00:00",
          "2019-07-29T02:05:00",
          "2019-07-29T02:10:00",
          "2019-07-29T02:15:00",
          "2019-07-29T02:20:00",
          "2019-07-29T02:25:00",
          "2019-07-29T02:30:00",
          "2019-07-29T02:35:00",
          "2019-07-29T02:40:00",
          "2019-07-29T02:45:00",
          "2019-07-29T02:50:00",
          "2019-07-29T02:55:00",
          "2019-07-29T03:00:00",
          "2019-07-29T03:05:00",
          "2019-07-29T03:10:00",
          "2019-07-29T03:15:00",
          "2019-07-29T03:20:00",
          "2019-07-29T03:25:00",
          "2019-07-29T03:30:00",
          "2019-07-29T03:35:00",
          "2019-07-29T03:40:00",
          "2019-07-29T03:45:00",
          "2019-07-29T03:50:00",
          "2019-07-29T03:55:00",
          "2019-07-29T04:00:00",
          "2019-07-29T04:05:00",
          "2019-07-29T04:10:00",
          "2019-07-29T04:15:00",
          "2019-07-29T04:20:00",
          "2019-07-29T04:25:00",
          "2019-07-29T04:30:00",
          "2019-07-29T04:35:00",
          "2019-07-29T04:40:00",
          "2019-07-29T04:45:00",
          "2019-07-29T04:50:00",
          "2019-07-29T04:55:00",
          "2019-07-29T05:00:00",
          "2019-07-29T05:05:00",
          "2019-07-29T05:10:00",
          "2019-07-29T05:15:00",
          "2019-07-29T05:20:00",
          "2019-07-29T05:25:00",
          "2019-07-29T05:30:00",
          "2019-07-29T05:35:00",
          "2019-07-29T05:40:00",
          "2019-07-29T05:45:00",
          "2019-07-29T05:50:00",
          "2019-07-29T05:55:00",
          "2019-07-29T06:00:00",
          "2019-07-29T06:05:00",
          "2019-07-29T06:10:00",
          "2019-07-29T06:15:00",
          "2019-07-29T06:20:00",
          "2019-07-29T06:25:00",
          "2019-07-29T06:30:00",
          "2019-07-29T06:35:00",
          "2019-07-29T06:40:00",
          "2019-07-29T06:45:00",
          "2019-07-29T06:50:00",
          "2019-07-29T06:55:00",
          "2019-07-29T07:00:00",
          "2019-07-29T07:05:00",
          "2019-07-29T07:10:00",
          "2019-07-29T07:15:00",
          "2019-07-29T07:20:00",
          "2019-07-29T07:25:00",
          "2019-07-29T07:30:00",
          "2019-07-29T07:35:00",
          "2019-07-29T07:40:00",
          "2019-07-29T07:45:00",
          "2019-07-29T07:50:00",
          "2019-07-29T07:55:00",
          "2019-07-29T08:00:00",
          "2019-07-29T08:05:00",
          "2019-07-29T08:10:00",
          "2019-07-29T08:15:00",
          "2019-07-29T08:20:00",
          "2019-07-29T08:25:00",
          "2019-07-29T08:30:00",
          "2019-07-29T08:35:00",
          "2019-07-29T08:40:00",
          "2019-07-29T08:45:00",
          "2019-07-29T08:50:00",
          "2019-07-29T08:55:00",
          "2019-07-29T09:00:00",
          "2019-07-29T09:05:00",
          "2019-07-29T09:10:00",
          "2019-07-29T09:15:00",
          "2019-07-29T09:20:00",
          "2019-07-29T09:25:00",
          "2019-07-29T09:30:00",
          "2019-07-29T09:35:00",
          "2019-07-29T09:40:00",
          "2019-07-29T09:45:00",
          "2019-07-29T09:50:00",
          "2019-07-29T09:55:00",
          "2019-07-29T10:00:00",
          "2019-07-29T10:05:00",
          "2019-07-29T10:10:00",
          "2019-07-29T10:15:00",
          "2019-07-29T10:20:00",
          "2019-07-29T10:25:00",
          "2019-07-29T10:30:00",
          "2019-07-29T10:35:00",
          "2019-07-29T10:40:00",
          "2019-07-29T10:45:00",
          "2019-07-29T10:50:00",
          "2019-07-29T10:55:00",
          "2019-07-29T11:00:00",
          "2019-07-29T11:05:00",
          "2019-07-29T11:10:00",
          "2019-07-29T11:15:00",
          "2019-07-29T11:20:00",
          "2019-07-29T11:25:00",
          "2019-07-29T11:30:00",
          "2019-07-29T11:35:00",
          "2019-07-29T11:40:00",
          "2019-07-29T11:45:00",
          "2019-07-29T11:50:00",
          "2019-07-29T11:55:00",
          "2019-07-29T12:00:00",
          "2019-07-29T12:05:00",
          "2019-07-29T12:10:00",
          "2019-07-29T12:15:00",
          "2019-07-29T12:20:00",
          "2019-07-29T12:25:00",
          "2019-07-29T12:30:00",
          "2019-07-29T12:35:00",
          "2019-07-29T12:40:00",
          "2019-07-29T12:45:00",
          "2019-07-29T12:50:00",
          "2019-07-29T12:55:00",
          "2019-07-29T13:00:00",
          "2019-07-29T13:05:00",
          "2019-07-29T13:10:00",
          "2019-07-29T13:15:00",
          "2019-07-29T13:20:00",
          "2019-07-29T13:25:00",
          "2019-07-29T13:30:00",
          "2019-07-29T13:35:00",
          "2019-07-29T13:40:00",
          "2019-07-29T13:45:00",
          "2019-07-29T13:50:00",
          "2019-07-29T13:55:00",
          "2019-07-29T14:00:00",
          "2019-07-29T14:05:00",
          "2019-07-29T14:10:00",
          "2019-07-29T14:15:00",
          "2019-07-29T14:20:00",
          "2019-07-29T14:25:00",
          "2019-07-29T14:30:00",
          "2019-07-29T14:35:00",
          "2019-07-29T14:40:00",
          "2019-07-29T14:45:00",
          "2019-07-29T14:50:00",
          "2019-07-29T14:55:00",
          "2019-07-29T15:00:00",
          "2019-07-29T15:05:00",
          "2019-07-29T15:10:00",
          "2019-07-29T15:15:00",
          "2019-07-29T15:20:00",
          "2019-07-29T15:25:00",
          "2019-07-29T15:30:00",
          "2019-07-29T15:35:00",
          "2019-07-29T15:40:00",
          "2019-07-29T15:45:00",
          "2019-07-29T15:50:00",
          "2019-07-29T15:55:00",
          "2019-07-29T16:00:00",
          "2019-07-29T16:05:00",
          "2019-07-29T16:10:00",
          "2019-07-29T16:15:00",
          "2019-07-29T16:20:00",
          "2019-07-29T16:25:00",
          "2019-07-29T16:30:00",
          "2019-07-29T16:35:00",
          "2019-07-29T16:40:00",
          "2019-07-29T16:45:00",
          "2019-07-29T16:50:00",
          "2019-07-29T16:55:00",
          "2019-07-29T17:00:00",
          "2019-07-29T17:05:00",
          "2019-07-29T17:10:00",
          "2019-07-29T17:15:00",
          "2019-07-29T17:20:00",
          "2019-07-29T17:25:00",
          "2019-07-29T17:30:00",
          "2019-07-29T17:35:00",
          "2019-07-29T17:40:00",
          "2019-07-29T17:45:00",
          "2019-07-29T17:50:00",
          "2019-07-29T17:55:00",
          "2019-07-29T18:00:00",
          "2019-07-29T18:05:00",
          "2019-07-29T18:10:00",
          "2019-07-29T18:15:00",
          "2019-07-29T18:20:00",
          "2019-07-29T18:25:00",
          "2019-07-29T18:30:00",
          "2019-07-29T18:35:00",
          "2019-07-29T18:40:00",
          "2019-07-29T18:45:00",
          "2019-07-29T18:50:00",
          "2019-07-29T18:55:00",
          "2019-07-29T19:00:00",
          "2019-07-29T19:05:00",
          "2019-07-29T19:10:00",
          "2019-07-29T19:15:00",
          "2019-07-29T19:20:00",
          "2019-07-29T19:25:00",
          "2019-07-29T19:30:00",
          "2019-07-29T19:35:00",
          "2019-07-29T19:40:00",
          "2019-07-29T19:45:00",
          "2019-07-29T19:50:00",
          "2019-07-29T19:55:00",
          "2019-07-29T20:00:00",
          "2019-07-29T20:05:00",
          "2019-07-29T20:10:00",
          "2019-07-29T20:15:00",
          "2019-07-29T20:20:00",
          "2019-07-29T20:25:00",
          "2019-07-29T20:30:00",
          "2019-07-29T20:35:00",
          "2019-07-29T20:40:00",
          "2019-07-29T20:45:00",
          "2019-07-29T20:50:00",
          "2019-07-29T20:55:00",
          "2019-07-29T21:00:00",
          "2019-07-29T21:05:00",
          "2019-07-29T21:10:00",
          "2019-07-29T21:15:00",
          "2019-07-29T21:20:00",
          "2019-07-29T21:25:00",
          "2019-07-29T21:30:00",
          "2019-07-29T21:35:00",
          "2019-07-29T21:40:00",
          "2019-07-29T21:45:00",
          "2019-07-29T21:50:00",
          "2019-07-29T21:55:00",
          "2019-07-29T22:00:00",
          "2019-07-29T22:05:00",
          "2019-07-29T22:10:00",
          "2019-07-29T22:15:00",
          "2019-07-29T22:20:00",
          "2019-07-29T22:25:00",
          "2019-07-29T22:30:00",
          "2019-07-29T22:35:00",
          "2019-07-29T22:40:00",
          "2019-07-29T22:45:00",
          "2019-07-29T22:50:00",
          "2019-07-29T22:55:00",
          "2019-07-29T23:00:00",
          "2019-07-29T23:05:00",
          "2019-07-29T23:10:00",
          "2019-07-29T23:15:00",
          "2019-07-29T23:20:00",
          "2019-07-29T23:25:00",
          "2019-07-29T23:30:00",
          "2019-07-29T23:35:00",
          "2019-07-29T23:40:00",
          "2019-07-29T23:45:00",
          "2019-07-29T23:50:00",
          "2019-07-29T23:55:00",
          "2019-07-30T00:00:00",
          "2019-07-30T00:05:00",
          "2019-07-30T00:10:00",
          "2019-07-30T00:15:00",
          "2019-07-30T00:20:00",
          "2019-07-30T00:25:00",
          "2019-07-30T00:30:00",
          "2019-07-30T00:35:00",
          "2019-07-30T00:40:00",
          "2019-07-30T00:45:00",
          "2019-07-30T00:50:00",
          "2019-07-30T00:55:00",
          "2019-07-30T01:00:00",
          "2019-07-30T01:05:00",
          "2019-07-30T01:10:00",
          "2019-07-30T01:15:00",
          "2019-07-30T01:20:00",
          "2019-07-30T01:25:00",
          "2019-07-30T01:30:00",
          "2019-07-30T01:35:00",
          "2019-07-30T01:40:00",
          "2019-07-30T01:45:00",
          "2019-07-30T01:50:00",
          "2019-07-30T01:55:00",
          "2019-07-30T02:00:00",
          "2019-07-30T02:05:00",
          "2019-07-30T02:10:00",
          "2019-07-30T02:15:00",
          "2019-07-30T02:20:00",
          "2019-07-30T02:25:00",
          "2019-07-30T02:30:00",
          "2019-07-30T02:35:00",
          "2019-07-30T02:40:00",
          "2019-07-30T02:45:00",
          "2019-07-30T02:50:00",
          "2019-07-30T02:55:00",
          "2019-07-30T03:00:00",
          "2019-07-30T03:05:00",
          "2019-07-30T03:10:00",
          "2019-07-30T03:15:00",
          "2019-07-30T03:20:00",
          "2019-07-30T03:25:00",
          "2019-07-30T03:30:00",
          "2019-07-30T03:35:00",
          "2019-07-30T03:40:00",
          "2019-07-30T03:45:00",
          "2019-07-30T03:50:00",
          "2019-07-30T03:55:00",
          "2019-07-30T04:00:00",
          "2019-07-30T04:05:00",
          "2019-07-30T04:10:00",
          "2019-07-30T04:15:00",
          "2019-07-30T04:20:00",
          "2019-07-30T04:25:00",
          "2019-07-30T04:30:00",
          "2019-07-30T04:35:00",
          "2019-07-30T04:40:00",
          "2019-07-30T04:45:00",
          "2019-07-30T04:50:00",
          "2019-07-30T04:55:00",
          "2019-07-30T05:00:00",
          "2019-07-30T05:05:00",
          "2019-07-30T05:10:00",
          "2019-07-30T05:15:00",
          "2019-07-30T05:20:00",
          "2019-07-30T05:25:00",
          "2019-07-30T05:30:00",
          "2019-07-30T05:35:00",
          "2019-07-30T05:40:00",
          "2019-07-30T05:45:00",
          "2019-07-30T05:50:00",
          "2019-07-30T05:55:00",
          "2019-07-30T06:00:00",
          "2019-07-30T06:05:00",
          "2019-07-30T06:10:00",
          "2019-07-30T06:15:00",
          "2019-07-30T06:20:00",
          "2019-07-30T06:25:00",
          "2019-07-30T06:30:00",
          "2019-07-30T06:35:00",
          "2019-07-30T06:40:00",
          "2019-07-30T06:45:00",
          "2019-07-30T06:50:00",
          "2019-07-30T06:55:00",
          "2019-07-30T07:00:00",
          "2019-07-30T07:05:00",
          "2019-07-30T07:10:00",
          "2019-07-30T07:15:00",
          "2019-07-30T07:20:00",
          "2019-07-30T07:25:00",
          "2019-07-30T07:30:00",
          "2019-07-30T07:35:00",
          "2019-07-30T07:40:00",
          "2019-07-30T07:45:00",
          "2019-07-30T07:50:00",
          "2019-07-30T07:55:00",
          "2019-07-30T08:00:00",
          "2019-07-30T08:05:00",
          "2019-07-30T08:10:00",
          "2019-07-30T08:15:00",
          "2019-07-30T08:20:00",
          "2019-07-30T08:25:00",
          "2019-07-30T08:30:00",
          "2019-07-30T08:35:00",
          "2019-07-30T08:40:00",
          "2019-07-30T08:45:00",
          "2019-07-30T08:50:00",
          "2019-07-30T08:55:00",
          "2019-07-30T09:00:00",
          "2019-07-30T09:05:00",
          "2019-07-30T09:10:00",
          "2019-07-30T09:15:00",
          "2019-07-30T09:20:00",
          "2019-07-30T09:25:00",
          "2019-07-30T09:30:00",
          "2019-07-30T09:35:00",
          "2019-07-30T09:40:00",
          "2019-07-30T09:45:00",
          "2019-07-30T09:50:00",
          "2019-07-30T09:55:00",
          "2019-07-30T10:00:00",
          "2019-07-30T10:05:00",
          "2019-07-30T10:10:00",
          "2019-07-30T10:15:00",
          "2019-07-30T10:20:00",
          "2019-07-30T10:25:00",
          "2019-07-30T10:30:00",
          "2019-07-30T10:35:00",
          "2019-07-30T10:40:00",
          "2019-07-30T10:45:00",
          "2019-07-30T10:50:00",
          "2019-07-30T10:55:00",
          "2019-07-30T11:00:00",
          "2019-07-30T11:05:00",
          "2019-07-30T11:10:00",
          "2019-07-30T11:15:00",
          "2019-07-30T11:20:00",
          "2019-07-30T11:25:00",
          "2019-07-30T11:30:00",
          "2019-07-30T11:35:00",
          "2019-07-30T11:40:00",
          "2019-07-30T11:45:00",
          "2019-07-30T11:50:00",
          "2019-07-30T11:55:00",
          "2019-07-30T12:00:00",
          "2019-07-30T12:05:00",
          "2019-07-30T12:10:00",
          "2019-07-30T12:15:00",
          "2019-07-30T12:20:00",
          "2019-07-30T12:25:00",
          "2019-07-30T12:30:00",
          "2019-07-30T12:35:00",
          "2019-07-30T12:40:00",
          "2019-07-30T12:45:00",
          "2019-07-30T12:50:00",
          "2019-07-30T12:55:00",
          "2019-07-30T13:00:00",
          "2019-07-30T13:05:00",
          "2019-07-30T13:10:00",
          "2019-07-30T13:15:00",
          "2019-07-30T13:20:00",
          "2019-07-30T13:25:00",
          "2019-07-30T13:30:00",
          "2019-07-30T13:35:00",
          "2019-07-30T13:40:00",
          "2019-07-30T13:45:00",
          "2019-07-30T13:50:00",
          "2019-07-30T13:55:00",
          "2019-07-30T14:00:00",
          "2019-07-30T14:05:00",
          "2019-07-30T14:10:00",
          "2019-07-30T14:15:00",
          "2019-07-30T14:20:00",
          "2019-07-30T14:25:00",
          "2019-07-30T14:30:00",
          "2019-07-30T14:35:00",
          "2019-07-30T14:40:00",
          "2019-07-30T14:45:00",
          "2019-07-30T14:50:00",
          "2019-07-30T14:55:00",
          "2019-07-30T15:00:00",
          "2019-07-30T15:05:00",
          "2019-07-30T15:10:00",
          "2019-07-30T15:15:00",
          "2019-07-30T15:20:00",
          "2019-07-30T15:25:00",
          "2019-07-30T15:30:00",
          "2019-07-30T15:35:00",
          "2019-07-30T15:40:00",
          "2019-07-30T15:45:00",
          "2019-07-30T15:50:00",
          "2019-07-30T15:55:00",
          "2019-07-30T16:00:00",
          "2019-07-30T16:05:00",
          "2019-07-30T16:10:00",
          "2019-07-30T16:15:00",
          "2019-07-30T16:20:00",
          "2019-07-30T16:25:00",
          "2019-07-30T16:30:00",
          "2019-07-30T16:35:00",
          "2019-07-30T16:40:00",
          "2019-07-30T16:45:00",
          "2019-07-30T16:50:00",
          "2019-07-30T16:55:00",
          "2019-07-30T17:00:00",
          "2019-07-30T17:05:00",
          "2019-07-30T17:10:00",
          "2019-07-30T17:15:00",
          "2019-07-30T17:20:00",
          "2019-07-30T17:25:00",
          "2019-07-30T17:30:00",
          "2019-07-30T17:35:00",
          "2019-07-30T17:40:00",
          "2019-07-30T17:45:00",
          "2019-07-30T17:50:00",
          "2019-07-30T17:55:00",
          "2019-07-30T18:00:00",
          "2019-07-30T18:05:00",
          "2019-07-30T18:10:00",
          "2019-07-30T18:15:00",
          "2019-07-30T18:20:00",
          "2019-07-30T18:25:00",
          "2019-07-30T18:30:00",
          "2019-07-30T18:35:00",
          "2019-07-30T18:40:00",
          "2019-07-30T18:45:00",
          "2019-07-30T18:50:00",
          "2019-07-30T18:55:00",
          "2019-07-30T19:00:00",
          "2019-07-30T19:05:00",
          "2019-07-30T19:10:00",
          "2019-07-30T19:15:00",
          "2019-07-30T19:20:00",
          "2019-07-30T19:25:00",
          "2019-07-30T19:30:00",
          "2019-07-30T19:35:00",
          "2019-07-30T19:40:00",
          "2019-07-30T19:45:00",
          "2019-07-30T19:50:00",
          "2019-07-30T19:55:00",
          "2019-07-30T20:00:00",
          "2019-07-30T20:05:00",
          "2019-07-30T20:10:00",
          "2019-07-30T20:15:00",
          "2019-07-30T20:20:00",
          "2019-07-30T20:25:00",
          "2019-07-30T20:30:00",
          "2019-07-30T20:35:00",
          "2019-07-30T20:40:00",
          "2019-07-30T20:45:00",
          "2019-07-30T20:50:00",
          "2019-07-30T20:55:00",
          "2019-07-30T21:00:00",
          "2019-07-30T21:05:00",
          "2019-07-30T21:10:00",
          "2019-07-30T21:15:00",
          "2019-07-30T21:20:00",
          "2019-07-30T21:25:00",
          "2019-07-30T21:30:00",
          "2019-07-30T21:35:00",
          "2019-07-30T21:40:00",
          "2019-07-30T21:45:00",
          "2019-07-30T21:50:00",
          "2019-07-30T21:55:00",
          "2019-07-30T22:00:00",
          "2019-07-30T22:05:00",
          "2019-07-30T22:10:00",
          "2019-07-30T22:15:00",
          "2019-07-30T22:20:00",
          "2019-07-30T22:25:00",
          "2019-07-30T22:30:00",
          "2019-07-30T22:35:00",
          "2019-07-30T22:40:00",
          "2019-07-30T22:45:00",
          "2019-07-30T22:50:00",
          "2019-07-30T22:55:00",
          "2019-07-30T23:00:00",
          "2019-07-30T23:05:00",
          "2019-07-30T23:10:00",
          "2019-07-30T23:15:00",
          "2019-07-30T23:20:00",
          "2019-07-30T23:25:00",
          "2019-07-30T23:30:00",
          "2019-07-30T23:35:00",
          "2019-07-30T23:40:00",
          "2019-07-30T23:45:00",
          "2019-07-30T23:50:00"
        ]
      }
    }
  ]
}